siteid,lat,long,elev,year,trt,sampleinterval.plt,quadrat#,dayofyear.plt,totshtbiom,live.percent,dead.percent,gram.percent,forb.percent,shrub.percent,dayofyear.np,lfnppm,lfpppm,soilcppm,soilnppm
becca,44.908,-110.2629,1912.6,2012,gr,1,1,124,67.074,98.81,1.19,58.33333333,41.66666667,0,,,,53000,5000
becca,44.908,-110.2629,1912.6,2012,gr,1,2,124,54.914,98.53,1.47,72.05882353,27.94117647,0,,,,53000,5000
becca,44.908,-110.2629,1912.6,2012,gr,1,3,124,44.274,87.04,12.96,83.33333333,16.66666667,0,,,,53000,5000
becca,44.908,-110.2629,1912.6,2012,gr,1,4,124,26.034,93.33,6.67,63.33333333,36.66666667,0,,,,53000,5000
becca,44.908,-110.2629,1912.6,2012,gr,1,5,124,54.914,100,0,73.52941176,26.47058824,0,,,,53000,5000
becca,44.908,-110.2629,1912.6,2012,gr,1,6,124,57.954,100,0,55.55555556,44.44444444,0,,,,53000,5000
becca,44.908,-110.2629,1912.6,2012,gr,1,7,124,44.274,98.15,1.85,83.33333333,16.66666667,0,,,,53000,5000
becca,44.908,-110.2629,1912.6,2012,gr,1,8,124,50.354,95.16,4.84,79.03225806,20.96774194,0,,,,53000,5000
becca,44.908,-110.2629,1912.6,2012,gr,1,9,124,52.634,84.62,15.38,80,20,0,,,,53000,5000
becca,44.908,-110.2629,1912.6,2012,gr,1,10,124,60.994,90.79,9.21,81.57894737,18.42105263,0,,,,53000,5000
becca,44.908,-110.2629,1912.6,2012,gr,1,11,124,102.794,87.02,12.98,69.46564885,30.53435115,0,,,,53000,5000
becca,44.908,-110.2629,1912.6,2012,gr,1,12,124,92.914,96.61,3.39,77.96610169,22.03389831,0,,,,53000,5000
becca,44.908,-110.2629,1912.6,2012,gr,2,1,155,64.034,93.75,6.25,71.25,28.75,0,,,,53000,5000
becca,44.908,-110.2629,1912.6,2012,gr,2,2,155,50.354,96.77,3.23,50,50,0,,,,53000,5000
becca,44.908,-110.2629,1912.6,2012,gr,2,3,155,35.154,95.24,4.76,52.38095238,47.61904762,0,,,,53000,5000
becca,44.908,-110.2629,1912.6,2012,gr,2,4,155,52.634,93.85,6.15,67.69230769,32.30769231,0,,,,53000,5000
becca,44.908,-110.2629,1912.6,2012,gr,2,5,155,48.834,96.67,3.33,68.33333333,31.66666667,0,,,,53000,5000
becca,44.908,-110.2629,1912.6,2012,gr,2,6,155,56.434,95.71,4.29,77.14285714,22.85714286,0,,,,53000,5000
becca,44.908,-110.2629,1912.6,2012,gr,2,7,155,65.554,96.34,3.66,79.26829268,20.73170732,0,,,,53000,5000
becca,44.908,-110.2629,1912.6,2012,gr,2,8,155,76.954,100,0,76.28865979,23.71134021,0,,,,53000,5000
becca,44.908,-110.2629,1912.6,2012,gr,2,9,155,54.914,100,0,82.35294118,17.64705882,0,,,,53000,5000
becca,44.908,-110.2629,1912.6,2012,gr,2,10,155,56.434,92.86,7.14,71.42857143,28.57142857,0,,,,53000,5000
becca,44.908,-110.2629,1912.6,2012,gr,2,11,155,57.954,97.22,2.78,76.38888889,23.61111111,0,,,,53000,5000
becca,44.908,-110.2629,1912.6,2012,gr,2,12,155,89.874,100,0,52.63157895,47.36842105,0,,,,53000,5000
becca,44.908,-110.2629,1912.6,2012,gr,3,1,184,49.594,86.89,13.11,63.93442623,36.06557377,0,177,18014,,53000,5000
becca,44.908,-110.2629,1912.6,2012,gr,3,2,184,47.314,77.59,22.41,65.51724138,34.48275862,0,177,18014,,53000,5000
becca,44.908,-110.2629,1912.6,2012,gr,3,3,184,58.714,72.6,27.4,63.01369863,36.98630137,0,177,18014,,53000,5000
becca,44.908,-110.2629,1912.6,2012,gr,3,4,184,57.954,81.94,18.06,76.38888889,23.61111111,0,177,18014,,53000,5000
becca,44.908,-110.2629,1912.6,2012,gr,3,5,184,53.394,75.76,24.24,68.18181818,31.81818182,0,177,18014,,53000,5000
becca,44.908,-110.2629,1912.6,2012,gr,3,6,184,71.634,78.89,21.11,62.22222222,37.77777778,0,177,18014,,53000,5000
becca,44.908,-110.2629,1912.6,2012,gr,3,7,184,60.994,75,25,94.73684211,5.263157895,0,177,18014,,53000,5000
becca,44.908,-110.2629,1912.6,2012,gr,3,8,184,59.474,81.08,18.92,78.37837838,21.62162162,0,177,18014,,53000,5000
becca,44.908,-110.2629,1912.6,2012,gr,3,9,184,67.074,79.76,20.24,82.14285714,17.85714286,0,177,18014,,53000,5000
becca,44.908,-110.2629,1912.6,2012,gr,3,10,184,61.754,74.03,25.97,67.53246753,32.46753247,0,177,18014,,53000,5000
becca,44.908,-110.2629,1912.6,2012,gr,3,11,184,41.234,36,64,58,42,0,177,18014,,53000,5000
becca,44.908,-110.2629,1912.6,2012,gr,3,12,184,68.594,66.28,33.72,81.39534884,18.60465116,0,177,18014,,53000,5000
becca,44.908,-110.2629,1912.6,2012,gr,4,1,211,46.554,89.47,10.53,45.61403509,54.38596491,0,211,15985,,53000,5000
becca,44.908,-110.2629,1912.6,2012,gr,4,2,211,69.354,70.11,29.89,85.05747126,14.94252874,0,211,15985,,53000,5000
becca,44.908,-110.2629,1912.6,2012,gr,4,3,211,57.194,78.87,21.13,66.1971831,33.8028169,0,211,15985,,53000,5000
becca,44.908,-110.2629,1912.6,2012,gr,4,4,211,57.194,85.92,14.08,84.50704225,15.49295775,0,211,15985,,53000,5000
becca,44.908,-110.2629,1912.6,2012,gr,4,5,211,59.474,72.97,27.03,68.91891892,31.08108108,0,211,15985,,53000,5000
becca,44.908,-110.2629,1912.6,2012,gr,4,6,211,80.754,76.47,23.53,87.25490196,12.74509804,0,211,15985,,53000,5000
becca,44.908,-110.2629,1912.6,2012,gr,4,7,211,69.354,49.43,50.57,90.8045977,9.195402299,0,211,15985,,53000,5000
becca,44.908,-110.2629,1912.6,2012,gr,4,8,211,57.194,60.56,39.44,84.50704225,15.49295775,0,211,15985,,53000,5000
becca,44.908,-110.2629,1912.6,2012,gr,4,9,211,76.194,56.25,43.75,82.29166667,17.70833333,0,211,15985,,53000,5000
becca,44.908,-110.2629,1912.6,2012,gr,4,10,211,67.834,67.06,32.94,65.88235294,34.11764706,0,211,15985,,53000,5000
becca,44.908,-110.2629,1912.6,2012,gr,4,11,211,75.434,58.95,41.05,89.47368421,10.52631579,0,211,15985,,53000,5000
becca,44.908,-110.2629,1912.6,2012,gr,4,12,211,69.354,78.16,21.84,77.01149425,22.98850575,0,211,15985,,53000,5000
becca,44.908,-110.2629,1912.6,2012,gr,5,1,240,55.674,63.77,36.23,84.05797101,15.94202899,0,241,14837,,53000,5000
becca,44.908,-110.2629,1912.6,2012,gr,5,2,240,45.034,65.45,34.55,74.54545455,25.45454545,0,241,14837,,53000,5000
becca,44.908,-110.2629,1912.6,2012,gr,5,3,240,69.354,83.91,16.09,63.2183908,36.7816092,0,241,14837,,53000,5000
becca,44.908,-110.2629,1912.6,2012,gr,5,4,240,87.594,63.96,36.04,84.68468468,15.31531532,0,241,14837,,53000,5000
becca,44.908,-110.2629,1912.6,2012,gr,5,5,240,73.914,22.58,77.42,89.24731183,10.75268817,0,241,14837,,53000,5000
becca,44.908,-110.2629,1912.6,2012,gr,5,6,240,60.234,56,44,74.32432432,25.67567568,0,241,14837,,53000,5000
becca,44.908,-110.2629,1912.6,2012,gr,5,7,240,48.834,65,35,85,15,0,241,14837,,53000,5000
becca,44.908,-110.2629,1912.6,2012,gr,5,8,240,85.314,65.74,34.26,77.77777778,22.22222222,0,241,14837,,53000,5000
becca,44.908,-110.2629,1912.6,2012,gr,5,9,240,54.914,61.76,38.24,64.70588235,35.29411765,0,241,14837,,53000,5000
becca,44.908,-110.2629,1912.6,2012,gr,5,10,240,57.954,55.56,44.44,65.27777778,34.72222222,0,241,14837,,53000,5000
becca,44.908,-110.2629,1912.6,2012,gr,5,11,240,70.114,25,75,80.68181818,19.31818182,0,241,14837,,53000,5000
becca,44.908,-110.2629,1912.6,2012,gr,5,12,240,109.634,23.57,76.43,97.14285714,2.857142857,0,241,14837,,53000,5000
becca,44.908,-110.2629,1912.6,2012,gr,6,1,268,51.874,35.94,64.06,76.5625,23.4375,0,269,13358,,53000,5000
becca,44.908,-110.2629,1912.6,2012,gr,6,2,268,46.554,47.37,52.63,56.14035088,43.85964912,0,269,13358,,53000,5000
becca,44.908,-110.2629,1912.6,2012,gr,6,3,268,65.554,21.95,78.05,85.36585366,14.63414634,0,269,13358,,53000,5000
becca,44.908,-110.2629,1912.6,2012,gr,6,4,268,102.034,33.85,66.15,83.84615385,16.15384615,0,269,13358,,53000,5000
becca,44.908,-110.2629,1912.6,2012,gr,6,5,268,54.914,52.94,47.06,82.35294118,17.64705882,0,269,13358,,53000,5000
becca,44.908,-110.2629,1912.6,2012,gr,6,6,268,66.314,28.92,71.08,89.15662651,10.84337349,0,269,13358,,53000,5000
becca,44.908,-110.2629,1912.6,2012,gr,6,7,268,88.354,22.32,77.68,84.42622951,15.57377049,0,269,13358,,53000,5000
becca,44.908,-110.2629,1912.6,2012,gr,6,8,268,84.554,29.91,70.09,97.19626168,2.803738318,0,269,13358,,53000,5000
becca,44.908,-110.2629,1912.6,2012,gr,6,9,268,57.954,52.78,47.22,77.77777778,22.22222222,0,269,13358,,53000,5000
becca,44.908,-110.2629,1912.6,2012,gr,6,10,268,55.674,50.72,49.28,79.71014493,20.28985507,0,269,13358,,53000,5000
becca,44.908,-110.2629,1912.6,2012,gr,6,11,268,64.034,47.5,52.5,90,10,0,269,13358,,53000,5000
becca,44.908,-110.2629,1912.6,2012,gr,6,12,268,69.354,29.89,70.11,93.10344828,6.896551724,0,269,13358,,53000,5000
becca,44.908,-110.2629,1912.6,2013,gr,1,1,148,57.954,97.22,2.78,79.16666667,20.83333333,0,150,31459,3257,53000,5000
becca,44.908,-110.2629,1912.6,2013,gr,1,2,148,42.754,94.23,5.77,76.92307692,23.07692308,0,150,31459,3257,53000,5000
becca,44.908,-110.2629,1912.6,2013,gr,1,3,148,75.434,100,0,60,40,0,150,31459,3257,53000,5000
becca,44.908,-110.2629,1912.6,2013,gr,1,4,148,64.794,98.77,1.23,81.48148148,18.51851852,0,150,31459,3257,53000,5000
becca,44.908,-110.2629,1912.6,2013,gr,1,5,148,57.954,95.83,4.17,58.33333333,41.66666667,0,150,31459,3257,53000,5000
becca,44.908,-110.2629,1912.6,2013,gr,1,6,148,53.394,98.48,1.52,66.66666667,33.33333333,0,150,31459,3257,53000,5000
becca,44.908,-110.2629,1912.6,2013,gr,1,7,148,60.994,100,0,60.52631579,39.47368421,0,150,31459,3257,53000,5000
becca,44.908,-110.2629,1912.6,2013,gr,1,8,148,60.994,100,0,65.78947368,34.21052632,0,150,31459,3257,53000,5000
becca,44.908,-110.2629,1912.6,2013,gr,1,9,148,70.114,97.73,2.27,50,50,0,150,31459,3257,53000,5000
becca,44.908,-110.2629,1912.6,2013,gr,1,10,148,69.354,100,0,50.57471264,49.42528736,0,150,31459,3257,53000,5000
becca,44.908,-110.2629,1912.6,2013,gr,1,11,148,45.794,100,0,69.64285714,30.35714286,0,150,31459,3257,53000,5000
becca,44.908,-110.2629,1912.6,2013,gr,1,12,148,64.034,98.75,1.25,82.5,17.5,0,150,31459,3257,53000,5000
becca,44.908,-110.2629,1912.6,2013,gr,2,1,168,54.914,98.53,1.47,91.17647059,8.823529412,0,168,26405,3271,53000,5000
becca,44.908,-110.2629,1912.6,2013,gr,2,2,168,27.554,87.5,12.5,96.875,3.125,0,168,26405,3271,53000,5000
becca,44.908,-110.2629,1912.6,2013,gr,2,3,168,69.354,98.85,1.15,67.81609195,32.18390805,0,168,26405,3271,53000,5000
becca,44.908,-110.2629,1912.6,2013,gr,2,4,168,83.034,100,0,62.85714286,37.14285714,0,168,26405,3271,53000,5000
becca,44.908,-110.2629,1912.6,2013,gr,2,5,168,64.794,98.77,1.23,58.02469136,41.97530864,0,168,26405,3271,53000,5000
becca,44.908,-110.2629,1912.6,2013,gr,2,6,168,64.794,98.77,1.23,53.08641975,46.91358025,0,168,26405,3271,53000,5000
becca,44.908,-110.2629,1912.6,2013,gr,2,7,168,83.794,100,0,74.52830189,25.47169811,0,168,26405,3271,53000,5000
becca,44.908,-110.2629,1912.6,2013,gr,2,8,168,66.314,100,0,80.72289157,19.27710843,0,168,26405,3271,53000,5000
becca,44.908,-110.2629,1912.6,2013,gr,2,9,168,52.634,96.92,3.08,76.92307692,23.07692308,0,168,26405,3271,53000,5000
becca,44.908,-110.2629,1912.6,2013,gr,2,10,168,69.354,98.85,1.15,70.11494253,29.88505747,0,168,26405,3271,53000,5000
becca,44.908,-110.2629,1912.6,2013,gr,2,11,168,71.634,97.78,2.22,64.44444444,35.55555556,0,168,26405,3271,53000,5000
becca,44.908,-110.2629,1912.6,2013,gr,2,12,168,85.314,98.15,1.85,62.96296296,37.03703704,0,168,26405,3271,53000,5000
becca,44.908,-110.2629,1912.6,2013,gr,3,1,196,69.354,96.55,3.45,61.79775281,38.20224719,0,196,25277,2459,53000,5000
becca,44.908,-110.2629,1912.6,2013,gr,3,2,196,52.634,96.92,3.08,69.23076923,30.76923077,0,196,25277,2459,53000,5000
becca,44.908,-110.2629,1912.6,2013,gr,3,3,196,48.074,94.92,5.08,44.06779661,55.93220339,0,196,25277,2459,53000,5000
becca,44.908,-110.2629,1912.6,2013,gr,3,4,196,38.194,89.13,10.87,65.2173913,34.7826087,0,196,25277,2459,53000,5000
becca,44.908,-110.2629,1912.6,2013,gr,3,5,196,60.234,89.33,10.67,65.33333333,34.66666667,0,196,25277,2459,53000,5000
becca,44.908,-110.2629,1912.6,2013,gr,3,6,196,46.554,96.49,3.51,56.14035088,43.85964912,0,196,25277,2459,53000,5000
becca,44.908,-110.2629,1912.6,2013,gr,3,7,196,57.194,94.37,5.63,61.97183099,38.02816901,0,196,25277,2459,53000,5000
becca,44.908,-110.2629,1912.6,2013,gr,3,8,196,52.634,87.69,12.31,55.38461538,44.61538462,0,196,25277,2459,53000,5000
becca,44.908,-110.2629,1912.6,2013,gr,3,9,196,66.314,89.16,10.84,79.72972973,20.27027027,0,196,25277,2459,53000,5000
becca,44.908,-110.2629,1912.6,2013,gr,3,10,196,81.514,95.15,4.85,80.6122449,19.3877551,0,196,25277,2459,53000,5000
becca,44.908,-110.2629,1912.6,2013,gr,3,11,196,52.634,90.77,9.23,67.79661017,32.20338983,0,196,25277,2459,53000,5000
becca,44.908,-110.2629,1912.6,2013,gr,3,12,196,62.514,84.62,15.38,78.78787879,21.21212121,0,196,25277,2459,53000,5000
becca,44.908,-110.2629,1912.6,2013,gr,4,1,225,31.354,70.27,29.73,67.56756757,32.43243243,0,225,17832,2347,53000,5000
becca,44.908,-110.2629,1912.6,2013,gr,4,2,225,40.474,59.18,40.82,79.59183673,20.40816327,0,225,17832,2347,53000,5000
becca,44.908,-110.2629,1912.6,2013,gr,4,3,225,38.954,57.45,42.55,87.23404255,12.76595745,0,225,17832,2347,53000,5000
becca,44.908,-110.2629,1912.6,2013,gr,4,4,225,41.234,82,18,70,30,0,225,17832,2347,53000,5000
becca,44.908,-110.2629,1912.6,2013,gr,4,5,225,36.674,86.36,13.64,50,50,0,225,17832,2347,53000,5000
becca,44.908,-110.2629,1912.6,2013,gr,4,6,225,34.394,90.24,9.76,60.97560976,39.02439024,0,225,17832,2347,53000,5000
becca,44.908,-110.2629,1912.6,2013,gr,4,7,225,23.754,62.96,37.04,29.62962963,70.37037037,0,225,17832,2347,53000,5000
becca,44.908,-110.2629,1912.6,2013,gr,4,8,225,38.954,82.98,17.02,78.72340426,21.27659574,0,225,17832,2347,53000,5000
becca,44.908,-110.2629,1912.6,2013,gr,4,9,225,53.394,87.88,12.12,62.12121212,37.87878788,0,225,17832,2347,53000,5000
becca,44.908,-110.2629,1912.6,2013,gr,4,10,225,46.554,91.23,8.77,68.42105263,31.57894737,0,225,17832,2347,53000,5000
becca,44.908,-110.2629,1912.6,2013,gr,4,11,225,36.674,70.45,29.55,77.27272727,22.72727273,0,225,17832,2347,53000,5000
becca,44.908,-110.2629,1912.6,2013,gr,4,12,225,29.074,73.53,26.47,88.23529412,11.76470588,0,225,17832,2347,53000,5000
becca,44.908,-110.2629,1912.6,2013,gr,5,1,252,26.794,41.94,58.06,83.87096774,16.12903226,0,251,26101,3063,53000,5000
becca,44.908,-110.2629,1912.6,2013,gr,5,2,252,46.554,59.65,40.35,77.19298246,22.80701754,0,251,26101,3063,53000,5000
becca,44.908,-110.2629,1912.6,2013,gr,5,3,252,48.074,86.44,13.56,45.76271186,54.23728814,0,251,26101,3063,53000,5000
becca,44.908,-110.2629,1912.6,2013,gr,5,4,252,40.474,79.59,20.41,69.3877551,30.6122449,0,251,26101,3063,53000,5000
becca,44.908,-110.2629,1912.6,2013,gr,5,5,252,45.794,91.07,8.93,50,50,0,251,26101,3063,53000,5000
becca,44.908,-110.2629,1912.6,2013,gr,5,6,252,37.434,77.78,22.22,40,60,0,251,26101,3063,53000,5000
becca,44.908,-110.2629,1912.6,2013,gr,5,7,252,41.994,76.47,23.53,80.39215686,19.60784314,0,251,26101,3063,53000,5000
becca,44.908,-110.2629,1912.6,2013,gr,5,8,252,34.394,80.49,19.51,75.6097561,24.3902439,0,251,26101,3063,53000,5000
becca,44.908,-110.2629,1912.6,2013,gr,5,9,252,38.194,89.13,10.87,65.2173913,34.7826087,0,251,26101,3063,53000,5000
becca,44.908,-110.2629,1912.6,2013,gr,5,10,252,49.594,60.66,39.34,85.24590164,14.75409836,0,251,26101,3063,53000,5000
becca,44.908,-110.2629,1912.6,2013,gr,5,11,252,47.314,79.31,20.69,79.31034483,20.68965517,0,251,26101,3063,53000,5000
becca,44.908,-110.2629,1912.6,2013,gr,5,12,252,48.074,79.66,20.34,81.3559322,18.6440678,0,251,26101,3063,53000,5000
becca,44.908,-110.2629,1912.6,2013,gr,6,1,275,28.314,54.55,45.45,84.84848485,15.15151515,0,275,25419,2640,53000,5000
becca,44.908,-110.2629,1912.6,2013,gr,6,2,275,34.394,56.1,43.9,92.68292683,7.317073171,0,275,25419,2640,53000,5000
becca,44.908,-110.2629,1912.6,2013,gr,6,3,275,32.874,94.87,5.13,30.76923077,69.23076923,0,275,25419,2640,53000,5000
becca,44.908,-110.2629,1912.6,2013,gr,6,4,275,46.554,91.23,8.77,47.36842105,52.63157895,0,275,25419,2640,53000,5000
becca,44.908,-110.2629,1912.6,2013,gr,6,5,275,57.194,66.2,33.8,71.83098592,28.16901408,0,275,25419,2640,53000,5000
becca,44.908,-110.2629,1912.6,2013,gr,6,6,275,47.314,72.41,27.59,87.93103448,12.06896552,0,275,25419,2640,53000,5000
becca,44.908,-110.2629,1912.6,2013,gr,6,7,275,45.794,57.14,42.86,91.07142857,8.928571429,0,275,25419,2640,53000,5000
becca,44.908,-110.2629,1912.6,2013,gr,6,8,275,72.394,59.34,40.66,97.8021978,2.197802198,0,275,25419,2640,53000,5000
becca,44.908,-110.2629,1912.6,2013,gr,6,9,275,58.714,60.27,39.73,86.30136986,13.69863014,0,275,25419,2640,53000,5000
becca,44.908,-110.2629,1912.6,2013,gr,6,10,275,62.514,65.38,34.62,92.30769231,7.692307692,0,275,25419,2640,53000,5000
becca,44.908,-110.2629,1912.6,2013,gr,6,11,275,17.674,63.16,36.84,68.42105263,31.57894737,0,275,25419,2640,53000,5000
becca,44.908,-110.2629,1912.6,2013,gr,6,12,275,45.034,60,40,81.81818182,18.18181818,0,275,25419,2640,53000,5000
becca,44.908,-110.2629,1912.6,2014,gr,1,1,152,29.074,97.06,2.94,85.29411765,14.70588235,0,154,27149,,53000,5000
becca,44.908,-110.2629,1912.6,2014,gr,1,2,152,40.474,97.96,2.04,69.3877551,30.6122449,0,154,27149,,53000,5000
becca,44.908,-110.2629,1912.6,2014,gr,1,3,152,35.914,97.67,2.33,79.06976744,20.93023256,0,154,27149,,53000,5000
becca,44.908,-110.2629,1912.6,2014,gr,1,4,152,37.434,100,0,82.22222222,17.77777778,0,154,27149,,53000,5000
becca,44.908,-110.2629,1912.6,2014,gr,1,5,152,38.954,100,0,82.9787234,17.0212766,0,154,27149,,53000,5000
becca,44.908,-110.2629,1912.6,2014,gr,1,6,152,56.434,100,0,82.85714286,17.14285714,0,154,27149,,53000,5000
becca,44.908,-110.2629,1912.6,2014,gr,1,7,152,39.714,100,0,77.08333333,22.91666667,0,154,27149,,53000,5000
becca,44.908,-110.2629,1912.6,2014,gr,1,8,152,38.194,100,0,89.13043478,10.86956522,0,154,27149,,53000,5000
becca,44.908,-110.2629,1912.6,2014,gr,1,9,152,43.514,100,0,64.1509434,35.8490566,0,154,27149,,53000,5000
becca,44.908,-110.2629,1912.6,2014,gr,1,10,152,41.994,96.08,3.92,84.31372549,15.68627451,0,154,27149,,53000,5000
becca,44.908,-110.2629,1912.6,2014,gr,1,11,152,66.314,96.39,3.61,79.51807229,20.48192771,0,154,27149,,53000,5000
becca,44.908,-110.2629,1912.6,2014,gr,1,12,152,70.114,93.18,6.82,61.79775281,38.20224719,0,154,27149,,53000,5000
becca,44.908,-110.2629,1912.6,2014,gr,2,1,182,44.274,87.04,12.96,59.25925926,40.74074074,0,182,25531,,53000,5000
becca,44.908,-110.2629,1912.6,2014,gr,2,2,182,46.554,91.23,8.77,49.12280702,50.87719298,0,182,25531,,53000,5000
becca,44.908,-110.2629,1912.6,2014,gr,2,3,182,60.994,84.21,15.79,71.05263158,28.94736842,0,182,25531,,53000,5000
becca,44.908,-110.2629,1912.6,2014,gr,2,4,182,47.314,96.55,3.45,79.31034483,20.68965517,0,182,25531,,53000,5000
becca,44.908,-110.2629,1912.6,2014,gr,2,5,182,60.994,97.37,2.63,53.94736842,46.05263158,0,182,25531,,53000,5000
becca,44.908,-110.2629,1912.6,2014,gr,2,6,182,54.154,98.51,1.49,44.7761194,55.2238806,0,182,25531,,53000,5000
becca,44.908,-110.2629,1912.6,2014,gr,2,7,182,59.474,82.43,17.57,82.43243243,17.56756757,0,182,25531,,53000,5000
becca,44.908,-110.2629,1912.6,2014,gr,2,8,182,74.674,87.23,12.77,60.63829787,39.36170213,0,182,25531,,53000,5000
becca,44.908,-110.2629,1912.6,2014,gr,2,9,182,74.674,87.23,12.77,58.5106383,41.4893617,0,182,25531,,53000,5000
becca,44.908,-110.2629,1912.6,2014,gr,2,10,182,62.514,79.49,20.51,47.43589744,52.56410256,0,182,25531,,53000,5000
becca,44.908,-110.2629,1912.6,2014,gr,2,11,182,107.354,90.51,9.49,78.83211679,21.16788321,0,182,25531,,53000,5000
becca,44.908,-110.2629,1912.6,2014,gr,2,12,182,23.754,66.67,33.33,85.71428571,14.28571429,0,182,25531,,53000,5000
becca,44.908,-110.2629,1912.6,2014,gr,3,1,211,44.274,85.19,14.81,48.14814815,51.85185185,0,211,27009,,53000,5000
becca,44.908,-110.2629,1912.6,2014,gr,3,2,211,60.234,78.67,21.33,69.33333333,30.66666667,0,211,27009,,53000,5000
becca,44.908,-110.2629,1912.6,2014,gr,3,3,211,64.034,78.75,21.25,56.25,43.75,0,211,27009,,53000,5000
becca,44.908,-110.2629,1912.6,2014,gr,3,4,211,47.314,84.48,15.52,44.82758621,55.17241379,0,211,27009,,53000,5000
becca,44.908,-110.2629,1912.6,2014,gr,3,5,211,66.314,79.52,20.48,78.31325301,21.68674699,0,211,27009,,53000,5000
becca,44.908,-110.2629,1912.6,2014,gr,3,6,211,55.674,73.91,26.09,56.52173913,43.47826087,0,211,27009,,53000,5000
becca,44.908,-110.2629,1912.6,2014,gr,3,7,211,82.274,82.69,17.31,77.88461538,22.11538462,0,211,27009,,53000,5000
becca,44.908,-110.2629,1912.6,2014,gr,3,8,211,76.954,83.51,16.49,86.59793814,13.40206186,0,211,27009,,53000,5000
becca,44.908,-110.2629,1912.6,2014,gr,3,9,211,60.234,80,20,85.33333333,14.66666667,0,211,27009,,53000,5000
becca,44.908,-110.2629,1912.6,2014,gr,3,10,211,38.194,82.61,17.39,86.95652174,13.04347826,0,211,27009,,53000,5000
becca,44.908,-110.2629,1912.6,2014,gr,3,11,211,54.154,82.09,17.91,50.74626866,49.25373134,0,211,27009,,53000,5000
becca,44.908,-110.2629,1912.6,2014,gr,3,12,211,54.914,79.41,20.59,64.86486486,35.13513514,0,211,27009,,53000,5000
becca,44.908,-110.2629,1912.6,2014,gr,4,1,238,39.714,83.33,16.67,62.5,37.5,0,240,34133,,53000,5000
becca,44.908,-110.2629,1912.6,2014,gr,4,2,238,61.754,79.22,20.78,80.51948052,19.48051948,0,240,34133,,53000,5000
becca,44.908,-110.2629,1912.6,2014,gr,4,3,238,44.274,83.33,16.67,57.40740741,42.59259259,0,240,34133,,53000,5000
becca,44.908,-110.2629,1912.6,2014,gr,4,4,238,49.594,88.52,11.48,67.21311475,32.78688525,0,240,34133,,53000,5000
becca,44.908,-110.2629,1912.6,2014,gr,4,5,238,81.514,70.87,29.13,69.90291262,29.12621359,0.961538462,240,34133,,53000,5000
becca,44.908,-110.2629,1912.6,2014,gr,4,6,238,52.634,86.15,13.85,53.84615385,46.15384615,0,240,34133,,53000,5000
becca,44.908,-110.2629,1912.6,2014,gr,4,7,238,65.554,60.98,39.02,74.3902439,25.6097561,0,240,34133,,53000,5000
becca,44.908,-110.2629,1912.6,2014,gr,4,8,238,79.234,74,26,70,30,0,240,34133,,53000,5000
becca,44.908,-110.2629,1912.6,2014,gr,4,9,238,41.994,72.55,27.45,84.31372549,15.68627451,0,240,34133,,53000,5000
becca,44.908,-110.2629,1912.6,2014,gr,4,10,238,49.594,83.61,16.39,47.54098361,52.45901639,0,240,34133,,53000,5000
becca,44.908,-110.2629,1912.6,2014,gr,4,11,238,47.314,75.86,24.14,63.79310345,36.20689655,0,240,34133,,53000,5000
becca,44.908,-110.2629,1912.6,2014,gr,4,12,238,54.154,52.24,47.76,61.11111111,38.88888889,0,240,34133,,53000,5000
becca,44.908,-110.2629,1912.6,2014,gr,5,1,266,33.634,77.5,22.5,85,15,0,271,29838,,53000,5000
becca,44.908,-110.2629,1912.6,2014,gr,5,2,266,44.274,70.37,29.63,75.92592593,24.07407407,0,271,29838,,53000,5000
becca,44.908,-110.2629,1912.6,2014,gr,5,3,266,52.634,90.77,9.23,55.38461538,44.61538462,0,271,29838,,53000,5000
becca,44.908,-110.2629,1912.6,2014,gr,5,4,266,57.194,73.24,26.76,83.09859155,16.90140845,0,271,29838,,53000,5000
becca,44.908,-110.2629,1912.6,2014,gr,5,5,266,38.954,70.21,29.79,91.4893617,8.510638298,0,271,29838,,53000,5000
becca,44.908,-110.2629,1912.6,2014,gr,5,6,266,58.714,43.84,56.16,73.97260274,26.02739726,0,271,29838,,53000,5000
becca,44.908,-110.2629,1912.6,2014,gr,5,7,266,48.074,62.71,37.29,96.61016949,3.389830508,0,271,29838,,53000,5000
becca,44.908,-110.2629,1912.6,2014,gr,5,8,266,50.354,54.84,45.16,85.48387097,14.51612903,0,271,29838,,53000,5000
becca,44.908,-110.2629,1912.6,2014,gr,5,9,266,57.954,70.83,29.17,73.61111111,26.38888889,0,271,29838,,53000,5000
becca,44.908,-110.2629,1912.6,2014,gr,5,10,266,53.394,78.79,21.21,56.06060606,43.93939394,0,271,29838,,53000,5000
becca,44.908,-110.2629,1912.6,2014,gr,5,11,266,90.634,65.22,34.78,90.43478261,9.565217391,0,271,29838,,53000,5000
becca,44.908,-110.2629,1912.6,2014,gr,5,12,266,45.794,78.57,21.43,74.54545455,25.45454545,0,271,29838,,53000,5000
black,44.948,-110.6045,1890.7,1999,gr,1,1,138,,,,,,,138,28660,,32880,3003
black,44.948,-110.6045,1890.7,1999,gr,1,2,138,32.816,85.71,14.29,94.64285714,5.357142857,0,138,28660,,32880,3003
black,44.948,-110.6045,1890.7,1999,gr,1,3,138,35.746,98.36,1.64,90.16393443,4.918032787,4.6875,138,28660,,32880,3003
black,44.948,-110.6045,1890.7,1999,gr,1,4,138,35.16,95,5,85,15,0,138,28660,,32880,3003
black,44.948,-110.6045,1890.7,1999,gr,1,5,138,30.472,86.54,13.46,94.23076923,3.846153846,1.886792453,138,28660,,32880,3003
black,44.948,-110.6045,1890.7,1999,gr,1,6,138,30.472,96.15,3.85,80.76923077,19.23076923,0,138,28660,,32880,3003
black,44.948,-110.6045,1890.7,1999,gr,1,7,138,39.848,97.06,2.94,69.11764706,30.88235294,0,138,28660,,32880,3003
black,44.948,-110.6045,1890.7,1999,gr,1,8,138,26.37,95.56,4.44,84.44444444,15.55555556,0,138,28660,,32880,3003
black,44.948,-110.6045,1890.7,1999,gr,1,9,138,40.434,95.65,4.35,95.65217391,2.898550725,1.428571429,138,28660,,32880,3003
black,44.948,-110.6045,1890.7,1999,gr,1,10,138,50.982,94.25,5.75,97.70114943,1.149425287,1.136363636,138,28660,,32880,3003
black,44.948,-110.6045,1890.7,1999,gr,1,11,138,39.848,100,0,85.29411765,14.70588235,0,138,28660,,32880,3003
black,44.948,-110.6045,1890.7,1999,gr,1,12,138,37.504,93.75,6.25,95.3125,4.6875,0,138,28660,,32880,3003
black,44.948,-110.6045,1890.7,1999,gr,2,1,172,85.556,96.58,3.42,73.97260274,25.34246575,0.680272109,172,21550,,32880,3003
black,44.948,-110.6045,1890.7,1999,gr,2,2,172,76.766,94.66,5.34,74.04580153,18.32061069,7.092198582,172,21550,,32880,3003
black,44.948,-110.6045,1890.7,1999,gr,2,3,172,115.442,98.98,1.02,84.34343434,15.65656566,0,172,21550,,32880,3003
black,44.948,-110.6045,1890.7,1999,gr,2,4,172,131.85,99.11,0.89,84.5814978,14.97797357,0.442477876,172,21550,,32880,3003
black,44.948,-110.6045,1890.7,1999,gr,2,5,172,80.868,97.83,2.17,71.73913043,28.26086957,0,172,21550,,32880,3003
black,44.948,-110.6045,1890.7,1999,gr,2,6,172,62.116,100,0,91.50943396,5.660377358,2.752293578,172,21550,,32880,3003
black,44.948,-110.6045,1890.7,1999,gr,2,7,172,67.976,100,0,88.79310345,4.310344828,6.451612903,172,21550,,32880,3003
black,44.948,-110.6045,1890.7,1999,gr,2,8,172,65.046,98.2,1.8,77.47747748,18.91891892,3.47826087,172,21550,,32880,3003
black,44.948,-110.6045,1890.7,1999,gr,2,9,172,108.996,97.85,2.15,89.24731183,9.677419355,1.063829787,172,21550,,32880,3003
black,44.948,-110.6045,1890.7,1999,gr,2,10,172,88.486,96.69,3.31,70.1986755,13.24503311,14.20454545,172,21550,,32880,3003
black,44.948,-110.6045,1890.7,1999,gr,2,11,172,89.072,99.34,0.66,69.07894737,26.97368421,3.797468354,172,21550,,32880,3003
black,44.948,-110.6045,1890.7,1999,gr,2,12,172,72.664,95.97,4.03,75,23.38709677,1.587301587,172,21550,,32880,3003
black,44.948,-110.6045,1890.7,1999,gr,3,1,208,76.18,61.54,38.46,86.15384615,5.384615385,7.80141844,208,12860,,32880,3003
black,44.948,-110.6045,1890.7,1999,gr,3,2,208,66.804,66.67,33.33,80.70175439,12.28070175,6.557377049,208,12860,,32880,3003
black,44.948,-110.6045,1890.7,1999,gr,3,3,208,73.836,21.43,78.57,82.53968254,17.46031746,0,208,12860,,32880,3003
black,44.948,-110.6045,1890.7,1999,gr,3,4,208,60.944,32.69,67.31,91.34615385,8.653846154,0,208,12860,,32880,3003
black,44.948,-110.6045,1890.7,1999,gr,3,5,208,69.148,36.44,63.56,90.6779661,9.322033898,0,208,12860,,32880,3003
black,44.948,-110.6045,1890.7,1999,gr,3,6,208,73.836,36.51,63.49,88.88888889,11.11111111,0,208,12860,,32880,3003
black,44.948,-110.6045,1890.7,1999,gr,3,7,208,81.454,51.8,48.2,78.41726619,12.23021583,8.552631579,208,12860,,32880,3003
black,44.948,-110.6045,1890.7,1999,gr,3,8,208,82.04,33.57,66.43,87.85714286,5,6.666666667,208,12860,,32880,3003
black,44.948,-110.6045,1890.7,1999,gr,3,9,208,59.772,46.08,53.92,86.2745098,11.76470588,1.923076923,208,12860,,32880,3003
black,44.948,-110.6045,1890.7,1999,gr,3,10,208,72.664,31.45,68.55,78.22580645,12.90322581,8.148148148,208,12860,,32880,3003
black,44.948,-110.6045,1890.7,1999,gr,3,11,208,70.32,37.5,62.5,85.83333333,1.666666667,11.11111111,208,12860,,32880,3003
black,44.948,-110.6045,1890.7,1999,gr,3,12,208,75.594,34.11,65.89,89.92248062,6.201550388,3.731343284,208,12860,,32880,3003
black,44.948,-110.6045,1890.7,1999,gr,4,1,235,70.32,49.17,50.83,85.83333333,1.666666667,11.11111111,235,12830,,32880,3003
black,44.948,-110.6045,1890.7,1999,gr,4,2,235,66.218,65.49,34.51,91.15044248,7.96460177,0.877192982,235,12830,,32880,3003
black,44.948,-110.6045,1890.7,1999,gr,4,3,235,63.288,47.22,52.78,90.74074074,9.259259259,0,235,12830,,32880,3003
black,44.948,-110.6045,1890.7,1999,gr,4,4,235,48.638,21.69,78.31,98.79518072,1.204819277,0,235,12830,,32880,3003
black,44.948,-110.6045,1890.7,1999,gr,4,5,235,69.734,46.22,53.78,86.55462185,2.521008403,9.848484848,235,12830,,32880,3003
black,44.948,-110.6045,1890.7,1999,gr,4,6,235,43.95,50.67,49.33,93.33333333,1.333333333,5.063291139,235,12830,,32880,3003
black,44.948,-110.6045,1890.7,1999,gr,4,7,235,55.084,50,50,87.23404255,1.063829787,10.47619048,235,12830,,32880,3003
black,44.948,-110.6045,1890.7,1999,gr,4,8,235,50.396,31.4,68.6,100,0,0,235,12830,,32880,3003
black,44.948,-110.6045,1890.7,1999,gr,4,9,235,63.874,57.8,42.2,94.49541284,0,5.217391304,235,12830,,32880,3003
black,44.948,-110.6045,1890.7,1999,gr,4,10,235,63.874,66.97,33.03,89.90825688,0,9.166666667,235,12830,,32880,3003
black,44.948,-110.6045,1890.7,1999,gr,4,11,235,60.358,59.22,40.78,99.02912621,0.970873786,0,235,12830,,32880,3003
black,44.948,-110.6045,1890.7,1999,gr,4,12,235,110.168,65.96,34.04,100,0,0,235,12830,,32880,3003
black,44.948,-110.6045,1890.7,1999,gr,5,1,266,65.632,42.86,57.14,86.60714286,1.785714286,10.4,266,14330,,32880,3003
black,44.948,-110.6045,1890.7,1999,gr,5,2,266,69.148,36.44,63.56,96.61016949,0,3.278688525,266,14330,,32880,3003
black,44.948,-110.6045,1890.7,1999,gr,5,3,266,120.13,22.44,77.56,91.2195122,8.780487805,0,266,14330,,32880,3003
black,44.948,-110.6045,1890.7,1999,gr,5,4,266,108.996,25.81,74.19,90.86021505,4.838709677,4.12371134,266,14330,,32880,3003
black,44.948,-110.6045,1890.7,1999,gr,5,5,266,56.256,39.58,60.42,98.95833333,1.041666667,0,266,14330,,32880,3003
black,44.948,-110.6045,1890.7,1999,gr,5,6,266,76.18,40,60,88.46153846,6.153846154,5.109489051,266,14330,,32880,3003
black,44.948,-110.6045,1890.7,1999,gr,5,7,266,50.396,25.58,74.42,97.6744186,1.162790698,1.149425287,266,14330,,32880,3003
black,44.948,-110.6045,1890.7,1999,gr,5,8,266,89.072,28.29,71.71,99.34210526,0.657894737,0,266,14330,,32880,3003
black,44.948,-110.6045,1890.7,1999,gr,5,9,266,65.632,33.04,66.96,91.07142857,0.892857143,7.438016529,266,14330,,32880,3003
black,44.948,-110.6045,1890.7,1999,gr,5,10,266,72.078,39.84,60.16,83.7398374,0,13.98601399,266,14330,,32880,3003
black,44.948,-110.6045,1890.7,1999,gr,5,11,266,72.664,38.71,61.29,99.19354839,0.806451613,0,266,14330,,32880,3003
black,44.948,-110.6045,1890.7,1999,gr,5,12,266,69.148,33.9,66.1,94.91525424,5.084745763,0,266,14330,,32880,3003
black,44.948,-110.6045,1890.7,1999,gr,6,1,280,,,,,,,,,,32880,3003
black,44.948,-110.6045,1890.7,2000,gr,1,1,138,62.702,99.07,0.93,78.5046729,18.69158879,2.727272727,138,23942,,32880,3003
black,44.948,-110.6045,1890.7,2000,gr,1,2,138,38.09,96.92,3.08,84.61538462,15.38461538,0,138,23942,,32880,3003
black,44.948,-110.6045,1890.7,2000,gr,1,3,138,72.664,100,0,92.74193548,4.838709677,2.362204724,138,23942,,32880,3003
black,44.948,-110.6045,1890.7,2000,gr,1,4,138,71.492,92.62,7.38,83.60655738,8.196721311,7.575757576,138,23942,,32880,3003
black,44.948,-110.6045,1890.7,2000,gr,1,5,138,42.778,100,0,71.23287671,28.76712329,0,138,23942,,32880,3003
black,44.948,-110.6045,1890.7,2000,gr,1,6,138,46.88,95,5,65,35,0,138,23942,,32880,3003
black,44.948,-110.6045,1890.7,2000,gr,1,7,138,57.428,98.98,1.02,78.57142857,16.32653061,4.854368932,138,23942,,32880,3003
black,44.948,-110.6045,1890.7,2000,gr,1,8,138,50.982,98.85,1.15,90.8045977,9.195402299,0,138,23942,,32880,3003
black,44.948,-110.6045,1890.7,2000,gr,1,9,138,25.784,97.73,2.27,77.27272727,18.18181818,4.347826087,138,23942,,32880,3003
black,44.948,-110.6045,1890.7,2000,gr,1,10,138,55.084,84.04,15.96,93.61702128,6.382978723,0,138,23942,,32880,3003
black,44.948,-110.6045,1890.7,2000,gr,1,11,138,46.88,98.75,1.25,76.25,20,3.614457831,138,23942,,32880,3003
black,44.948,-110.6045,1890.7,2000,gr,1,12,138,65.632,98.21,1.79,75.89285714,23.21428571,0.884955752,138,23942,,32880,3003
black,44.948,-110.6045,1890.7,2000,gr,2,1,166,56.256,94.79,5.21,86.45833333,13.54166667,0,166,19180,,32880,3003
black,44.948,-110.6045,1890.7,2000,gr,2,2,166,75.008,96.88,3.13,92.96875,7.03125,0,166,19180,,32880,3003
black,44.948,-110.6045,1890.7,2000,gr,2,3,166,60.358,78.64,21.36,85.4368932,14.5631068,0,166,19180,,32880,3003
black,44.948,-110.6045,1890.7,2000,gr,2,4,166,54.498,87.1,12.9,87.09677419,12.90322581,0,166,19180,,32880,3003
black,44.948,-110.6045,1890.7,2000,gr,2,5,166,43.364,87.84,12.16,83.78378378,10.81081081,5.128205128,166,19180,,32880,3003
black,44.948,-110.6045,1890.7,2000,gr,2,6,166,70.32,92.5,7.5,88.33333333,11.66666667,0,166,19180,,32880,3003
black,44.948,-110.6045,1890.7,2000,gr,2,7,166,81.454,88.49,11.51,79.13669065,17.26618705,3.472222222,166,19180,,32880,3003
black,44.948,-110.6045,1890.7,2000,gr,2,8,166,62.702,93.46,6.54,79.43925234,20.56074766,0,166,19180,,32880,3003
black,44.948,-110.6045,1890.7,2000,gr,2,9,166,76.766,93.89,6.11,99.23664122,0.763358779,0,166,19180,,32880,3003
black,44.948,-110.6045,1890.7,2000,gr,2,10,166,87.314,93.96,6.04,87.24832215,10.06711409,2.614379085,166,19180,,32880,3003
black,44.948,-110.6045,1890.7,2000,gr,2,11,166,81.454,96.4,3.6,84.89208633,13.66906475,1.418439716,166,19180,,32880,3003
black,44.948,-110.6045,1890.7,2000,gr,3,1,186,79.11,76.3,23.7,91.11111111,7.407407407,1.459854015,186,14979,,32880,3003
black,44.948,-110.6045,1890.7,2000,gr,3,2,186,93.174,80.5,19.5,84.90566038,11.32075472,3.636363636,186,14979,,32880,3003
black,44.948,-110.6045,1890.7,2000,gr,3,3,186,100.206,77.19,22.81,85.38011696,14.61988304,0,186,14979,,32880,3003
black,44.948,-110.6045,1890.7,2000,gr,3,4,186,89.072,83.55,16.45,80.92105263,15.78947368,3.184713376,186,14979,,32880,3003
black,44.948,-110.6045,1890.7,2000,gr,3,5,186,77.352,77.27,22.73,75,19.6969697,5.035971223,186,14979,,32880,3003
black,44.948,-110.6045,1890.7,2000,gr,3,6,186,65.046,78.38,21.62,83.78378378,10.81081081,5.128205128,186,14979,,32880,3003
black,44.948,-110.6045,1890.7,2000,gr,3,7,186,79.696,69.12,30.88,88.23529412,7.352941176,4.225352113,186,14979,,32880,3003
black,44.948,-110.6045,1890.7,2000,gr,3,8,186,86.728,72.3,27.7,81.75675676,5.405405405,11.37724551,186,14979,,32880,3003
black,44.948,-110.6045,1890.7,2000,gr,3,9,186,138.882,62.03,37.97,94.93670886,4.219409283,0.836820084,186,14979,,32880,3003
black,44.948,-110.6045,1890.7,2000,gr,3,10,186,86.142,65.99,34.01,96.59863946,3.401360544,0,186,14979,,32880,3003
black,44.948,-110.6045,1890.7,2000,gr,3,11,186,87.314,76.51,23.49,87.91946309,10.73825503,1.324503311,186,14979,,32880,3003
black,44.948,-110.6045,1890.7,2000,gr,4,1,214,60.944,19.23,80.77,91.34615385,8.653846154,0,214,9747,,32880,3003
black,44.948,-110.6045,1890.7,2000,gr,4,2,214,58.6,15,85,85,13,1.960784314,214,9747,,32880,3003
black,44.948,-110.6045,1890.7,2000,gr,4,3,214,83.212,27.46,72.54,92.95774648,2.112676056,4.697986577,214,9747,,32880,3003
black,44.948,-110.6045,1890.7,2000,gr,4,4,214,60.358,29.13,70.87,88.34951456,9.708737864,1.904761905,214,9747,,32880,3003
black,44.948,-110.6045,1890.7,2000,gr,4,5,214,63.288,12.96,87.04,89.81481481,10.18518519,0,214,9747,,32880,3003
black,44.948,-110.6045,1890.7,2000,gr,4,6,214,46.88,52.5,47.5,86.25,11.25,2.43902439,214,9747,,32880,3003
black,44.948,-110.6045,1890.7,2000,gr,4,7,214,64.46,24.55,75.45,94.54545455,5.454545455,0,214,9747,,32880,3003
black,44.948,-110.6045,1890.7,2000,gr,4,8,214,54.498,29.03,70.97,94.62365591,5.376344086,0,214,9747,,32880,3003
black,44.948,-110.6045,1890.7,2000,gr,4,9,214,79.696,30.88,69.12,90.44117647,3.676470588,5.555555556,214,9747,,32880,3003
black,44.948,-110.6045,1890.7,2000,gr,4,10,214,80.282,47.45,52.55,95.62043796,0,4.195804196,214,9747,,32880,3003
black,44.948,-110.6045,1890.7,2000,gr,4,11,214,66.218,31.86,68.14,98.2300885,0.884955752,0.877192982,214,9747,,32880,3003
black,44.948,-110.6045,1890.7,2000,gr,5,1,243,59.186,18.81,81.19,95.04950495,2.97029703,1.941747573,243,10158,,32880,3003
black,44.948,-110.6045,1890.7,2000,gr,5,2,243,55.084,18.09,81.91,94.68085106,3.191489362,2.083333333,243,10158,,32880,3003
black,44.948,-110.6045,1890.7,2000,gr,5,3,243,58.6,14,86,82,18,0,243,10158,,32880,3003
black,44.948,-110.6045,1890.7,2000,gr,5,4,243,65.632,16.07,83.93,93.75,6.25,0,243,10158,,32880,3003
black,44.948,-110.6045,1890.7,2000,gr,5,5,243,49.81,34.12,65.88,84.70588235,14.11764706,1.162790698,243,10158,,32880,3003
black,44.948,-110.6045,1890.7,2000,gr,5,6,243,41.02,15.71,84.29,87.14285714,12.85714286,0,243,10158,,32880,3003
black,44.948,-110.6045,1890.7,2000,gr,5,7,243,77.352,9.09,90.91,96.21212121,3.787878788,0,243,10158,,32880,3003
black,44.948,-110.6045,1890.7,2000,gr,5,8,243,56.256,3.13,96.88,96.875,3.125,0,243,10158,,32880,3003
black,44.948,-110.6045,1890.7,2000,gr,5,9,243,49.81,21.18,78.82,89.41176471,7.058823529,3.409090909,243,10158,,32880,3003
black,44.948,-110.6045,1890.7,2000,gr,5,10,243,86.142,14.97,85.03,97.27891156,1.360544218,1.342281879,243,10158,,32880,3003
black,44.948,-110.6045,1890.7,2000,gr,5,11,243,56.842,21.65,78.35,82.4742268,11.34020619,5.825242718,243,10158,,32880,3003
black,44.948,-110.6045,1890.7,2000,gr,6,1,268,54.498,9.68,90.32,94.62365591,5.376344086,0,268,8857,,32880,3003
black,44.948,-110.6045,1890.7,2000,gr,6,2,268,47.466,4.94,95.06,96.2962963,3.703703704,0,268,8857,,32880,3003
black,44.948,-110.6045,1890.7,2000,gr,6,3,268,48.052,10.98,89.02,91.46341463,8.536585366,0,268,8857,,32880,3003
black,44.948,-110.6045,1890.7,2000,gr,6,4,268,45.122,32.47,67.53,94.80519481,0,4.938271605,268,8857,,32880,3003
black,44.948,-110.6045,1890.7,2000,gr,6,5,268,50.396,4.65,95.35,100,0,0,268,8857,,32880,3003
black,44.948,-110.6045,1890.7,2000,gr,6,6,268,53.912,4.35,95.65,98.91304348,0,1.075268817,268,8857,,32880,3003
black,44.948,-110.6045,1890.7,2000,gr,6,7,268,67.39,13.91,86.09,88.69565217,0.869565217,9.448818898,268,8857,,32880,3003
black,44.948,-110.6045,1890.7,2000,gr,6,8,268,59.772,10.78,89.22,100,0,0,268,8857,,32880,3003
black,44.948,-110.6045,1890.7,2000,gr,6,9,268,79.696,18.38,81.62,86.76470588,8.088235294,4.895104895,268,8857,,32880,3003
black,44.948,-110.6045,1890.7,2000,gr,6,10,268,45.122,19.48,80.52,89.61038961,3.896103896,6.097560976,268,8857,,32880,3003
black,44.948,-110.6045,1890.7,2000,gr,6,11,268,56.842,35.05,64.95,80.41237113,5.154639175,12.61261261,268,8857,,32880,3003
black,44.948,-110.6045,1890.7,2000,gr,7,1,298,74.422,11.02,88.98,93.7007874,4.724409449,1.550387597,298,6368,,32880,3003
black,44.948,-110.6045,1890.7,2000,gr,7,2,298,50.982,10.34,89.66,87.35632184,9.195402299,3.333333333,298,6368,,32880,3003
black,44.948,-110.6045,1890.7,2000,gr,7,3,298,67.976,1.72,98.28,94.82758621,2.586206897,2.521008403,298,6368,,32880,3003
black,44.948,-110.6045,1890.7,2000,gr,7,4,298,60.358,11.65,88.35,91.26213592,7.766990291,0.961538462,298,6368,,32880,3003
black,44.948,-110.6045,1890.7,2000,gr,7,5,298,80.868,10.87,89.13,90.57971014,4.347826087,4.827586207,298,6368,,32880,3003
black,44.948,-110.6045,1890.7,2000,gr,7,6,298,70.906,9.09,90.91,85.95041322,13.2231405,0.819672131,298,6368,,32880,3003
black,44.948,-110.6045,1890.7,2000,gr,7,7,298,70.32,5,95,93.33333333,3.333333333,3.225806452,298,6368,,32880,3003
black,44.948,-110.6045,1890.7,2000,gr,7,8,298,64.46,6.36,93.64,95.45454545,0.909090909,3.50877193,298,6368,,32880,3003
black,44.948,-110.6045,1890.7,2000,gr,7,9,298,60.358,8.74,91.26,96.11650485,3.883495146,0,298,6368,,32880,3003
black,44.948,-110.6045,1890.7,2000,gr,7,10,298,94.932,3.7,96.3,98.14814815,1.851851852,0,298,6368,,32880,3003
black,44.948,-110.6045,1890.7,2000,gr,7,11,298,66.804,6.14,93.86,100,0,0,298,6368,,32880,3003
black,44.948,-110.6045,1890.7,2001,gr,1,1,151,74.422,92.91,7.09,89.76377953,5.511811024,4.511278195,151,28873,,32880,3003
black,44.948,-110.6045,1890.7,2001,gr,1,2,151,82.626,95.74,4.26,88.65248227,10.63829787,0.704225352,151,28873,,32880,3003
black,44.948,-110.6045,1890.7,2001,gr,1,3,151,79.696,95.59,4.41,83.08823529,16.17647059,0.729927007,151,28873,,32880,3003
black,44.948,-110.6045,1890.7,2001,gr,1,4,151,84.97,94.48,5.52,92.4137931,6.896551724,0.684931507,151,28873,,32880,3003
black,44.948,-110.6045,1890.7,2001,gr,1,5,151,55.084,97.87,2.13,65.95744681,34.04255319,0,151,28873,,32880,3003
black,44.948,-110.6045,1890.7,2001,gr,1,6,151,65.632,96.43,3.57,91.07142857,8.928571429,0,151,28873,,32880,3003
black,44.948,-110.6045,1890.7,2001,gr,1,7,151,99.62,70.59,29.41,69.41176471,30.58823529,0,151,28873,,32880,3003
black,44.948,-110.6045,1890.7,2001,gr,1,8,151,143.57,80.82,19.18,78.36734694,21.63265306,0,151,28873,,32880,3003
black,44.948,-110.6045,1890.7,2001,gr,1,9,151,73.25,95.2,4.8,80.8,18.4,0.793650794,151,28873,,32880,3003
black,44.948,-110.6045,1890.7,2001,gr,1,10,151,65.632,96.43,3.57,77.67857143,20.53571429,1.754385965,151,28873,,32880,3003
black,44.948,-110.6045,1890.7,2001,gr,1,11,151,97.276,95.18,4.82,72.89156627,18.6746988,7.777777778,151,28873,,32880,3003
black,44.948,-110.6045,1890.7,2001,gr,1,12,151,115.442,97.46,2.54,91.87817259,8.121827411,0,151,28873,,32880,3003
black,44.948,-110.6045,1890.7,2001,gr,2,1,183,97.862,77.25,22.75,94.61077844,2.994011976,2.339181287,183,13293,,32880,3003
black,44.948,-110.6045,1890.7,2001,gr,2,2,183,97.862,80.24,19.76,92.81437126,4.191616766,2.906976744,183,13293,,32880,3003
black,44.948,-110.6045,1890.7,2001,gr,2,3,183,65.046,85.59,14.41,93.69369369,6.306306306,0,183,13293,,32880,3003
black,44.948,-110.6045,1890.7,2001,gr,2,4,183,56.842,84.54,15.46,87.62886598,8.24742268,3.96039604,183,13293,,32880,3003
black,44.948,-110.6045,1890.7,2001,gr,2,5,183,44.536,76.32,23.68,63.15789474,36.84210526,0,183,13293,,32880,3003
black,44.948,-110.6045,1890.7,2001,gr,2,6,183,46.88,91.25,8.75,86.25,11.25,2.43902439,183,13293,,32880,3003
black,44.948,-110.6045,1890.7,2001,gr,2,7,183,58.6,79,21,68,25,6.542056075,183,13293,,32880,3003
black,44.948,-110.6045,1890.7,2001,gr,2,8,183,96.104,79.27,20.73,71.34146341,28.65853659,0,183,13293,,32880,3003
black,44.948,-110.6045,1890.7,2001,gr,2,9,183,79.696,78.68,21.32,88.97058824,11.02941176,0,183,13293,,32880,3003
black,44.948,-110.6045,1890.7,2001,gr,2,10,183,56.256,88.54,11.46,84.375,8.333333333,6.796116505,183,13293,,32880,3003
black,44.948,-110.6045,1890.7,2001,gr,2,11,183,80.868,89.13,10.87,86.23188406,13.76811594,0,183,13293,,32880,3003
black,44.948,-110.6045,1890.7,2001,gr,2,12,183,74.422,85.04,14.96,93.7007874,4.724409449,1.550387597,183,13293,,32880,3003
black,44.948,-110.6045,1890.7,2001,gr,3,1,218,53.326,28.57,71.43,,,,218,18939,,32880,3003
black,44.948,-110.6045,1890.7,2001,gr,3,2,218,84.384,37.5,62.5,,,,218,18939,,32880,3003
black,44.948,-110.6045,1890.7,2001,gr,3,3,218,48.052,23.17,76.83,,,,218,18939,,32880,3003
black,44.948,-110.6045,1890.7,2001,gr,3,4,218,61.53,48.57,51.43,,,,218,18939,,32880,3003
black,44.948,-110.6045,1890.7,2001,gr,3,5,218,37.504,35.94,64.06,,,,218,18939,,32880,3003
black,44.948,-110.6045,1890.7,2001,gr,3,6,218,48.052,21.95,78.05,,,,218,18939,,32880,3003
black,44.948,-110.6045,1890.7,2001,gr,3,7,218,36.332,41.94,58.06,,,,218,18939,,32880,3003
black,44.948,-110.6045,1890.7,2001,gr,3,8,218,48.052,39.02,60.98,,,,218,18939,,32880,3003
black,44.948,-110.6045,1890.7,2001,gr,3,9,218,52.74,28.89,71.11,,,,218,18939,,32880,3003
black,44.948,-110.6045,1890.7,2001,gr,3,10,218,47.466,23.46,76.54,,,,218,18939,,32880,3003
black,44.948,-110.6045,1890.7,2001,gr,3,11,218,57.428,29.59,70.41,,,,218,18939,,32880,3003
black,44.948,-110.6045,1890.7,2001,gr,3,12,218,54.498,56.99,43.01,,,,218,18939,,32880,3003
black,44.948,-110.6045,1890.7,2001,gr,4,1,236,36.332,6.45,93.55,,,,236,13300,,32880,3003
black,44.948,-110.6045,1890.7,2001,gr,4,2,236,21.096,2.78,97.22,,,,236,13300,,32880,3003
black,44.948,-110.6045,1890.7,2001,gr,4,3,236,36.332,11.29,88.71,,,,236,13300,,32880,3003
black,44.948,-110.6045,1890.7,2001,gr,4,4,236,38.676,1.52,98.48,,,,236,13300,,32880,3003
black,44.948,-110.6045,1890.7,2001,gr,4,5,236,47.466,2.47,97.53,,,,236,13300,,32880,3003
black,44.948,-110.6045,1890.7,2001,gr,4,6,236,34.574,1.69,98.31,,,,236,13300,,32880,3003
black,44.948,-110.6045,1890.7,2001,gr,4,7,236,90.244,17.53,82.47,,,,236,13300,,32880,3003
black,44.948,-110.6045,1890.7,2001,gr,4,8,236,27.542,2.13,97.87,,,,236,13300,,32880,3003
black,44.948,-110.6045,1890.7,2001,gr,4,9,236,26.37,6.67,93.33,,,,236,13300,,32880,3003
black,44.948,-110.6045,1890.7,2001,gr,4,10,236,27.542,2.13,97.87,,,,236,13300,,32880,3003
black,44.948,-110.6045,1890.7,2001,gr,4,11,236,19.924,8.82,91.18,,,,236,13300,,32880,3003
black,44.948,-110.6045,1890.7,2001,gr,4,12,236,46.294,15.19,84.81,,,,236,13300,,32880,3003
black,44.948,-110.6045,1890.7,2001,gr,5,1,262,134.194,0.87,99.13,,,,262,11259,,32880,3003
black,44.948,-110.6045,1890.7,2001,gr,5,2,262,94.346,3.73,96.27,,,,262,11259,,32880,3003
black,44.948,-110.6045,1890.7,2001,gr,5,3,262,46.294,0,100,,,,262,11259,,32880,3003
black,44.948,-110.6045,1890.7,2001,gr,5,4,262,42.192,2.78,97.22,,,,262,11259,,32880,3003
black,44.948,-110.6045,1890.7,2001,gr,5,5,262,44.536,0,100,,,,262,11259,,32880,3003
black,44.948,-110.6045,1890.7,2001,gr,5,6,262,87.9,0.67,99.33,,,,262,11259,,32880,3003
black,44.948,-110.6045,1890.7,2001,gr,5,7,262,130.092,3.15,96.85,,,,262,11259,,32880,3003
black,44.948,-110.6045,1890.7,2001,gr,5,8,262,65.046,0.9,99.1,,,,262,11259,,32880,3003
black,44.948,-110.6045,1890.7,2001,gr,5,9,262,36.332,0,100,,,,262,11259,,32880,3003
black,44.948,-110.6045,1890.7,2001,gr,5,10,262,34.574,1.69,98.31,,,,262,11259,,32880,3003
black,44.948,-110.6045,1890.7,2001,gr,5,11,262,52.154,6.74,93.26,,,,262,11259,,32880,3003
black,44.948,-110.6045,1890.7,2001,gr,5,12,262,43.364,0,100,,,,262,11259,,32880,3003
c,44.731,-110.501,2407.9,1999,gr,1,1,196,92.63,89.17,10.83,82.80254777,17.19745223,0,196,22580,,74750,5830
c,44.731,-110.501,2407.9,1999,gr,1,2,196,87.32,92.57,7.43,59.45945946,40.54054054,0,196,22580,,74750,5830
c,44.731,-110.501,2407.9,1999,gr,1,3,196,68.44,97.41,2.59,50.86206897,49.13793103,0,196,22580,,74750,5830
c,44.731,-110.501,2407.9,1999,gr,1,4,196,75.52,96.88,3.13,59.375,40.625,0,196,22580,,74750,5830
c,44.731,-110.501,2407.9,1999,gr,1,5,196,110.92,95.74,4.26,81.91489362,18.08510638,0,196,22580,,74750,5830
c,44.731,-110.501,2407.9,1999,gr,1,6,196,95.58,98.15,1.85,66.66666667,33.33333333,0,196,22580,,74750,5830
c,44.731,-110.501,2407.9,1999,gr,1,7,196,87.91,97.32,2.68,74.4966443,25.5033557,0,196,22580,,74750,5830
c,44.731,-110.501,2407.9,1999,gr,1,8,196,97.35,94.55,5.45,86.06060606,13.93939394,0,196,22580,,74750,5830
c,44.731,-110.501,2407.9,1999,gr,1,9,196,92.04,98.72,1.28,73.71794872,26.28205128,0,196,22580,,74750,5830
c,44.731,-110.501,2407.9,1999,gr,1,10,196,104.43,96.61,3.39,74.57627119,25.42372881,0,196,22580,,74750,5830
c,44.731,-110.501,2407.9,1999,gr,1,11,196,102.66,95.4,4.6,66.66666667,33.33333333,0,196,22580,,74750,5830
c,44.731,-110.501,2407.9,1999,gr,1,12,196,115.05,96.41,3.59,76.92307692,23.07692308,0,196,22580,,74750,5830
c,44.731,-110.501,2407.9,1999,gr,2,1,222,73.75,93.6,6.4,74.4,25.6,0,222,18366,,74750,5830
c,44.731,-110.501,2407.9,1999,gr,2,2,222,125.08,75.47,24.53,87.26415094,12.73584906,0,222,18366,,74750,5830
c,44.731,-110.501,2407.9,1999,gr,2,3,222,106.79,90.61,9.39,72.9281768,27.0718232,0,222,18366,,74750,5830
c,44.731,-110.501,2407.9,1999,gr,2,4,222,98.53,96.41,3.59,73.05389222,26.94610778,0,222,18366,,74750,5830
c,44.731,-110.501,2407.9,1999,gr,2,5,222,142.78,76.86,23.14,76.85950413,23.14049587,0,222,18366,,74750,5830
c,44.731,-110.501,2407.9,1999,gr,2,6,222,69.62,86.44,13.56,74.57627119,25.42372881,0,222,18366,,74750,5830
c,44.731,-110.501,2407.9,1999,gr,2,7,222,115.64,87.24,12.76,90.81632653,9.183673469,0,222,18366,,74750,5830
c,44.731,-110.501,2407.9,1999,gr,2,8,222,120.95,97.56,2.44,80.97560976,19.02439024,0,222,18366,,74750,5830
c,44.731,-110.501,2407.9,1999,gr,2,9,222,94.4,81.88,18.13,82.5,17.5,0,222,18366,,74750,5830
c,44.731,-110.501,2407.9,1999,gr,2,10,222,141.6,77.5,22.5,84.58333333,15.41666667,0,222,18366,,74750,5830
c,44.731,-110.501,2407.9,1999,gr,2,11,222,125.08,88.21,11.79,79.71698113,20.28301887,0,222,18366,,74750,5830
c,44.731,-110.501,2407.9,1999,gr,2,12,222,180.54,77.12,22.88,89.21568627,10.78431373,0,222,18366,,74750,5830
c,44.731,-110.501,2407.9,1999,gr,3,1,253,56.64,68.75,31.25,82.29166667,17.70833333,0,253,14877,,74750,5830
c,44.731,-110.501,2407.9,1999,gr,3,2,253,125.67,47.42,52.58,96.71361502,3.286384977,0,253,14877,,74750,5830
c,44.731,-110.501,2407.9,1999,gr,3,3,253,59,60,40,60,40,0,253,14877,,74750,5830
c,44.731,-110.501,2407.9,1999,gr,3,4,253,62.54,51.89,48.11,66.98113208,33.01886792,0,253,14877,,74750,5830
c,44.731,-110.501,2407.9,1999,gr,3,5,253,92.63,87.26,12.74,73.24840764,26.75159236,0,253,14877,,74750,5830
c,44.731,-110.501,2407.9,1999,gr,3,6,253,90.27,68.63,31.37,89.54248366,10.45751634,0,253,14877,,74750,5830
c,44.731,-110.501,2407.9,1999,gr,3,7,253,123.9,80.48,19.52,89.04761905,10.95238095,0,253,14877,,74750,5830
c,44.731,-110.501,2407.9,1999,gr,3,8,253,111.51,51.32,48.68,91.53439153,8.465608466,0,253,14877,,74750,5830
c,44.731,-110.501,2407.9,1999,gr,3,9,253,113.28,53.65,46.35,84.89583333,15.10416667,0,253,14877,,74750,5830
c,44.731,-110.501,2407.9,1999,gr,3,10,253,93.81,62.26,37.74,96.85534591,3.144654088,0,253,14877,,74750,5830
c,44.731,-110.501,2407.9,1999,gr,3,11,253,77.88,84.85,15.15,61.36363636,38.63636364,0,253,14877,,74750,5830
c,44.731,-110.501,2407.9,1999,gr,3,12,253,106.2,82.78,17.22,79.44444444,20.55555556,0,253,14877,,74750,5830
c,44.731,-110.501,2407.9,1999,gr,4,1,279,,,,,,,,,,74750,5830
c,44.731,-110.501,2407.9,2000,gr,1,1,177,101.48,98.84,1.16,48.25581395,51.74418605,0,177,23562,,74750,5830
c,44.731,-110.501,2407.9,2000,gr,1,2,177,77.29,96.18,3.82,37.40458015,62.59541985,0,177,23562,,74750,5830
c,44.731,-110.501,2407.9,2000,gr,1,3,177,95.58,99.38,0.62,63.58024691,36.41975309,0,177,23562,,74750,5830
c,44.731,-110.501,2407.9,2000,gr,1,4,177,74.34,99.21,0.79,50,50,0,177,23562,,74750,5830
c,44.731,-110.501,2407.9,2000,gr,1,5,177,105.61,98.32,1.68,78.2122905,21.7877095,0,177,23562,,74750,5830
c,44.731,-110.501,2407.9,2000,gr,1,6,177,113.28,98.96,1.04,77.08333333,22.91666667,0,177,23562,,74750,5830
c,44.731,-110.501,2407.9,2000,gr,1,7,177,121.54,98.54,1.46,66.50485437,33.49514563,0,177,23562,,74750,5830
c,44.731,-110.501,2407.9,2000,gr,1,8,177,112.1,99.47,0.53,59.47368421,40.52631579,0,177,23562,,74750,5830
c,44.731,-110.501,2407.9,2000,gr,1,9,177,81.42,99.28,0.72,53.62318841,46.37681159,0,177,23562,,74750,5830
c,44.731,-110.501,2407.9,2000,gr,1,10,177,111.51,98.94,1.06,64.55026455,35.44973545,0,177,23562,,74750,5830
c,44.731,-110.501,2407.9,2000,gr,1,11,177,107.97,99.45,0.55,75.40983607,24.59016393,0,177,23562,,74750,5830
c,44.731,-110.501,2407.9,2000,gr,1,12,177,118.59,100,0,69.15422886,30.84577114,0,177,23562,,74750,5830
c,44.731,-110.501,2407.9,2000,gr,2,1,203,88.5,94.67,5.33,70.66666667,29.33333333,0,203,15207,,74750,5830
c,44.731,-110.501,2407.9,2000,gr,2,2,203,85.55,95.17,4.83,58.62068966,41.37931034,0,203,15207,,74750,5830
c,44.731,-110.501,2407.9,2000,gr,2,3,203,69.03,92.31,7.69,72.64957265,27.35042735,0,203,15207,,74750,5830
c,44.731,-110.501,2407.9,2000,gr,2,4,203,60.77,87.38,12.62,66.99029126,33.00970874,0,203,15207,,74750,5830
c,44.731,-110.501,2407.9,2000,gr,2,5,203,81.42,97.1,2.9,76.8115942,23.1884058,0,203,15207,,74750,5830
c,44.731,-110.501,2407.9,2000,gr,2,6,203,90.27,98.04,1.96,79.73856209,20.26143791,0,203,15207,,74750,5830
c,44.731,-110.501,2407.9,2000,gr,2,7,203,127.44,88.89,11.11,87.96296296,12.03703704,0,203,15207,,74750,5830
c,44.731,-110.501,2407.9,2000,gr,2,8,203,148.09,84.06,15.94,83.66533865,16.33466135,0,203,15207,,74750,5830
c,44.731,-110.501,2407.9,2000,gr,2,9,203,82.6,97.14,2.86,63.57142857,36.42857143,0,203,15207,,74750,5830
c,44.731,-110.501,2407.9,2000,gr,2,10,203,79.06,91.79,8.21,76.86567164,23.13432836,0,203,15207,,74750,5830
c,44.731,-110.501,2407.9,2000,gr,2,11,203,107.97,93.99,6.01,80.87431694,19.12568306,0,203,15207,,74750,5830
c,44.731,-110.501,2407.9,2000,gr,2,12,203,88.5,92.67,7.33,86,14,0,203,15207,,74750,5830
c,44.731,-110.501,2407.9,2000,gr,3,1,234,80.126,38.64,61.36,74.24242424,25.75757576,0,234,11219,,74750,5830
c,44.731,-110.501,2407.9,2000,gr,3,2,234,96.142,36.88,63.13,81.25,18.75,0,234,11219,,74750,5830
c,44.731,-110.501,2407.9,2000,gr,3,3,234,64.682,67.62,32.38,66.66666667,33.33333333,0,234,11219,,74750,5830
c,44.731,-110.501,2407.9,2000,gr,3,4,234,99.574,56.02,43.98,89.15662651,10.84337349,0,234,11219,,74750,5830
c,44.731,-110.501,2407.9,2000,gr,3,5,234,90.994,56.29,43.71,98.67549669,1.324503311,0,234,11219,,74750,5830
c,44.731,-110.501,2407.9,2000,gr,3,6,234,60.678,50,50,94.89795918,5.102040816,0,234,11219,,74750,5830
c,44.731,-110.501,2407.9,2000,gr,3,7,234,97.286,45.06,54.94,88.88888889,11.11111111,0,234,11219,,74750,5830
c,44.731,-110.501,2407.9,2000,gr,3,8,234,105.866,57.06,42.94,86.44067797,13.55932203,0,234,11219,,74750,5830
c,44.731,-110.501,2407.9,2000,gr,3,9,234,103.006,42.44,57.56,84.88372093,15.11627907,0,234,11219,,74750,5830
c,44.731,-110.501,2407.9,2000,gr,3,10,234,90.994,35.76,64.24,76.1589404,23.8410596,0,234,11219,,74750,5830
c,44.731,-110.501,2407.9,2000,gr,3,11,234,103.006,41.86,58.14,90.11627907,9.88372093,0,234,11219,,74750,5830
c,44.731,-110.501,2407.9,2000,gr,3,12,234,88.706,62.59,37.41,87.07482993,12.92517007,0,234,11219,,74750,5830
c,44.731,-110.501,2407.9,2000,gr,4,1,271,85.274,25.53,74.47,79.43262411,20.56737589,0,271,6655,,74750,5830
c,44.731,-110.501,2407.9,2000,gr,4,2,271,75.55,20.97,79.03,76.61290323,23.38709677,0,271,6655,,74750,5830
c,44.731,-110.501,2407.9,2000,gr,4,3,271,82.986,18.98,81.02,83.94160584,16.05839416,0,271,6655,,74750,5830
c,44.731,-110.501,2407.9,2000,gr,4,4,271,72.118,19.49,80.51,75.42372881,24.57627119,0,271,6655,,74750,5830
c,44.731,-110.501,2407.9,2000,gr,4,5,271,76.694,15.08,84.92,99.20634921,0.793650794,0,271,6655,,74750,5830
c,44.731,-110.501,2407.9,2000,gr,4,6,271,90.994,31.79,68.21,98.01324503,1.986754967,0,271,6655,,74750,5830
c,44.731,-110.501,2407.9,2000,gr,4,7,271,100.146,26.95,73.05,92.21556886,7.784431138,0,271,6655,,74750,5830
c,44.731,-110.501,2407.9,2000,gr,4,8,271,69.258,26.55,73.45,97.34513274,2.654867257,0,271,6655,,74750,5830
c,44.731,-110.501,2407.9,2000,gr,4,9,271,56.674,17.58,82.42,92.30769231,7.692307692,0,271,6655,,74750,5830
c,44.731,-110.501,2407.9,2000,gr,4,10,271,56.674,15.38,84.62,95.6043956,4.395604396,0,271,6655,,74750,5830
c,44.731,-110.501,2407.9,2000,gr,4,11,271,74.406,23.77,76.23,91.80327869,8.196721311,0,271,6655,,74750,5830
c,44.731,-110.501,2407.9,2000,gr,4,12,271,67.542,28.18,71.82,92.72727273,7.272727273,0,271,6655,,74750,5830
c,44.731,-110.501,2407.9,2000,gr,5,1,296,76.694,1.59,98.41,85.71428571,14.28571429,0,296,5094,,74750,5830
c,44.731,-110.501,2407.9,2000,gr,5,2,296,80.126,1.52,98.48,81.06060606,18.93939394,0,296,5094,,74750,5830
c,44.731,-110.501,2407.9,2000,gr,5,3,296,84.702,1.43,98.57,87.85714286,12.14285714,0,296,5094,,74750,5830
c,44.731,-110.501,2407.9,2000,gr,5,4,296,78.41,4.65,95.35,86.04651163,13.95348837,0,296,5094,,74750,5830
c,44.731,-110.501,2407.9,2000,gr,5,5,296,60.106,14.43,85.57,96.90721649,3.092783505,0,296,5094,,74750,5830
c,44.731,-110.501,2407.9,2000,gr,5,6,296,72.118,5.93,94.07,99.15254237,0.847457627,0,296,5094,,74750,5830
c,44.731,-110.501,2407.9,2000,gr,5,7,296,81.842,4.44,95.56,97.03703704,2.962962963,0,296,5094,,74750,5830
c,44.731,-110.501,2407.9,2000,gr,5,8,296,65.254,11.32,88.68,94.33962264,5.660377358,0,296,5094,,74750,5830
c,44.731,-110.501,2407.9,2000,gr,5,9,296,77.266,0,100,77.16535433,22.83464567,0,296,5094,,74750,5830
c,44.731,-110.501,2407.9,2000,gr,5,10,296,69.83,3.51,96.49,92.10526316,7.894736842,0,296,5094,,74750,5830
c,44.731,-110.501,2407.9,2000,gr,5,11,296,87.562,2.76,97.24,89.65517241,10.34482759,0,296,5094,,74750,5830
c,44.731,-110.501,2407.9,2000,gr,5,12,296,93.282,3.87,96.13,90.96774194,9.032258065,0,296,5094,,74750,5830
c,44.731,-110.501,2407.9,2001,gr,1,1,171,113.87,96.89,3.11,61.65803109,38.34196891,0,171,23428,,74750,5830
c,44.731,-110.501,2407.9,2001,gr,1,2,171,124.49,97.16,2.84,63.507109,36.492891,0,171,23428,,74750,5830
c,44.731,-110.501,2407.9,2001,gr,1,3,171,104.43,96.05,3.95,74.01129944,25.98870056,0,171,23428,,74750,5830
c,44.731,-110.501,2407.9,2001,gr,1,4,171,107.38,95.6,4.4,75.27472527,24.72527473,0,171,23428,,74750,5830
c,44.731,-110.501,2407.9,2001,gr,1,5,171,101.48,98.26,1.74,72.6744186,27.3255814,0,171,23428,,74750,5830
c,44.731,-110.501,2407.9,2001,gr,1,6,171,114.46,99.48,0.52,67.01030928,32.98969072,0,171,23428,,74750,5830
c,44.731,-110.501,2407.9,2001,gr,1,7,171,134.52,99.12,0.88,58.77192982,41.22807018,0,171,23428,,74750,5830
c,44.731,-110.501,2407.9,2001,gr,1,8,171,122.72,99.04,0.96,53.84615385,46.15384615,0,171,23428,,74750,5830
c,44.731,-110.501,2407.9,2001,gr,1,9,171,152.22,98.06,1.94,72.86821705,27.13178295,0,171,23428,,74750,5830
c,44.731,-110.501,2407.9,2001,gr,1,10,171,120.95,99.51,0.49,70.24390244,29.75609756,0,171,23428,,74750,5830
c,44.731,-110.501,2407.9,2001,gr,1,11,171,87.91,98.66,1.34,72.48322148,27.51677852,0,171,23428,,74750,5830
c,44.731,-110.501,2407.9,2001,gr,1,12,171,113.28,99.48,0.52,61.97916667,38.02083333,0,171,23428,,74750,5830
c,44.731,-110.501,2407.9,2001,gr,2,1,198,161.07,95.24,4.76,47.25274725,52.74725275,0,198,20323,,74750,5830
c,44.731,-110.501,2407.9,2001,gr,2,2,198,161.66,90.15,9.85,72.62773723,27.37226277,0,198,20323,,74750,5830
c,44.731,-110.501,2407.9,2001,gr,2,3,198,122.13,89.37,10.63,83.57487923,16.42512077,0,198,20323,,74750,5830
c,44.731,-110.501,2407.9,2001,gr,2,4,198,168.74,89.16,10.84,81.11888112,18.88111888,0,198,20323,,74750,5830
c,44.731,-110.501,2407.9,2001,gr,2,5,198,132.75,93.33,6.67,73.33333333,26.66666667,0,198,20323,,74750,5830
c,44.731,-110.501,2407.9,2001,gr,2,6,198,147.5,97.6,2.4,74.8,25.2,0,198,20323,,74750,5830
c,44.731,-110.501,2407.9,2001,gr,2,7,198,166.38,91.84,8.16,70.21276596,29.78723404,0,198,20323,,74750,5830
c,44.731,-110.501,2407.9,2001,gr,2,8,198,168.15,95.44,4.56,68.77192982,31.22807018,0,198,20323,,74750,5830
c,44.731,-110.501,2407.9,2001,gr,2,9,198,145.14,99.19,0.81,75.6097561,24.3902439,0,198,20323,,74750,5830
c,44.731,-110.501,2407.9,2001,gr,2,10,198,147.5,96.4,3.6,83.2,16.8,0,198,20323,,74750,5830
c,44.731,-110.501,2407.9,2001,gr,2,11,198,159.89,97.79,2.21,71.95571956,28.04428044,0,198,20323,,74750,5830
c,44.731,-110.501,2407.9,2001,gr,2,12,198,180.54,87.91,12.09,66.66666667,33.33333333,0,198,20323,,74750,5830
c,44.731,-110.501,2407.9,2001,gr,3,1,230,137.326,53.02,46.98,,,,230,12419,,74750,5830
c,44.731,-110.501,2407.9,2001,gr,3,2,230,128.174,46.3,53.7,,,,230,12419,,74750,5830
c,44.731,-110.501,2407.9,2001,gr,3,3,230,106.438,51.12,48.88,,,,230,12419,,74750,5830
c,44.731,-110.501,2407.9,2001,gr,3,4,230,127.03,44.39,55.61,,,,230,12419,,74750,5830
c,44.731,-110.501,2407.9,2001,gr,3,5,230,147.622,44.4,55.6,,,,230,12419,,74750,5830
c,44.731,-110.501,2407.9,2001,gr,3,6,230,136.754,45.45,54.55,,,,230,12419,,74750,5830
c,44.731,-110.501,2407.9,2001,gr,3,7,230,98.43,46.34,53.66,,,,230,12419,,74750,5830
c,44.731,-110.501,2407.9,2001,gr,3,8,230,97.858,47.85,52.15,,,,230,12419,,74750,5830
c,44.731,-110.501,2407.9,2001,gr,3,9,230,104.15,33.91,66.09,,,,230,12419,,74750,5830
c,44.731,-110.501,2407.9,2001,gr,3,10,230,85.846,50.7,49.3,,,,230,12419,,74750,5830
c,44.731,-110.501,2407.9,2001,gr,3,11,230,96.714,36.65,63.35,,,,230,12419,,74750,5830
c,44.731,-110.501,2407.9,2001,gr,3,12,230,157.346,56.93,43.07,,,,230,12419,,74750,5830
c,44.731,-110.501,2407.9,2001,gr,4,1,255,184.802,20,80,,,,255,10157,,74750,5830
c,44.731,-110.501,2407.9,2001,gr,4,2,255,101.29,17.16,82.84,,,,255,10157,,74750,5830
c,44.731,-110.501,2407.9,2001,gr,4,3,255,112.158,19.15,80.85,,,,255,10157,,74750,5830
c,44.731,-110.501,2407.9,2001,gr,4,4,255,107.582,16.67,83.33,,,,255,10157,,74750,5830
c,44.731,-110.501,2407.9,2001,gr,4,5,255,97.286,14.81,85.19,,,,255,10157,,74750,5830
c,44.731,-110.501,2407.9,2001,gr,4,6,255,111.586,10.16,89.84,,,,255,10157,,74750,5830
c,44.731,-110.501,2407.9,2001,gr,4,7,255,144.19,14.34,85.66,,,,255,10157,,74750,5830
c,44.731,-110.501,2407.9,2001,gr,4,8,255,200.246,8.77,91.23,,,,255,10157,,74750,5830
c,44.731,-110.501,2407.9,2001,gr,4,9,255,157.918,16.42,83.58,,,,255,10157,,74750,5830
c,44.731,-110.501,2407.9,2001,gr,4,10,255,122.454,14.08,85.92,,,,255,10157,,74750,5830
c,44.731,-110.501,2407.9,2001,gr,4,11,255,97.286,19.14,80.86,,,,255,10157,,74750,5830
c,44.731,-110.501,2407.9,2001,gr,4,12,255,105.866,18.08,81.92,,,,255,10157,,74750,5830
c,44.731,-110.501,2407.9,2001,gr,5,1,281,,,,,,,,,,74750,5830
casp,44.91,-110.3224,1912.6,2012,gr,1,1,127,53.2,94.74,5.26,81.57894737,18.42105263,0,,,,56400,4200
casp,44.91,-110.3224,1912.6,2012,gr,1,2,127,42,96.67,3.33,90,10,0,,,,56400,4200
casp,44.91,-110.3224,1912.6,2012,gr,1,3,127,46.9,97.01,2.99,85.07462687,14.92537313,0,,,,56400,4200
casp,44.91,-110.3224,1912.6,2012,gr,1,4,127,56.7,88.89,11.11,92.59259259,7.407407407,0,,,,56400,4200
casp,44.91,-110.3224,1912.6,2012,gr,1,5,127,51.1,94.52,5.48,71.23287671,28.76712329,0,,,,56400,4200
casp,44.91,-110.3224,1912.6,2012,gr,1,6,127,50.4,90.28,9.72,93.05555556,6.944444444,0,,,,56400,4200
casp,44.91,-110.3224,1912.6,2012,gr,1,7,127,48.3,98.55,1.45,81.15942029,18.84057971,0,,,,56400,4200
casp,44.91,-110.3224,1912.6,2012,gr,1,8,127,30.8,95.45,4.55,84.09090909,15.90909091,0,,,,56400,4200
casp,44.91,-110.3224,1912.6,2012,gr,1,9,127,44.8,98.44,1.56,67.1875,32.8125,0,,,,56400,4200
casp,44.91,-110.3224,1912.6,2012,gr,1,10,127,50.4,91.67,8.33,73.61111111,26.38888889,0,,,,56400,4200
casp,44.91,-110.3224,1912.6,2012,gr,2,1,158,63,82.22,17.78,70,30,0,,,,56400,4200
casp,44.91,-110.3224,1912.6,2012,gr,2,2,158,87.5,94.4,5.6,59.2,40.8,0,,,,56400,4200
casp,44.91,-110.3224,1912.6,2012,gr,2,3,158,87.5,88.8,11.2,81.6,18.4,0,,,,56400,4200
casp,44.91,-110.3224,1912.6,2012,gr,2,4,158,124.6,94.38,5.62,73.03370787,26.96629213,0,,,,56400,4200
casp,44.91,-110.3224,1912.6,2012,gr,2,5,158,112,91.88,8.13,78.125,21.875,0,,,,56400,4200
casp,44.91,-110.3224,1912.6,2012,gr,2,6,158,59.5,92.94,7.06,75.29411765,24.70588235,0,,,,56400,4200
casp,44.91,-110.3224,1912.6,2012,gr,2,7,158,78.4,91.07,8.93,70.53571429,29.46428571,0,,,,56400,4200
casp,44.91,-110.3224,1912.6,2012,gr,2,8,158,135.8,89.18,10.82,78.35051546,21.64948454,0,,,,56400,4200
casp,44.91,-110.3224,1912.6,2012,gr,2,9,158,106.4,93.42,6.58,71.71052632,28.28947368,0,,,,56400,4200
casp,44.91,-110.3224,1912.6,2012,gr,2,10,158,70.7,93.07,6.93,73.26732673,26.73267327,0,,,,56400,4200
casp,44.91,-110.3224,1912.6,2012,gr,3,1,206,59.5,62.35,37.65,68.23529412,27.05882353,4.494382022,,,,56400,4200
casp,44.91,-110.3224,1912.6,2012,gr,3,2,206,95.2,59.56,40.44,74.26470588,25.73529412,0,,,,56400,4200
casp,44.91,-110.3224,1912.6,2012,gr,3,3,206,74.9,64.49,35.51,82.24299065,17.75700935,0,,,,56400,4200
casp,44.91,-110.3224,1912.6,2012,gr,3,4,206,72.8,39.42,60.58,77.88461538,22.11538462,0,,,,56400,4200
casp,44.91,-110.3224,1912.6,2012,gr,3,5,206,99.4,68.31,31.69,90.84507042,9.154929577,0,,,,56400,4200
casp,44.91,-110.3224,1912.6,2012,gr,3,6,206,64.4,70.65,29.35,85.86956522,14.13043478,0,,,,56400,4200
casp,44.91,-110.3224,1912.6,2012,gr,3,7,206,129.5,54.59,45.41,83.78378378,16.21621622,0,,,,56400,4200
casp,44.91,-110.3224,1912.6,2012,gr,3,8,206,102.2,63.7,36.3,71.23287671,28.76712329,0,,,,56400,4200
casp,44.91,-110.3224,1912.6,2012,gr,3,9,206,101.5,65.52,34.48,73.10344828,26.89655172,0,,,,56400,4200
casp,44.91,-110.3224,1912.6,2012,gr,3,10,206,81.9,62.39,37.61,68.37606838,31.62393162,0,,,,56400,4200
casp,44.91,-110.3224,1912.6,2012,gr,4,1,232,72.8,32.69,67.31,81.73076923,18.26923077,0,,,,56400,4200
casp,44.91,-110.3224,1912.6,2012,gr,4,2,232,107.1,24.84,75.16,93.46405229,6.535947712,0,,,,56400,4200
casp,44.91,-110.3224,1912.6,2012,gr,4,3,232,116.9,34.13,65.87,88.0239521,11.9760479,0,,,,56400,4200
casp,44.91,-110.3224,1912.6,2012,gr,4,4,232,68.6,38.78,61.22,75.51020408,24.48979592,0,,,,56400,4200
casp,44.91,-110.3224,1912.6,2012,gr,4,5,232,99.4,49.3,50.7,73.94366197,26.05633803,0,,,,56400,4200
casp,44.91,-110.3224,1912.6,2012,gr,4,6,232,73.5,33.33,66.67,99.04761905,0.952380952,0,,,,56400,4200
casp,44.91,-110.3224,1912.6,2012,gr,4,7,232,85.4,23.77,76.23,82.78688525,17.21311475,0,,,,56400,4200
casp,44.91,-110.3224,1912.6,2012,gr,4,8,232,101.5,37.93,62.07,70.34482759,29.65517241,0,,,,56400,4200
casp,44.91,-110.3224,1912.6,2012,gr,4,9,232,65.8,38.3,61.7,71.27659574,28.72340426,0,,,,56400,4200
casp,44.91,-110.3224,1912.6,2012,gr,4,10,232,73.5,39.05,60.95,88.57142857,11.42857143,0,,,,56400,4200
casp,44.91,-110.3224,1912.6,2012,gr,5,1,261,58.1,33.73,66.27,80.72289157,19.27710843,0,,,,56400,4200
casp,44.91,-110.3224,1912.6,2012,gr,5,2,261,42,35,65,78.33333333,21.66666667,0,,,,56400,4200
casp,44.91,-110.3224,1912.6,2012,gr,5,3,261,40.6,46.55,53.45,84.48275862,15.51724138,0,,,,56400,4200
casp,44.91,-110.3224,1912.6,2012,gr,5,4,261,98.7,24.82,75.18,76.59574468,17.0212766,6,,,,56400,4200
casp,44.91,-110.3224,1912.6,2012,gr,5,5,261,91.7,13.74,86.26,89.3129771,10.6870229,0,,,,56400,4200
casp,44.91,-110.3224,1912.6,2012,gr,5,6,261,67.2,16.67,83.33,71.875,28.125,0,,,,56400,4200
casp,44.91,-110.3224,1912.6,2012,gr,5,7,261,52.5,25.33,74.67,85.33333333,14.66666667,0,,,,56400,4200
casp,44.91,-110.3224,1912.6,2012,gr,5,8,261,63,26.67,73.33,64.44444444,35.55555556,0,,,,56400,4200
casp,44.91,-110.3224,1912.6,2012,gr,5,9,261,69.3,18.18,81.82,54.54545455,45.45454545,0,,,,56400,4200
casp,44.91,-110.3224,1912.6,2012,gr,5,10,261,77,10.91,89.09,84.54545455,15.45454545,0,,,,56400,4200
casp,44.91,-110.3224,1912.6,2013,gr,1,1,149,71.4,100,0,72.54901961,25.49019608,1.923076923,149,27300,3606,56400,4200
casp,44.91,-110.3224,1912.6,2013,gr,1,2,149,91,93.85,6.15,98.46153846,1.538461538,0,149,27300,3606,56400,4200
casp,44.91,-110.3224,1912.6,2013,gr,1,3,149,109.2,98.72,1.28,84.61538462,15.38461538,0,149,27300,3606,56400,4200
casp,44.91,-110.3224,1912.6,2013,gr,1,4,149,120.4,98.84,1.16,89.53488372,10.46511628,0,149,27300,3606,56400,4200
casp,44.91,-110.3224,1912.6,2013,gr,1,5,149,102.2,100,0,54.79452055,45.20547945,0,149,27300,3606,56400,4200
casp,44.91,-110.3224,1912.6,2013,gr,1,6,149,155.4,100,0,79.27927928,20.72072072,0,149,27300,3606,56400,4200
casp,44.91,-110.3224,1912.6,2013,gr,1,7,149,126,100,0,76.66666667,23.33333333,0,149,27300,3606,56400,4200
casp,44.91,-110.3224,1912.6,2013,gr,1,8,149,70,98,2,62,38,0,149,27300,3606,56400,4200
casp,44.91,-110.3224,1912.6,2013,gr,1,9,149,99.4,98.59,1.41,88.73239437,11.26760563,0,149,27300,3606,56400,4200
casp,44.91,-110.3224,1912.6,2013,gr,1,10,149,79.8,98.25,1.75,68.42105263,31.57894737,0,149,27300,3606,56400,4200
casp,44.91,-110.3224,1912.6,2013,gr,2,1,178,65.8,91.49,8.51,78.72340426,21.27659574,0,178,17600,2153,56400,4200
casp,44.91,-110.3224,1912.6,2013,gr,2,2,178,50.4,83.33,16.67,72.22222222,27.77777778,0,178,17600,2153,56400,4200
casp,44.91,-110.3224,1912.6,2013,gr,2,3,178,130.2,97.85,2.15,70.96774194,29.03225806,0,178,17600,2153,56400,4200
casp,44.91,-110.3224,1912.6,2013,gr,2,4,178,70,98,2,82,18,0,178,17600,2153,56400,4200
casp,44.91,-110.3224,1912.6,2013,gr,2,5,178,70,94,6,66,34,0,178,17600,2153,56400,4200
casp,44.91,-110.3224,1912.6,2013,gr,2,6,178,56,95,5,67.5,32.5,0,178,17600,2153,56400,4200
casp,44.91,-110.3224,1912.6,2013,gr,2,7,178,84,91.67,8.33,60,40,0,178,17600,2153,56400,4200
casp,44.91,-110.3224,1912.6,2013,gr,2,8,178,81.2,96.55,3.45,55.17241379,44.82758621,0,178,17600,2153,56400,4200
casp,44.91,-110.3224,1912.6,2013,gr,2,9,178,96.6,92.75,7.25,73.91304348,26.08695652,0,178,17600,2153,56400,4200
casp,44.91,-110.3224,1912.6,2013,gr,2,10,178,85.4,100,0,78.68852459,21.31147541,0,178,17600,2153,56400,4200
casp,44.91,-110.3224,1912.6,2013,gr,3,1,205,50.4,75,25,66.66666667,33.33333333,0,205,15900,2111,56400,4200
casp,44.91,-110.3224,1912.6,2013,gr,3,2,205,72.8,46.15,53.85,96.15384615,3.846153846,0,205,15900,2111,56400,4200
casp,44.91,-110.3224,1912.6,2013,gr,3,3,205,60.2,62.79,37.21,95.34883721,4.651162791,0,205,15900,2111,56400,4200
casp,44.91,-110.3224,1912.6,2013,gr,3,4,205,75.6,75.93,24.07,90.74074074,9.259259259,0,205,15900,2111,56400,4200
casp,44.91,-110.3224,1912.6,2013,gr,3,5,205,77,58.18,41.82,87.27272727,12.72727273,0,205,15900,2111,56400,4200
casp,44.91,-110.3224,1912.6,2013,gr,3,6,205,79.8,59.65,40.35,68.42105263,31.57894737,0,205,15900,2111,56400,4200
casp,44.91,-110.3224,1912.6,2013,gr,3,7,205,79.8,71.93,28.07,78.94736842,21.05263158,0,205,15900,2111,56400,4200
casp,44.91,-110.3224,1912.6,2013,gr,3,8,205,81.2,77.59,22.41,58.62068966,41.37931034,0,205,15900,2111,56400,4200
casp,44.91,-110.3224,1912.6,2013,gr,4,1,232,82.6,61.02,38.98,91.52542373,8.474576271,0,232,15800,2183,56400,4200
casp,44.91,-110.3224,1912.6,2013,gr,4,2,232,67.2,60.42,39.58,66.66666667,33.33333333,0,232,15800,2183,56400,4200
casp,44.91,-110.3224,1912.6,2013,gr,4,3,232,54.6,56.41,43.59,92.30769231,7.692307692,0,232,15800,2183,56400,4200
casp,44.91,-110.3224,1912.6,2013,gr,4,4,232,44.8,46.88,53.13,90.625,9.375,0,232,15800,2183,56400,4200
casp,44.91,-110.3224,1912.6,2013,gr,4,5,232,71.4,23.53,76.47,78.43137255,21.56862745,0,232,15800,2183,56400,4200
casp,44.91,-110.3224,1912.6,2013,gr,4,6,232,33.6,41.67,58.33,75,25,0,232,15800,2183,56400,4200
casp,44.91,-110.3224,1912.6,2013,gr,4,7,232,82.6,45.76,54.24,79.66101695,20.33898305,0,232,15800,2183,56400,4200
casp,44.91,-110.3224,1912.6,2013,gr,4,8,232,40.6,58.62,41.38,86.20689655,13.79310345,0,232,15800,2183,56400,4200
casp,44.91,-110.3224,1912.6,2013,gr,4,9,232,33.6,4.17,95.83,79.16666667,20.83333333,0,232,15800,2183,56400,4200
casp,44.91,-110.3224,1912.6,2013,gr,4,10,232,49,28.57,71.43,80,20,0,232,15800,2183,56400,4200
casp,44.91,-110.3224,1912.6,2013,gr,5,1,261,47.6,61.76,38.24,61.76470588,38.23529412,0,261,21500,2728,56400,4200
casp,44.91,-110.3224,1912.6,2013,gr,5,2,261,42,80,20,40,60,0,261,21500,2728,56400,4200
casp,44.91,-110.3224,1912.6,2013,gr,5,3,261,57.4,60.98,39.02,68.29268293,31.70731707,0,261,21500,2728,56400,4200
casp,44.91,-110.3224,1912.6,2013,gr,5,4,261,36.4,92.31,7.69,73.07692308,26.92307692,0,261,21500,2728,56400,4200
casp,44.91,-110.3224,1912.6,2013,gr,5,5,261,58.8,45.24,54.76,71.42857143,28.57142857,0,261,21500,2728,56400,4200
casp,44.91,-110.3224,1912.6,2013,gr,5,6,261,39.2,57.14,42.86,75,25,0,261,21500,2728,56400,4200
casp,44.91,-110.3224,1912.6,2013,gr,5,7,261,84,58.33,41.67,73.33333333,26.66666667,0,261,21500,2728,56400,4200
casp,44.91,-110.3224,1912.6,2013,gr,5,8,261,64.4,52.17,47.83,58.69565217,41.30434783,0,261,21500,2728,56400,4200
casp,44.91,-110.3224,1912.6,2013,gr,5,9,261,63,60,40,95.55555556,4.444444444,0,261,21500,2728,56400,4200
casp,44.91,-110.3224,1912.6,2013,gr,5,10,261,49,31.43,68.57,94.28571429,5.714285714,0,261,21500,2728,56400,4200
cb,44.913,-110.3201,1912.6,1988,gr,1,1,146,39.92043,100,0,86.13138686,13.86861314,0,146,30347,3404,29671.05263,2000
cb,44.913,-110.3201,1912.6,1988,gr,1,2,146,39.92043,100,0,90.51094891,9.489051095,0,146,30347,3404,29671.05263,2000
cb,44.913,-110.3201,1912.6,1988,gr,1,3,146,42.83433,100,0,89.79591837,10.20408163,0,146,30347,3404,29671.05263,2000
cb,44.913,-110.3201,1912.6,1988,gr,1,4,146,46.03962,100,0,92.40506329,3.797468354,3.658536585,146,30347,3404,29671.05263,2000
cb,44.913,-110.3201,1912.6,1988,gr,1,5,146,50.70186,100,0,81.6091954,5.747126437,11.2244898,146,30347,3404,29671.05263,2000
cb,44.913,-110.3201,1912.6,1988,gr,1,6,146,30.59595,100,0,94.28571429,5.714285714,0,146,30347,3404,29671.05263,2000
cb,44.913,-110.3201,1912.6,1988,gr,1,7,146,50.99325,100,0,91.42857143,6.285714286,2.234636872,146,30347,3404,29671.05263,2000
cb,44.913,-110.3201,1912.6,1988,gr,1,8,146,43.12572,100,0,91.21621622,8.783783784,0,146,30347,3404,29671.05263,2000
cb,44.913,-110.3201,1912.6,1988,gr,1,9,146,69.35082,100,0,94.11764706,5.882352941,0,146,30347,3404,29671.05263,2000
cb,44.913,-110.3201,1912.6,1988,gr,1,10,146,42.83433,100,0,89.79591837,10.20408163,0,146,30347,3404,29671.05263,2000
cb,44.913,-110.3201,1912.6,1988,gr,1,11,146,55.07271,100,0,75.66137566,16.4021164,7.352941176,146,30347,3404,29671.05263,2000
cb,44.913,-110.3201,1912.6,1988,gr,1,12,146,46.33101,100,0,95.59748428,4.402515723,0,146,30347,3404,29671.05263,2000
cb,44.913,-110.3201,1912.6,1988,gr,2,1,171,85.37727,95.9,4.1,84.3003413,15.01706485,0.677966102,171,17345,2501,29671.05263,2000
cb,44.913,-110.3201,1912.6,1988,gr,2,2,171,48.07935,83.64,16.36,89.6969697,9.090909091,1.19760479,171,17345,2501,29671.05263,2000
cb,44.913,-110.3201,1912.6,1988,gr,2,3,171,77.21835,95.09,4.91,73.58490566,25.28301887,1.119402985,171,17345,2501,29671.05263,2000
cb,44.913,-110.3201,1912.6,1988,gr,2,4,171,38.46348,96.97,3.03,86.36363636,13.63636364,0,171,17345,2501,29671.05263,2000
cb,44.913,-110.3201,1912.6,1988,gr,2,5,171,58.278,88.5,11.5,74.5,15,9.502262443,171,17345,2501,29671.05263,2000
cb,44.913,-110.3201,1912.6,1988,gr,2,6,171,30.01317,94.17,5.83,72.81553398,27.18446602,0,171,17345,2501,29671.05263,2000
cb,44.913,-110.3201,1912.6,1988,gr,2,7,171,85.08588,94.86,5.14,65.75342466,34.24657534,0,171,17345,2501,29671.05263,2000
cb,44.913,-110.3201,1912.6,1988,gr,2,8,171,45.45684,94.23,5.77,81.41025641,18.58974359,0,171,17345,2501,29671.05263,2000
cb,44.913,-110.3201,1912.6,1988,gr,2,9,171,41.66877,78.32,21.68,85.31468531,14.68531469,0,171,17345,2501,29671.05263,2000
cb,44.913,-110.3201,1912.6,1988,gr,2,10,171,33.50985,93.91,6.09,80,20,0,171,17345,2501,29671.05263,2000
cb,44.913,-110.3201,1912.6,1988,gr,2,11,171,52.74159,80.66,19.34,72.37569061,19.33701657,7.653061224,171,17345,2501,29671.05263,2000
cb,44.913,-110.3201,1912.6,1988,gr,2,12,171,53.61576,94.57,5.43,86.41304348,13.58695652,0,171,17345,2501,29671.05263,2000
cb,44.913,-110.3201,1912.6,1988,gr,3,1,199,68.76804,83.47,16.53,77.96610169,22.03389831,0,199,15661,1574,29671.05263,2000
cb,44.913,-110.3201,1912.6,1988,gr,3,2,199,71.68194,65.85,34.15,89.83739837,10.16260163,0,199,15661,1574,29671.05263,2000
cb,44.913,-110.3201,1912.6,1988,gr,3,3,199,48.66213,77.84,22.16,92.21556886,7.784431138,0,199,15661,1574,29671.05263,2000
cb,44.913,-110.3201,1912.6,1988,gr,3,4,199,46.33101,83.65,16.35,82.38993711,17.61006289,0,199,15661,1574,29671.05263,2000
cb,44.913,-110.3201,1912.6,1988,gr,3,5,199,33.21846,81.58,18.42,69.29824561,19.29824561,10.23622047,199,15661,1574,29671.05263,2000
cb,44.913,-110.3201,1912.6,1988,gr,3,6,199,76.34418,79.39,20.61,90.07633588,9.923664122,0,199,15661,1574,29671.05263,2000
cb,44.913,-110.3201,1912.6,1988,gr,3,7,199,46.91379,91.3,8.7,88.19875776,10.55900621,1.226993865,199,15661,1574,29671.05263,2000
cb,44.913,-110.3201,1912.6,1988,gr,3,8,199,69.35082,77.73,22.27,82.77310924,9.663865546,7.03125,199,15661,1574,29671.05263,2000
cb,44.913,-110.3201,1912.6,1988,gr,3,9,199,53.61576,66.85,33.15,75.54347826,24.45652174,0,199,15661,1574,29671.05263,2000
cb,44.913,-110.3201,1912.6,1988,gr,3,10,199,59.44356,87.75,12.25,86.2745098,9.803921569,3.773584906,199,15661,1574,29671.05263,2000
cb,44.913,-110.3201,1912.6,1988,gr,3,11,199,41.37738,92.96,7.04,68.30985915,9.85915493,17.91907514,199,15661,1574,29671.05263,2000
cb,44.913,-110.3201,1912.6,1988,gr,3,12,199,66.72831,79.48,20.52,77.29257642,6.550218341,13.90977444,199,15661,1574,29671.05263,2000
cb,44.913,-110.3201,1912.6,1988,gr,4,1,227,55.3641,24.21,75.79,84.21052632,15.78947368,0,227,13151,1685,29671.05263,2000
cb,44.913,-110.3201,1912.6,1988,gr,4,2,227,49.5363,9.41,90.59,82.35294118,9.411764706,7.608695652,227,13151,1685,29671.05263,2000
cb,44.913,-110.3201,1912.6,1988,gr,4,3,227,57.11244,31.12,68.88,72.44897959,27.55102041,0,227,13151,1685,29671.05263,2000
cb,44.913,-110.3201,1912.6,1988,gr,4,4,227,37.00653,33.86,66.14,91.33858268,7.086614173,1.550387597,227,13151,1685,29671.05263,2000
cb,44.913,-110.3201,1912.6,1988,gr,4,5,227,53.32437,40.98,59.02,74.86338798,2.732240437,18.30357143,227,13151,1685,29671.05263,2000
cb,44.913,-110.3201,1912.6,1988,gr,4,6,227,72.26472,38.31,61.69,83.06451613,8.467741935,7.80669145,227,13151,1685,29671.05263,2000
cb,44.913,-110.3201,1912.6,1988,gr,4,7,227,96.45009,35.35,64.65,94.31137725,5.688622754,0,227,13151,1685,29671.05263,2000
cb,44.913,-110.3201,1912.6,1988,gr,4,8,227,67.31109,22.08,77.92,87.55760369,12.44239631,0,227,13151,1685,29671.05263,2000
cb,44.913,-110.3201,1912.6,1988,gr,4,9,227,32.92707,46.02,53.98,94.69026549,5.309734513,0,227,13151,1685,29671.05263,2000
cb,44.913,-110.3201,1912.6,1988,gr,4,10,227,32.92707,38.05,61.95,84.07079646,5.309734513,9.6,227,13151,1685,29671.05263,2000
cb,44.913,-110.3201,1912.6,1988,gr,4,11,227,36.13236,41.94,58.06,92.74193548,7.258064516,0,227,13151,1685,29671.05263,2000
cb,44.913,-110.3201,1912.6,1988,gr,4,12,227,37.29792,52.34,47.66,76.8115942,17.39130435,5.882352941,227,13151,1685,29671.05263,2000
cb,44.913,-110.3201,1912.6,1988,gr,5,1,256,32.92707,0.88,99.12,96.46017699,3.539823009,0,256,11664,1482,29671.05263,2000
cb,44.913,-110.3201,1912.6,1988,gr,5,2,256,75.17862,0.78,99.22,97.6744186,2.325581395,0,256,11664,1482,29671.05263,2000
cb,44.913,-110.3201,1912.6,1988,gr,5,3,256,46.03962,8.86,91.14,96.20253165,3.797468354,0,256,11664,1482,29671.05263,2000
cb,44.913,-110.3201,1912.6,1988,gr,5,4,256,37.00653,8.66,91.34,87.4015748,4.724409449,7.299270073,256,11664,1482,29671.05263,2000
cb,44.913,-110.3201,1912.6,1988,gr,5,5,256,18.94035,16.92,83.08,90.76923077,9.230769231,0,256,11664,1482,29671.05263,2000
cb,44.913,-110.3201,1912.6,1988,gr,5,6,256,30.01317,1.94,98.06,93.2038835,0,6.363636364,256,11664,1482,29671.05263,2000
cb,44.913,-110.3201,1912.6,1989,gr,1,1,144,38.46348,100,0,93.93939394,4.545454545,1.492537313,,,,29671.05,2000
cb,44.913,-110.3201,1912.6,1989,gr,1,2,144,41.37738,100,0,85.91549296,5.633802817,7.792207792,,,,29671.05,2000
cb,44.913,-110.3201,1912.6,1989,gr,1,3,144,33.21846,100,0,92.98245614,7.01754386,0,,,,29671.05,2000
cb,44.913,-110.3201,1912.6,1989,gr,1,4,144,43.12572,100,0,83.78378378,12.16216216,3.896103896,,,,29671.05,2000
cb,44.913,-110.3201,1912.6,1989,gr,1,5,144,46.6224,100,0,96.25,3.75,0,,,,29671.05,2000
cb,44.913,-110.3201,1912.6,1989,gr,1,6,144,33.21846,100,0,80.70175439,19.29824561,0,,,,29671.05,2000
cb,44.913,-110.3201,1912.6,1989,gr,1,7,144,18.64896,100,0,65.625,21.875,11.11111111,,,,29671.05,2000
cb,44.913,-110.3201,1912.6,1989,gr,1,8,144,25.64232,100,0,84.09090909,11.36363636,4.347826087,,,,29671.05,2000
cb,44.913,-110.3201,1912.6,1989,gr,1,9,144,18.64896,100,0,84.375,15.625,0,,,,29671.05,2000
cb,44.913,-110.3201,1912.6,1989,gr,1,10,144,25.64232,100,0,93.18181818,6.818181818,0,,,,29671.05,2000
cb,44.913,-110.3201,1912.6,1989,gr,1,11,144,26.2251,100,0,91.11111111,8.888888889,0,,,,29671.05,2000
cb,44.913,-110.3201,1912.6,1989,gr,1,12,144,20.3973,100,0,94.28571429,2.857142857,2.777777778,,,,29671.05,2000
cb,44.913,-110.3201,1912.6,1989,gr,2,1,171,89.74812,94.16,5.84,73.37662338,26.62337662,0,,,,29671.05,2000
cb,44.913,-110.3201,1912.6,1989,gr,2,2,171,47.78796,91.46,8.54,85.36585366,14.63414634,0,,,,29671.05,2000
cb,44.913,-110.3201,1912.6,1989,gr,2,3,171,33.80124,100,0,62.06896552,37.93103448,0,,,,29671.05,2000
cb,44.913,-110.3201,1912.6,1989,gr,2,4,171,35.54958,100,0,73.7704918,26.2295082,0,,,,29671.05,2000
cb,44.913,-110.3201,1912.6,1989,gr,2,5,171,37.29792,98.44,1.56,54.6875,34.375,9.85915493,,,,29671.05,2000
cb,44.913,-110.3201,1912.6,1989,gr,2,6,171,42.54294,100,0,54.79452055,26.02739726,16.09195402,,,,29671.05,2000
cb,44.913,-110.3201,1912.6,1989,gr,2,7,171,60.02634,99.03,0.97,77.66990291,21.3592233,0.961538462,,,,29671.05,2000
cb,44.913,-110.3201,1912.6,1989,gr,2,8,171,48.95352,98.81,1.19,45.23809524,21.42857143,25,,,,29671.05,2000
cb,44.913,-110.3201,1912.6,1989,gr,3,1,199,47.20518,55.56,44.44,82.71604938,14.81481481,2.409638554,,,,29671.05,2000
cb,44.913,-110.3201,1912.6,1989,gr,3,2,199,75.17862,79.07,20.93,84.49612403,13.17829457,2.272727273,,,,29671.05,2000
cb,44.913,-110.3201,1912.6,1989,gr,3,3,199,69.9336,84.17,15.83,46.66666667,51.66666667,1.639344262,,,,29671.05,2000
cb,44.913,-110.3201,1912.6,1989,gr,3,4,199,65.85414,68.14,31.86,29.20353982,70.79646018,0,,,,29671.05,2000
cb,44.913,-110.3201,1912.6,1989,gr,3,5,199,87.417,83.33,16.67,40.66666667,17.33333333,29.57746479,,,,29671.05,2000
cb,44.913,-110.3201,1912.6,1989,gr,3,6,199,48.37074,78.31,21.69,66.26506024,15.6626506,15.30612245,,,,29671.05,2000
cb,44.913,-110.3201,1912.6,1989,gr,3,7,199,39.04626,70.15,29.85,44.7761194,14.92537313,28.72340426,,,,29671.05,2000
cb,44.913,-110.3201,1912.6,1989,gr,3,8,199,46.6224,50,50,67.5,8.75,19.19191919,,,,29671.05,2000
cb,44.913,-110.3201,1912.6,1989,gr,3,9,199,55.94688,63.54,36.46,73.95833333,3.125,18.6440678,,,,29671.05,2000
cb,44.913,-110.3201,1912.6,1989,gr,3,10,199,44.29128,69.74,30.26,77.63157895,22.36842105,0,,,,29671.05,2000
cb,44.913,-110.3201,1912.6,1989,gr,3,11,199,61.77468,81.13,18.87,81.13207547,12.26415094,6.194690265,,,,29671.05,2000
cb,44.913,-110.3201,1912.6,1989,gr,3,12,199,61.1919,80,20,57.14285714,41.9047619,0.943396226,,,,29671.05,2000
cb,44.913,-110.3201,1912.6,1989,gr,4,1,227,40.7946,74.29,25.71,81.42857143,11.42857143,6.666666667,,,,29671.05,2000
cb,44.913,-110.3201,1912.6,1989,gr,4,2,227,15.15228,30.77,69.23,53.84615385,46.15384615,0,,,,29671.05,2000
cb,44.913,-110.3201,1912.6,1989,gr,4,3,227,15.15228,61.54,38.46,84.61538462,15.38461538,0,,,,29671.05,2000
cb,44.913,-110.3201,1912.6,1989,gr,4,4,227,19.23174,30.3,69.7,69.6969697,30.3030303,0,,,,29671.05,2000
cb,44.913,-110.3201,1912.6,1989,gr,4,5,227,46.6224,56.25,43.75,60,40,0,,,,29671.05,2000
cb,44.913,-110.3201,1912.6,1989,gr,4,6,227,41.96016,61.11,38.89,48.61111111,48.61111111,2.702702703,,,,29671.05,2000
cb,44.913,-110.3201,1912.6,1989,gr,4,7,227,30.88734,52.83,47.17,73.58490566,9.433962264,14.51612903,,,,29671.05,2000
cb,44.913,-110.3201,1912.6,1989,gr,4,8,227,16.90062,55.17,44.83,65.51724138,34.48275862,0,,,,29671.05,2000
cb,44.913,-110.3201,1912.6,1989,gr,4,9,227,32.63568,66.07,33.93,58.92857143,12.5,22.22222222,,,,29671.05,2000
cb,44.913,-110.3201,1912.6,1989,gr,4,10,227,29.72178,62.75,37.25,82.35294118,17.64705882,0,,,,29671.05,2000
cb,44.913,-110.3201,1912.6,1989,gr,4,11,227,34.9668,76.67,23.33,41.66666667,15,30.23255814,,,,29671.05,2000
cb,44.913,-110.3201,1912.6,1989,gr,4,12,227,34.9668,36.67,63.33,75,6.666666667,15.49295775,,,,29671.05,2000
cb,44.913,-110.3201,1912.6,1989,gr,5,1,255,32.63568,48.21,51.79,62.5,35.71428571,1.754385965,,,,29671.05,2000
cb,44.913,-110.3201,1912.6,1989,gr,5,2,255,38.46348,33.33,66.67,56.06060606,43.93939394,0,,,,29671.05,2000
cb,44.913,-110.3201,1912.6,1989,gr,5,3,255,33.21846,33.33,66.67,77.19298246,0,18.57142857,,,,29671.05,2000
cb,44.913,-110.3201,1912.6,1989,gr,5,4,255,37.29792,28.13,71.88,78.125,17.1875,4.47761194,,,,29671.05,2000
cb,44.913,-110.3201,1912.6,1989,gr,5,5,255,34.38402,32.2,67.8,71.18644068,13.55932203,13.23529412,,,,29671.05,2000
cb,44.913,-110.3201,1912.6,1989,gr,5,6,255,25.64232,27.27,72.73,77.27272727,22.72727273,0,,,,29671.05,2000
cb,44.913,-110.3201,1912.6,1989,gr,5,7,255,21.56286,21.62,78.38,43.24324324,35.13513514,17.77777778,,,,29671.05,2000
cb,44.913,-110.3201,1912.6,1989,gr,5,8,255,41.96016,23.61,76.39,75,25,0,,,,29671.05,2000
cb,44.913,-110.3201,1912.6,1989,gr,6,1,283,40.7946,8.57,91.43,88.57142857,11.42857143,0,,,,29671.05,2000
cb,44.913,-110.3201,1912.6,1989,gr,6,2,283,21.56286,5.41,94.59,89.18918919,10.81081081,0,,,,29671.05,2000
cb,44.913,-110.3201,1912.6,1989,gr,6,3,283,35.54958,3.28,96.72,78.68852459,9.836065574,10.29411765,,,,29671.05,2000
cb,44.913,-110.3201,1912.6,1989,gr,6,4,283,31.76151,17.43,82.57,77.98165138,22.01834862,0,,,,29671.05,2000
cb,44.913,-110.3201,1912.6,1989,gr,6,5,283,22.14564,7.89,92.11,60.52631579,39.47368421,0,,,,29671.05,2000
cb,44.913,-110.3201,1912.6,1989,gr,6,6,283,10.49004,11.11,88.89,88.88888889,5.555555556,5.263157895,,,,29671.05,2000
cb,44.913,-110.3201,1912.6,1989,gr,6,7,283,26.80788,19.57,80.43,82.60869565,17.39130435,0,,,,29671.05,2000
cb,44.913,-110.3201,1912.6,1989,gr,6,8,283,25.05954,23.26,76.74,93.02325581,6.976744186,0,,,,29671.05,2000
cb,44.913,-110.3201,1912.6,1989,gr,6,9,283,25.05954,11.63,88.37,74.41860465,20.93023256,4.444444444,,,,29671.05,2000
cb,44.913,-110.3201,1912.6,1989,gr,6,10,283,30.88734,16.98,83.02,77.35849057,22.64150943,0,,,,29671.05,2000
cb,44.913,-110.3201,1912.6,1989,gr,6,11,283,25.64232,6.82,93.18,72.72727273,6.818181818,16.98113208,,,,29671.05,2000
cb,44.913,-110.3201,1912.6,1989,gr,6,12,283,12.23838,4.76,95.24,95.23809524,4.761904762,0,,,,29671.05,2000
cb,44.913,-110.3201,1912.6,1999,gr,1,1,136,29.139,100,0,94,6,0,136,27998,,23670,2280
cb,44.913,-110.3201,1912.6,1999,gr,1,2,136,37.8807,100,0,98.46153846,1.538461538,0,136,27998,,23670,2280
cb,44.913,-110.3201,1912.6,1999,gr,1,3,136,37.8807,96.92,3.08,98.46153846,1.538461538,0,136,27998,,23670,2280
cb,44.913,-110.3201,1912.6,1999,gr,1,4,136,35.54958,95.08,4.92,100,0,0,136,27998,,23670,2280
cb,44.913,-110.3201,1912.6,1999,gr,1,5,136,31.47012,96.3,3.7,92.59259259,7.407407407,0,136,27998,,23670,2280
cb,44.913,-110.3201,1912.6,1999,gr,1,6,136,39.62904,95.59,4.41,80.88235294,19.11764706,0,136,27998,,23670,2280
cb,44.913,-110.3201,1912.6,1999,gr,1,7,136,23.3112,87.5,12.5,72.5,27.5,0,136,27998,,23670,2280
cb,44.913,-110.3201,1912.6,1999,gr,1,8,136,31.47012,100,0,83.33333333,16.66666667,0,136,27998,,23670,2280
cb,44.913,-110.3201,1912.6,1999,gr,1,9,136,16.90062,93.1,6.9,79.31034483,20.68965517,0,136,27998,,23670,2280
cb,44.913,-110.3201,1912.6,1999,gr,1,10,136,26.80788,95.65,4.35,78.26086957,21.73913043,0,136,27998,,23670,2280
cb,44.913,-110.3201,1912.6,1999,gr,1,11,136,26.2251,97.78,2.22,55.55555556,44.44444444,0,136,27998,,23670,2280
cb,44.913,-110.3201,1912.6,1999,gr,1,12,136,19.81452,94.12,5.88,70.58823529,29.41176471,0,136,27998,,23670,2280
cb,44.913,-110.3201,1912.6,1999,gr,2,1,173,61.77468,94.34,5.66,77.35849057,22.64150943,0,173,25590,,23670,2280
cb,44.913,-110.3201,1912.6,1999,gr,2,2,173,100.23816,88.95,11.05,88.39779006,6.629834254,4.972375691,173,25590,,23670,2280
cb,44.913,-110.3201,1912.6,1999,gr,2,3,173,80.42364,95.65,4.35,83.33333333,16.66666667,0,173,25590,,23670,2280
cb,44.913,-110.3201,1912.6,1999,gr,2,4,173,85.66866,91.84,8.16,73.68421053,23.02631579,3.289473684,173,25590,,23670,2280
cb,44.913,-110.3201,1912.6,1999,gr,2,5,173,88.58256,92.76,7.24,70.39473684,29.60526316,0,173,25590,,23670,2280
cb,44.913,-110.3201,1912.6,1999,gr,2,6,173,61.77468,92.45,7.55,74.52830189,25.47169811,0,173,25590,,23670,2280
cb,44.913,-110.3201,1912.6,1999,gr,2,7,173,52.4502,98.89,1.11,82.9787234,12.76595745,4.255319149,173,25590,,23670,2280
cb,44.913,-110.3201,1912.6,1999,gr,2,8,173,81.5892,99.29,0.71,78.57142857,21.42857143,0,173,25590,,23670,2280
cb,44.913,-110.3201,1912.6,1999,gr,2,9,173,60.60912,98.08,1.92,57.27272727,37.27272727,5.454545455,173,25590,,23670,2280
cb,44.913,-110.3201,1912.6,1999,gr,2,10,173,69.9336,99.17,0.83,75.40983607,22.95081967,1.639344262,173,25590,,23670,2280
cb,44.913,-110.3201,1912.6,1999,gr,2,11,173,94.99314,99.39,0.61,75.4601227,24.5398773,0,173,25590,,23670,2280
cb,44.913,-110.3201,1912.6,1999,gr,2,12,173,74.01306,90.55,9.45,85.71428571,9.77443609,4.511278195,173,25590,,23670,2280
cb,44.913,-110.3201,1912.6,1999,gr,3,1,209,42.54294,45.21,54.79,69.8630137,24.65753425,5.194805195,209,14900,,23670,2280
cb,44.913,-110.3201,1912.6,1999,gr,3,2,209,54.19854,39.78,60.22,79.56989247,17.20430108,3.125,209,14900,,23670,2280
cb,44.913,-110.3201,1912.6,1999,gr,3,3,209,78.6753,49.63,50.37,82.96296296,9.62962963,6.896551724,209,14900,,23670,2280
cb,44.913,-110.3201,1912.6,1999,gr,3,4,209,50.11908,40.7,59.3,63.95348837,26.74418605,8.510638298,209,14900,,23670,2280
cb,44.913,-110.3201,1912.6,1999,gr,3,5,209,86.83422,42.28,57.72,75.16778523,24.83221477,0,209,14900,,23670,2280
cb,44.913,-110.3201,1912.6,1999,gr,3,6,209,75.7614,43.85,56.15,86.15384615,12.30769231,1.515151515,209,14900,,23670,2280
cb,44.913,-110.3201,1912.6,1999,gr,3,7,209,58.86078,52.48,47.52,86.13861386,12.87128713,0.980392157,209,14900,,23670,2280
cb,44.913,-110.3201,1912.6,1999,gr,3,8,209,89.74812,46.1,53.9,96.75324675,3.246753247,0,209,14900,,23670,2280
cb,44.913,-110.3201,1912.6,1999,gr,3,9,209,82.17198,44.68,55.32,83.68794326,16.31205674,0,209,14900,,23670,2280
cb,44.913,-110.3201,1912.6,1999,gr,3,10,209,62.94024,53.7,46.3,93.51851852,6.481481481,0,209,14900,,23670,2280
cb,44.913,-110.3201,1912.6,1999,gr,3,11,209,72.26472,69.35,30.65,58.87096774,41.12903226,0,209,14900,,23670,2280
cb,44.913,-110.3201,1912.6,1999,gr,3,12,209,63.52302,51.38,48.62,71.55963303,23.85321101,4.385964912,209,14900,,23670,2280
cb,44.913,-110.3201,1912.6,1999,gr,4,1,236,60.60912,45.19,54.81,89.42307692,8.653846154,1.886792453,236,15040,,23670,2280
cb,44.913,-110.3201,1912.6,1999,gr,4,2,236,53.61576,54.35,45.65,63.04347826,10.86956522,20.68965517,236,15040,,23670,2280
cb,44.913,-110.3201,1912.6,1999,gr,4,3,236,74.01306,64.57,35.43,85.82677165,14.17322835,0,236,15040,,23670,2280
cb,44.913,-110.3201,1912.6,1999,gr,4,4,236,48.37074,73.49,26.51,93.97590361,6.024096386,0,236,15040,,23670,2280
cb,44.913,-110.3201,1912.6,1999,gr,4,5,236,71.09916,45.08,54.92,72.95081967,21.31147541,5.426356589,236,15040,,23670,2280
cb,44.913,-110.3201,1912.6,1999,gr,4,6,236,81.00642,56.12,43.88,87.05035971,12.94964029,0,236,15040,,23670,2280
cb,44.913,-110.3201,1912.6,1999,gr,4,7,236,62.35746,63.55,36.45,89.71962617,10.28037383,0,236,15040,,23670,2280
cb,44.913,-110.3201,1912.6,1999,gr,4,8,236,38.46348,34.85,65.15,90.90909091,9.090909091,0,236,15040,,23670,2280
cb,44.913,-110.3201,1912.6,1999,gr,4,9,236,81.5892,50.71,49.29,73.57142857,18.57142857,7.284768212,236,15040,,23670,2280
cb,44.913,-110.3201,1912.6,1999,gr,4,10,236,50.11908,51.16,48.84,80.23255814,12.79069767,6.52173913,236,15040,,23670,2280
cb,44.913,-110.3201,1912.6,1999,gr,4,11,236,71.09916,54.92,45.08,78.68852459,21.31147541,0,236,15040,,23670,2280
cb,44.913,-110.3201,1912.6,1999,gr,4,12,236,68.76804,39.83,60.17,70.33898305,15.25423729,12.59259259,236,15040,,23670,2280
cb,44.913,-110.3201,1912.6,1999,gr,5,1,266,58.86078,49.5,50.5,96.38554217,2.409638554,0.980392157,266,15040,,23670,2280
cb,44.913,-110.3201,1912.6,1999,gr,5,2,266,100.82094,51.45,48.55,92.76315789,7.236842105,0,266,15040,,23670,2280
cb,44.913,-110.3201,1912.6,1999,gr,5,3,266,65.27136,48.21,51.79,89,11,0,266,15040,,23670,2280
cb,44.913,-110.3201,1912.6,1999,gr,5,4,266,73.43028,57.94,42.06,87.38738739,11.71171171,0.787401575,266,15040,,23670,2280
cb,44.913,-110.3201,1912.6,1999,gr,5,5,266,68.18526,51.28,48.72,90.43478261,9.565217391,0,266,15040,,23670,2280
cb,44.913,-110.3201,1912.6,1999,gr,5,6,266,51.28464,47.73,52.27,74.28571429,20,6.382978723,266,15040,,23670,2280
cb,44.913,-110.3201,1912.6,1999,gr,5,7,266,87.99978,43.71,56.29,90.625,9.375,0,266,15040,,23670,2280
cb,44.913,-110.3201,1912.6,1999,gr,5,8,266,107.8143,45.95,54.05,93.19727891,6.802721088,0,266,15040,,23670,2280
cb,44.913,-110.3201,1912.6,1999,gr,5,9,266,57.69522,41.41,58.59,80.76923077,19.23076923,0,266,15040,,23670,2280
cb,44.913,-110.3201,1912.6,1999,gr,5,10,266,62.94024,54.63,45.37,95.72649573,3.418803419,0.917431193,266,15040,,23670,2280
cb,44.913,-110.3201,1912.6,1999,gr,5,11,266,80.42364,44.93,55.07,76.42276423,8.943089431,11.53846154,266,15040,,23670,2280
cb,44.913,-110.3201,1912.6,1999,gr,5,12,266,50.11908,38.37,61.63,83.5443038,16.4556962,0,266,15040,,23670,2280
cb,44.913,-110.3201,1912.6,1999,gr,6,1,280,,,,,,,,,,23670,2280
cb,44.913,-110.3201,1912.6,2000,gr,1,1,144,50.11908,100,0,83.72093023,16.27906977,0,144,25683,,23670,2280
cb,44.913,-110.3201,1912.6,2000,gr,1,2,144,100.82094,95.38,4.62,87.86127168,10.40462428,1.704545455,144,25683,,23670,2280
cb,44.913,-110.3201,1912.6,2000,gr,1,3,144,51.86742,94.38,5.62,61.79775281,38.20224719,0,144,25683,,23670,2280
cb,44.913,-110.3201,1912.6,2000,gr,1,4,144,68.18526,95.73,4.27,88.88888889,11.11111111,0,144,25683,,23670,2280
cb,44.913,-110.3201,1912.6,2000,gr,1,5,144,57.69522,96.97,3.03,87.87878788,12.12121212,0,144,25683,,23670,2280
cb,44.913,-110.3201,1912.6,2000,gr,1,6,144,69.9336,98.33,1.67,85.83333333,14.16666667,0,144,25683,,23670,2280
cb,44.913,-110.3201,1912.6,2000,gr,1,7,144,84.5031,92.41,7.59,95.86206897,4.137931034,0,144,25683,,23670,2280
cb,44.913,-110.3201,1912.6,2000,gr,1,8,144,82.17198,95.74,4.26,92.90780142,7.092198582,0,144,25683,,23670,2280
cb,44.913,-110.3201,1912.6,2000,gr,1,9,144,55.94688,95.83,4.17,72.91666667,27.08333333,0,144,25683,,23670,2280
cb,44.913,-110.3201,1912.6,2000,gr,1,10,144,100.23816,93.6,6.4,80.81395349,12.20930233,6.52173913,144,25683,,23670,2280
cb,44.913,-110.3201,1912.6,2000,gr,1,11,144,39.62904,95.59,4.41,79.41176471,14.70588235,5.555555556,144,25683,,23670,2280
cb,44.913,-110.3201,1912.6,2000,gr,1,12,144,58.278,96,4,77,20,2.912621359,144,25683,,23670,2280
cb,44.913,-110.3201,1912.6,2000,gr,2,1,170,110.7282,92.63,7.37,80,17.89473684,2.06185567,170,19769,,23670,2280
cb,44.913,-110.3201,1912.6,2000,gr,2,2,170,102.56928,97.73,2.27,78.97727273,21.02272727,0,170,19769,,23670,2280
cb,44.913,-110.3201,1912.6,2000,gr,2,3,170,89.16534,92.16,7.84,90.8496732,5.22875817,3.773584906,170,19769,,23670,2280
cb,44.913,-110.3201,1912.6,2000,gr,2,4,170,65.27136,96.43,3.57,61.60714286,38.39285714,0,170,19769,,23670,2280
cb,44.913,-110.3201,1912.6,2000,gr,2,5,170,49.5363,97.65,2.35,81.17647059,18.82352941,0,170,19769,,23670,2280
cb,44.913,-110.3201,1912.6,2000,gr,2,6,170,83.33754,94.41,5.59,93.70629371,6.293706294,0,170,19769,,23670,2280
cb,44.913,-110.3201,1912.6,2000,gr,2,7,170,117.72156,93.56,6.44,75.24752475,24.75247525,0,170,19769,,23670,2280
cb,44.913,-110.3201,1912.6,2000,gr,2,8,170,127.04604,84.86,15.14,64.67889908,33.94495413,1.357466063,170,19769,,23670,2280
cb,44.913,-110.3201,1912.6,2000,gr,2,9,170,106.64874,96.17,3.83,87.43169399,12.56830601,0,170,19769,,23670,2280
cb,44.913,-110.3201,1912.6,2000,gr,2,10,170,107.8143,98.38,1.62,64.86486486,35.13513514,0,170,19769,,23670,2280
cb,44.913,-110.3201,1912.6,2000,gr,2,11,170,63.52302,91.74,8.26,77.98165138,18.34862385,3.539823009,170,19769,,23670,2280
cb,44.913,-110.3201,1912.6,2000,gr,2,12,170,67.60248,99.14,0.86,68.10344828,25.86206897,5.691056911,170,19769,,23670,2280
cb,44.913,-110.3201,1912.6,2000,gr,3,1,202,92.66202,71.7,28.3,72.32704403,26.41509434,1.242236025,202,13442,,23670,2280
cb,44.913,-110.3201,1912.6,2000,gr,3,2,202,82.75476,61.97,38.03,78.87323944,21.12676056,0,202,13442,,23670,2280
cb,44.913,-110.3201,1912.6,2000,gr,3,3,202,85.08588,73.29,26.71,76.71232877,23.28767123,0,202,13442,,23670,2280
cb,44.913,-110.3201,1912.6,2000,gr,3,4,202,107.23152,66.85,33.15,79.34782609,17.39130435,3.157894737,202,13442,,23670,2280
cb,44.913,-110.3201,1912.6,2000,gr,3,5,202,83.92032,74.31,25.69,59.72222222,37.5,2.702702703,202,13442,,23670,2280
cb,44.913,-110.3201,1912.6,2000,gr,3,6,202,84.5031,44.83,55.17,91.72413793,6.896551724,1.360544218,202,13442,,23670,2280
cb,44.913,-110.3201,1912.6,2000,gr,3,7,202,62.94024,58.33,41.67,93.51851852,3.703703704,2.702702703,202,13442,,23670,2280
cb,44.913,-110.3201,1912.6,2000,gr,3,8,202,107.23152,65.76,34.24,72.82608696,23.91304348,3.157894737,202,13442,,23670,2280
cb,44.913,-110.3201,1912.6,2000,gr,3,9,202,68.76804,68.64,31.36,88.98305085,11.01694915,0,202,13442,,23670,2280
cb,44.913,-110.3201,1912.6,2000,gr,3,10,202,96.74148,54.82,45.18,78.31325301,18.6746988,2.923976608,202,13442,,23670,2280
cb,44.913,-110.3201,1912.6,2000,gr,3,11,202,73.43028,67.46,32.54,86.50793651,11.9047619,1.5625,202,13442,,23670,2280
cb,44.913,-110.3201,1912.6,2000,gr,3,12,202,86.83422,72.48,27.52,77.85234899,21.47651007,0.666666667,202,13442,,23670,2280
cb,44.913,-110.3201,1912.6,2000,gr,4,1,228,121.80102,20.57,79.43,93.77990431,6.220095694,0,228,10782,,23670,2280
cb,44.913,-110.3201,1912.6,2000,gr,4,2,228,62.94024,20.37,79.63,88.28828829,9.009009009,2.702702703,228,10782,,23670,2280
cb,44.913,-110.3201,1912.6,2000,gr,4,3,228,159.09894,29.67,70.33,98.53479853,1.465201465,0,228,10782,,23670,2280
cb,44.913,-110.3201,1912.6,2000,gr,4,4,228,78.09252,20.15,79.85,81.34328358,18.65671642,0,228,10782,,23670,2280
cb,44.913,-110.3201,1912.6,2000,gr,4,5,228,71.68194,15.45,84.55,96,2.4,1.6,228,10782,,23670,2280
cb,44.913,-110.3201,1912.6,2000,gr,4,6,228,66.43692,32.46,67.54,80.50847458,16.10169492,3.389830508,228,10782,,23670,2280
cb,44.913,-110.3201,1912.6,2000,gr,4,7,228,106.64874,20.77,79.23,85.71428571,7.653061224,6.632653061,228,10782,,23670,2280
cb,44.913,-110.3201,1912.6,2000,gr,4,8,228,128.2116,16.82,83.18,100,0,0,228,10782,,23670,2280
cb,44.913,-110.3201,1912.6,2000,gr,4,9,228,82.75476,17.61,82.39,90.20979021,9.090909091,0.699300699,228,10782,,23670,2280
cb,44.913,-110.3201,1912.6,2000,gr,4,10,228,79.84086,29.93,70.07,79.05405405,13.51351351,7.432432432,228,10782,,23670,2280
cb,44.913,-110.3201,1912.6,2000,gr,4,11,228,117.72156,36.14,63.86,63.47826087,24.34782609,12.17391304,228,10782,,23670,2280
cb,44.913,-110.3201,1912.6,2000,gr,4,12,228,94.99314,26.99,73.01,77.57575758,21.21212121,1.212121212,228,10782,,23670,2280
cb,44.913,-110.3201,1912.6,2000,gr,5,1,262,75.17862,22.48,77.52,96.89922481,3.100775194,0,262,10417,,23670,2280
cb,44.913,-110.3201,1912.6,2000,gr,5,2,262,116.556,21,79,87.5,3,8.675799087,262,10417,,23670,2280
cb,44.913,-110.3201,1912.6,2000,gr,5,3,262,89.74812,14.94,85.06,85.06493506,14.93506494,0,262,10417,,23670,2280
cb,44.913,-110.3201,1912.6,2000,gr,5,4,262,104.9004,14.44,85.56,90,3.888888889,5.759162304,262,10417,,23670,2280
cb,44.913,-110.3201,1912.6,2000,gr,5,5,262,116.556,19,81,77,12,9.90990991,262,10417,,23670,2280
cb,44.913,-110.3201,1912.6,2000,gr,5,6,262,127.62882,13.7,86.3,86.75799087,13.24200913,0,262,10417,,23670,2280
cb,44.913,-110.3201,1912.6,2000,gr,5,7,262,65.85414,11.5,88.5,88.49557522,11.50442478,0,262,10417,,23670,2280
cb,44.913,-110.3201,1912.6,2000,gr,5,8,262,97.90704,22.62,77.38,99.4047619,0.595238095,0,262,10417,,23670,2280
cb,44.913,-110.3201,1912.6,2000,gr,5,9,262,86.83422,29.53,70.47,88.59060403,8.724832215,2.614379085,262,10417,,23670,2280
cb,44.913,-110.3201,1912.6,2000,gr,5,10,262,68.18526,34.19,65.81,79.48717949,20.51282051,0,262,10417,,23670,2280
cb,44.913,-110.3201,1912.6,2000,gr,5,11,262,47.20518,22.22,77.78,87.65432099,12.34567901,0,262,10417,,23670,2280
cb,44.913,-110.3201,1912.6,2000,gr,5,12,262,47.78796,35.37,64.63,87.80487805,12.19512195,0,262,10417,,23670,2280
cb,44.913,-110.3201,1912.6,2000,gr,6,1,290,112.47654,12.44,87.56,93.78238342,3.10880829,3.015075377,290,8506,,23670,2280
cb,44.913,-110.3201,1912.6,2000,gr,6,2,290,135.20496,4.74,95.26,96.55172414,3.448275862,0,290,8506,,23670,2280
cb,44.913,-110.3201,1912.6,2000,gr,6,3,290,85.08588,14.38,85.62,94.52054795,5.479452055,0,290,8506,,23670,2280
cb,44.913,-110.3201,1912.6,2000,gr,6,4,290,88.58256,7.24,92.76,90.13157895,9.868421053,0,290,8506,,23670,2280
cb,44.913,-110.3201,1912.6,2000,gr,6,5,290,53.03298,9.89,90.11,87.91208791,10.98901099,1.086956522,290,8506,,23670,2280
cb,44.913,-110.3201,1912.6,2000,gr,6,6,290,68.76804,10.17,89.83,91.52542373,8.474576271,0,290,8506,,23670,2280
cb,44.913,-110.3201,1912.6,2000,gr,6,7,290,65.27136,8.04,91.96,97.32142857,2.678571429,0,290,8506,,23670,2280
cb,44.913,-110.3201,1912.6,2000,gr,6,8,290,65.85414,5.31,94.69,93.80530973,6.194690265,0,290,8506,,23670,2280
cb,44.913,-110.3201,1912.6,2000,gr,6,9,290,76.92696,9.85,90.15,84.09090909,13.63636364,2.222222222,290,8506,,23670,2280
cb,44.913,-110.3201,1912.6,2000,gr,6,10,290,88.58256,8.55,91.45,93.42105263,5.263157895,1.298701299,290,8506,,23670,2280
cb,44.913,-110.3201,1912.6,2000,gr,6,11,290,96.74148,3.01,96.99,96.98795181,3.012048193,0,290,8506,,23670,2280
cb,44.913,-110.3201,1912.6,2000,gr,6,12,290,86.83422,0.67,99.33,93.95973154,6.040268456,0,290,8506,,23670,2280
cb,44.913,-110.3201,1912.6,2001,gr,1,1,137,70.51638,94.21,5.79,79.33884298,20.66115702,0,137,29131,,23670,2280
cb,44.913,-110.3201,1912.6,2001,gr,1,2,137,90.3309,94.19,5.81,77.41935484,22.58064516,0,137,29131,,23670,2280
cb,44.913,-110.3201,1912.6,2001,gr,1,3,137,66.43692,89.47,10.53,95.61403509,3.50877193,0.869565217,137,29131,,23670,2280
cb,44.913,-110.3201,1912.6,2001,gr,1,4,137,69.9336,95.83,4.17,93.33333333,6.666666667,0,137,29131,,23670,2280
cb,44.913,-110.3201,1912.6,2001,gr,1,5,137,66.43692,92.11,7.89,99.12280702,0.877192982,0,137,29131,,23670,2280
cb,44.913,-110.3201,1912.6,2001,gr,1,6,137,55.3641,92.63,7.37,94.73684211,3.157894737,2.06185567,137,29131,,23670,2280
cb,44.913,-110.3201,1912.6,2001,gr,1,7,137,26.2251,88.89,11.11,91.11111111,8.888888889,0,137,29131,,23670,2280
cb,44.913,-110.3201,1912.6,2001,gr,1,8,137,35.54958,93.44,6.56,95.08196721,4.918032787,0,137,29131,,23670,2280
cb,44.913,-110.3201,1912.6,2001,gr,1,9,137,32.0529,92.73,7.27,98.18181818,1.818181818,0,137,29131,,23670,2280
cb,44.913,-110.3201,1912.6,2001,gr,1,10,137,23.89398,82.93,17.07,92.68292683,7.317073171,0,137,29131,,23670,2280
cb,44.913,-110.3201,1912.6,2001,gr,1,11,137,74.01306,88.98,11.02,87.4015748,11.81102362,0.78125,137,29131,,23670,2280
cb,44.913,-110.3201,1912.6,2001,gr,1,12,137,75.17862,87.6,12.4,93.02325581,6.201550388,0.769230769,137,29131,,23670,2280
cb,44.913,-110.3201,1912.6,2001,gr,2,1,167,89.16534,88.89,11.11,97.38562092,2.614379085,0,167,20303,,23670,2280
cb,44.913,-110.3201,1912.6,2001,gr,2,2,167,86.25144,79.73,20.27,95.27027027,4.72972973,0,167,20303,,23670,2280
cb,44.913,-110.3201,1912.6,2001,gr,2,3,167,89.74812,87.01,12.99,91.55844156,7.792207792,0.64516129,167,20303,,23670,2280
cb,44.913,-110.3201,1912.6,2001,gr,2,4,167,77.50974,87.22,12.78,73.68421053,26.31578947,0,167,20303,,23670,2280
cb,44.913,-110.3201,1912.6,2001,gr,2,5,167,108.39708,84.41,15.59,80.64516129,10.75268817,7.920792079,167,20303,,23670,2280
cb,44.913,-110.3201,1912.6,2001,gr,2,6,167,114.80766,87.31,12.69,77.66497462,20.30456853,1.990049751,167,20303,,23670,2280
cb,44.913,-110.3201,1912.6,2001,gr,2,7,167,87.417,88.67,11.33,74,19.33333333,6.25,167,20303,,23670,2280
cb,44.913,-110.3201,1912.6,2001,gr,2,8,167,66.43692,82.46,17.54,87.71929825,12.28070175,0,167,20303,,23670,2280
cb,44.913,-110.3201,1912.6,2001,gr,2,9,167,93.2448,93.13,6.88,94.375,2.5,3.03030303,167,20303,,23670,2280
cb,44.913,-110.3201,1912.6,2001,gr,2,10,167,65.27136,93.75,6.25,83.03571429,16.96428571,0,167,20303,,23670,2280
cb,44.913,-110.3201,1912.6,2001,gr,2,11,167,105.48318,89.5,10.5,90.60773481,4.419889503,4.736842105,167,20303,,23670,2280
cb,44.913,-110.3201,1912.6,2001,gr,2,12,167,162.59562,93.55,6.45,94.62365591,1.433691756,3.793103448,167,20303,,23670,2280
cb,44.913,-110.3201,1912.6,2001,gr,3,1,197,56.52966,56.7,43.3,,,,197,21397,,23670,2280
cb,44.913,-110.3201,1912.6,2001,gr,3,2,197,75.17862,54.26,45.74,,,,197,21397,,23670,2280
cb,44.913,-110.3201,1912.6,2001,gr,3,3,197,107.8143,72.43,27.57,,,,197,21397,,23670,2280
cb,44.913,-110.3201,1912.6,2001,gr,3,4,197,44.29128,67.11,32.89,,,,197,21397,,23670,2280
cb,44.913,-110.3201,1912.6,2001,gr,3,5,197,49.5363,52.94,47.06,,,,197,21397,,23670,2280
cb,44.913,-110.3201,1912.6,2001,gr,3,6,197,92.66202,66.67,33.33,,,,197,21397,,23670,2280
cb,44.913,-110.3201,1912.6,2001,gr,3,7,197,78.6753,76.3,23.7,,,,197,21397,,23670,2280
cb,44.913,-110.3201,1912.6,2001,gr,3,8,197,78.09252,76.87,23.13,,,,197,21397,,23670,2280
cb,44.913,-110.3201,1912.6,2001,gr,3,9,197,56.52966,56.7,43.3,,,,197,21397,,23670,2280
cb,44.913,-110.3201,1912.6,2001,gr,3,10,197,120.63546,74.88,25.12,,,,197,21397,,23670,2280
cb,44.913,-110.3201,1912.6,2001,gr,3,11,197,113.6421,74.36,25.64,,,,197,21397,,23670,2280
cb,44.913,-110.3201,1912.6,2001,gr,3,12,197,51.86742,66.29,33.71,,,,197,21397,,23670,2280
cb,44.913,-110.3201,1912.6,2001,gr,4,1,226,97.90704,25.6,74.4,,,,226,14293,,23670,2280
cb,44.913,-110.3201,1912.6,2001,gr,4,2,226,65.27136,25.89,74.11,,,,226,14293,,23670,2280
cb,44.913,-110.3201,1912.6,2001,gr,4,3,226,77.50974,33.08,66.92,,,,226,14293,,23670,2280
cb,44.913,-110.3201,1912.6,2001,gr,4,4,226,72.8475,31.2,68.8,,,,226,14293,,23670,2280
cb,44.913,-110.3201,1912.6,2001,gr,4,5,226,82.17198,24.11,75.89,,,,226,14293,,23670,2280
cb,44.913,-110.3201,1912.6,2001,gr,4,6,226,94.41036,27.78,72.22,,,,226,14293,,23670,2280
cb,44.913,-110.3201,1912.6,2001,gr,4,7,226,81.00642,22.3,77.7,,,,226,14293,,23670,2280
cb,44.913,-110.3201,1912.6,2001,gr,4,8,226,78.6753,16.3,83.7,,,,226,14293,,23670,2280
cb,44.913,-110.3201,1912.6,2001,gr,4,9,226,60.02634,27.18,72.82,,,,226,14293,,23670,2280
cb,44.913,-110.3201,1912.6,2001,gr,4,10,226,47.78796,17.07,82.93,,,,226,14293,,23670,2280
cb,44.913,-110.3201,1912.6,2001,gr,4,11,226,78.09252,23.88,76.12,,,,226,14293,,23670,2280
cb,44.913,-110.3201,1912.6,2001,gr,4,12,226,45.45684,19.23,80.77,,,,226,14293,,23670,2280
cb,44.913,-110.3201,1912.6,2001,gr,5,1,253,39.04626,2.99,97.01,,,,253,12441,,23670,2280
cb,44.913,-110.3201,1912.6,2001,gr,5,2,253,39.04626,2.99,97.01,,,,253,12441,,23670,2280
cb,44.913,-110.3201,1912.6,2001,gr,5,3,253,34.38402,1.69,98.31,,,,253,12441,,23670,2280
cb,44.913,-110.3201,1912.6,2001,gr,5,4,253,52.4502,6.67,93.33,,,,253,12441,,23670,2280
cb,44.913,-110.3201,1912.6,2001,gr,5,5,253,41.37738,4.23,95.77,,,,253,12441,,23670,2280
cb,44.913,-110.3201,1912.6,2001,gr,5,6,253,29.139,2,98,,,,253,12441,,23670,2280
cb,44.913,-110.3201,1912.6,2001,gr,5,7,253,54.78132,2.13,97.87,,,,253,12441,,23670,2280
cb,44.913,-110.3201,1912.6,2001,gr,5,8,253,39.04626,5.97,94.03,,,,253,12441,,23670,2280
cb,44.913,-110.3201,1912.6,2001,gr,5,9,253,63.52302,11.01,88.99,,,,253,12441,,23670,2280
cb,44.913,-110.3201,1912.6,2001,gr,5,10,253,57.11244,9.18,90.82,,,,253,12441,,23670,2280
cb,44.913,-110.3201,1912.6,2001,gr,5,11,253,36.71514,4.76,95.24,,,,253,12441,,23670,2280
cb,44.913,-110.3201,1912.6,2001,gr,5,12,253,59.44356,7.84,92.16,,,,253,12441,,23670,2280
cb,44.913,-110.3201,1912.6,2001,gr,6,1,276,,,,,,,,,,23670,2280
cb,44.913,-110.3201,1912.6,2012,gr,1,1,123,42.54294,95.89,4.11,91.78082192,8.219178082,0,159,32097,,30000,3000
cb,44.913,-110.3201,1912.6,2012,gr,1,2,123,28.55622,83.67,16.33,97.95918367,2.040816327,0,159,32097,,30000,3000
cb,44.913,-110.3201,1912.6,2012,gr,1,3,123,36.13236,98.39,1.61,90.32258065,9.677419355,0,159,32097,,30000,3000
cb,44.913,-110.3201,1912.6,2012,gr,1,4,123,34.38402,89.83,10.17,88.13559322,11.86440678,0,159,32097,,30000,3000
cb,44.913,-110.3201,1912.6,2012,gr,1,5,123,50.11908,88.37,11.63,97.6744186,2.325581395,0,159,32097,,30000,3000
cb,44.913,-110.3201,1912.6,2012,gr,1,6,123,34.9668,80,20,100,0,0,159,32097,,30000,3000
cb,44.913,-110.3201,1912.6,2012,gr,1,7,123,21.56286,94.59,5.41,83.78378378,16.21621622,0,159,32097,,30000,3000
cb,44.913,-110.3201,1912.6,2012,gr,1,8,123,22.72842,94.87,5.13,66.66666667,33.33333333,0,159,32097,,30000,3000
cb,44.913,-110.3201,1912.6,2012,gr,1,9,123,28.55622,91.84,8.16,85.71428571,14.28571429,0,159,32097,,30000,3000
cb,44.913,-110.3201,1912.6,2012,gr,1,10,123,22.72842,92.31,7.69,87.17948718,12.82051282,0,159,32097,,30000,3000
cb,44.913,-110.3201,1912.6,2012,gr,1,11,123,55.94688,100,0,83.33333333,16.66666667,0,159,32097,,30000,3000
cb,44.913,-110.3201,1912.6,2012,gr,1,12,123,23.3112,97.5,2.5,93.47826087,6.52173913,0,159,32097,,30000,3000
cb,44.913,-110.3201,1912.6,2012,gr,2,1,156,37.29792,85.94,14.06,89.0625,10.9375,0,154,25199,,30000,3000
cb,44.913,-110.3201,1912.6,2012,gr,2,2,156,45.45684,82.05,17.95,89.74358974,8.974358974,1.265822785,154,25199,,30000,3000
cb,44.913,-110.3201,1912.6,2012,gr,2,3,156,46.03962,87.34,12.66,84.81012658,15.18987342,0,154,25199,,30000,3000
cb,44.913,-110.3201,1912.6,2012,gr,2,4,156,37.8807,87.69,12.31,89.23076923,10.76923077,0,154,25199,,30000,3000
cb,44.913,-110.3201,1912.6,2012,gr,2,5,156,57.11244,92.86,7.14,97.95918367,2.040816327,0,154,25199,,30000,3000
cb,44.913,-110.3201,1912.6,2012,gr,2,6,156,43.7085,82.67,17.33,77.33333333,21.33333333,1.315789474,154,25199,,30000,3000
cb,44.913,-110.3201,1912.6,2012,gr,2,7,156,44.87406,93.51,6.49,76.62337662,23.37662338,0,154,25199,,30000,3000
cb,44.913,-110.3201,1912.6,2012,gr,2,8,156,49.5363,80,20,82.35294118,17.64705882,0,154,25199,,30000,3000
cb,44.913,-110.3201,1912.6,2012,gr,2,9,156,57.11244,79.59,20.41,100,0,0,154,25199,,30000,3000
cb,44.913,-110.3201,1912.6,2012,gr,2,10,156,45.45684,73.08,26.92,85.8974359,14.1025641,0,154,25199,,30000,3000
cb,44.913,-110.3201,1912.6,2012,gr,2,11,156,47.20518,75.31,24.69,83.95061728,14.81481481,1.219512195,154,25199,,30000,3000
cb,44.913,-110.3201,1912.6,2012,gr,2,12,156,47.78796,87.8,12.2,81.81818182,16.88311688,1.204819277,154,25199,,30000,3000
cb,44.913,-110.3201,1912.6,2012,gr,3,1,184,54.78132,42.55,57.45,100,0,0,182,18663,,30000,3000
cb,44.913,-110.3201,1912.6,2012,gr,3,2,184,41.96016,45.83,54.17,88.88888889,6.944444444,4,182,18663,,30000,3000
cb,44.913,-110.3201,1912.6,2012,gr,3,3,184,58.278,52,48,92,8,0,182,18663,,30000,3000
cb,44.913,-110.3201,1912.6,2012,gr,3,4,184,53.61576,42.39,57.61,88.04347826,11.95652174,0,182,18663,,30000,3000
cb,44.913,-110.3201,1912.6,2012,gr,3,5,184,44.29128,51.32,48.68,86.84210526,13.15789474,0,182,18663,,30000,3000
cb,44.913,-110.3201,1912.6,2012,gr,3,6,184,62.35746,54.21,45.79,91.58878505,8.411214953,0,182,18663,,30000,3000
cb,44.913,-110.3201,1912.6,2012,gr,3,7,184,51.86742,21.35,78.65,85.39325843,14.60674157,0,182,18663,,30000,3000
cb,44.913,-110.3201,1912.6,2012,gr,3,8,184,51.28464,38.64,61.36,94.31818182,5.681818182,0,182,18663,,30000,3000
cb,44.913,-110.3201,1912.6,2012,gr,3,9,184,48.37074,30.12,69.88,86.74698795,13.25301205,0,182,18663,,30000,3000
cb,44.913,-110.3201,1912.6,2012,gr,3,10,184,49.5363,42.35,57.65,71.76470588,28.23529412,0,182,18663,,30000,3000
cb,44.913,-110.3201,1912.6,2012,gr,3,11,184,48.37074,34.94,65.06,72.28915663,13.25301205,12.63157895,182,18663,,30000,3000
cb,44.913,-110.3201,1912.6,2012,gr,3,12,184,34.9668,35,65,81.72043011,5.376344086,16.66666667,182,18663,,30000,3000
cb,44.913,-110.3201,1912.6,2012,gr,4,1,212,41.37738,15.49,84.51,81.69014085,9.85915493,7.792207792,210,17156,,30000,3000
cb,44.913,-110.3201,1912.6,2012,gr,4,2,212,49.5363,15.29,84.71,83.52941176,11.76470588,4.494382022,210,17156,,30000,3000
cb,44.913,-110.3201,1912.6,2012,gr,4,3,212,60.02634,16.5,83.5,92.23300971,1.941747573,5.504587156,210,17156,,30000,3000
cb,44.913,-110.3201,1912.6,2012,gr,4,4,212,50.70186,33.33,66.67,90.8045977,6.896551724,2.247191011,210,17156,,30000,3000
cb,44.913,-110.3201,1912.6,2012,gr,4,5,212,47.78796,25.61,74.39,97.56097561,2.43902439,0,210,17156,,30000,3000
cb,44.913,-110.3201,1912.6,2012,gr,4,6,212,43.12572,18.92,81.08,94.59459459,5.405405405,0,210,17156,,30000,3000
cb,44.913,-110.3201,1912.6,2012,gr,4,7,212,43.12572,22.97,77.03,94.59459459,5.405405405,0,210,17156,,30000,3000
cb,44.913,-110.3201,1912.6,2012,gr,4,8,212,37.29792,28.13,71.88,89.0625,10.9375,0,210,17156,,30000,3000
cb,44.913,-110.3201,1912.6,2012,gr,4,9,212,37.8807,32.31,67.69,92.30769231,7.692307692,0,210,17156,,30000,3000
cb,44.913,-110.3201,1912.6,2012,gr,4,10,212,45.45684,35.9,64.1,84.61538462,10.25641026,4.87804878,210,17156,,30000,3000
cb,44.913,-110.3201,1912.6,2012,gr,4,11,212,48.37074,37.35,62.65,85.54216867,7.228915663,6.741573034,210,17156,,30000,3000
cb,44.913,-110.3201,1912.6,2012,gr,4,12,212,39.04626,38.81,61.19,71.42857143,27.14285714,1.470588235,210,17156,,30000,3000
cb,44.913,-110.3201,1912.6,2012,gr,5,1,239,75.7614,8.46,91.54,99.23076923,0.769230769,0,238,16211,,30000,3000
cb,44.913,-110.3201,1912.6,2012,gr,5,2,239,36.13236,11.29,88.71,95.16129032,4.838709677,0,238,16211,,30000,3000
cb,44.913,-110.3201,1912.6,2012,gr,5,3,239,33.21846,8.77,91.23,85.96491228,10.52631579,3.389830508,238,16211,,30000,3000
cb,44.913,-110.3201,1912.6,2012,gr,5,4,239,43.7085,8,92,86.66666667,13.33333333,0,238,16211,,30000,3000
cb,44.913,-110.3201,1912.6,2012,gr,5,5,239,50.70186,6.9,93.1,85.05747126,12.64367816,2.247191011,238,16211,,30000,3000
cb,44.913,-110.3201,1912.6,2012,gr,5,6,239,43.12572,10.81,89.19,97.2972973,2.702702703,0,238,16211,,30000,3000
cb,44.913,-110.3201,1912.6,2012,gr,5,7,239,48.37074,10.84,89.16,90.36144578,7.228915663,2.352941176,238,16211,,30000,3000
cb,44.913,-110.3201,1912.6,2012,gr,5,8,239,48.95352,5.95,94.05,83.33333333,15.47619048,1.176470588,238,16211,,30000,3000
cb,44.913,-110.3201,1912.6,2012,gr,5,9,239,54.78132,13.83,86.17,93.61702128,6.382978723,0,238,16211,,30000,3000
cb,44.913,-110.3201,1912.6,2012,gr,5,10,239,46.6224,22.5,77.5,80,18.75,1.234567901,238,16211,,30000,3000
cb,44.913,-110.3201,1912.6,2012,gr,5,11,239,39.04626,17.91,82.09,83.58208955,10.44776119,5.633802817,238,16211,,30000,3000
cb,44.913,-110.3201,1912.6,2012,gr,5,12,239,54.78132,13.83,86.17,97.82608696,2.173913043,0,238,16211,,30000,3000
cb,44.913,-110.3201,1912.6,2012,gr,6,1,267,44.29128,13.16,86.84,89.47368421,3.947368421,6.172839506,267,26751,,30000,3000
cb,44.913,-110.3201,1912.6,2012,gr,6,2,267,43.12572,8.11,91.89,94.59459459,5.405405405,0,267,26751,,30000,3000
cb,44.913,-110.3201,1912.6,2012,gr,6,3,267,43.12572,13.51,86.49,81.08108108,6.756756757,10.84337349,267,26751,,30000,3000
cb,44.913,-110.3201,1912.6,2012,gr,6,4,267,37.8807,13.85,86.15,73.84615385,10.76923077,13.33333333,267,26751,,30000,3000
cb,44.913,-110.3201,1912.6,2012,gr,6,5,267,53.03298,21.98,78.02,100,0,0,267,26751,,30000,3000
cb,44.913,-110.3201,1912.6,2012,gr,6,6,267,37.8807,10.77,89.23,100,0,0,267,26751,,30000,3000
cb,44.913,-110.3201,1912.6,2012,gr,6,7,267,26.2251,13.33,86.67,84.44444444,15.55555556,0,267,26751,,30000,3000
cb,44.913,-110.3201,1912.6,2012,gr,6,8,267,50.70186,6.9,93.1,83.90804598,12.64367816,3.333333333,267,26751,,30000,3000
cb,44.913,-110.3201,1912.6,2012,gr,6,9,267,36.71514,6.35,93.65,88.88888889,11.11111111,0,267,26751,,30000,3000
cb,44.913,-110.3201,1912.6,2012,gr,6,10,267,36.71514,7.94,92.06,92.06349206,7.936507937,0,267,26751,,30000,3000
cb,44.913,-110.3201,1912.6,2012,gr,6,11,267,27.39066,8.51,91.49,80.85106383,14.89361702,4.081632653,267,26751,,30000,3000
cb,44.913,-110.3201,1912.6,2012,gr,6,12,267,35.54958,11.48,88.52,69.49152542,15.25423729,12.85714286,267,26751,,30000,3000
cb,44.913,-110.3201,1912.6,2013,gr,1,1,118,8.7417,93.33,6.67,80,20,0,,,,30000,3000
cb,44.913,-110.3201,1912.6,2013,gr,1,2,118,10.49004,100,0,88.88888889,11.11111111,0,,,,30000,3000
cb,44.913,-110.3201,1912.6,2013,gr,1,3,118,9.32448,100,0,93.75,6.25,0,,,,30000,3000
cb,44.913,-110.3201,1912.6,2013,gr,1,4,118,13.98672,100,0,95.83333333,4.166666667,0,,,,30000,3000
cb,44.913,-110.3201,1912.6,2013,gr,1,5,118,11.07282,89.47,10.53,94.73684211,5.263157895,0,,,,30000,3000
cb,44.913,-110.3201,1912.6,2013,gr,1,6,118,14.5695,92,8,100,0,0,,,,30000,3000
cb,44.913,-110.3201,1912.6,2013,gr,1,7,118,12.82116,95.45,4.55,95.45454545,4.545454545,0,,,,30000,3000
cb,44.913,-110.3201,1912.6,2013,gr,1,8,118,11.07282,94.74,5.26,100,0,0,,,,30000,3000
cb,44.913,-110.3201,1912.6,2013,gr,1,9,118,18.64896,100,0,46.875,53.125,0,,,,30000,3000
cb,44.913,-110.3201,1912.6,2013,gr,1,10,118,9.90726,82.35,17.65,88.23529412,11.76470588,0,,,,30000,3000
cb,44.913,-110.3201,1912.6,2013,gr,1,11,118,16.90062,82.76,17.24,75.86206897,24.13793103,0,,,,30000,3000
cb,44.913,-110.3201,1912.6,2013,gr,1,12,118,11.6556,100,0,92.30769231,7.692307692,0,,,,30000,3000
cb,44.913,-110.3201,1912.6,2013,gr,2,1,128,58.278,84,16,86,14,0,128,32097,,30000,3000
cb,44.913,-110.3201,1912.6,2013,gr,2,2,128,44.29128,81.58,18.42,97.36842105,2.631578947,0,128,32097,,30000,3000
cb,44.913,-110.3201,1912.6,2013,gr,2,3,128,32.63568,96.43,3.57,89.28571429,10.71428571,0,128,32097,,30000,3000
cb,44.913,-110.3201,1912.6,2013,gr,2,4,128,29.139,98,2,78,22,0,128,32097,,30000,3000
cb,44.913,-110.3201,1912.6,2013,gr,2,5,128,27.39066,89.36,10.64,80.85106383,19.14893617,0,128,32097,,30000,3000
cb,44.913,-110.3201,1912.6,2013,gr,2,6,128,20.98008,94.44,5.56,77.77777778,22.22222222,0,128,32097,,30000,3000
cb,44.913,-110.3201,1912.6,2013,gr,2,7,128,41.37738,81.69,18.31,83.09859155,16.90140845,0,128,32097,,30000,3000
cb,44.913,-110.3201,1912.6,2013,gr,2,8,128,36.71514,87.3,12.7,82.53968254,17.46031746,0,128,32097,,30000,3000
cb,44.913,-110.3201,1912.6,2013,gr,2,9,128,36.13236,79.03,20.97,88.70967742,11.29032258,0,128,32097,,30000,3000
cb,44.913,-110.3201,1912.6,2013,gr,2,10,128,43.7085,85.33,14.67,85.33333333,14.66666667,0,128,32097,,30000,3000
cb,44.913,-110.3201,1912.6,2013,gr,2,11,128,44.29128,88.16,11.84,94.73684211,5.263157895,0,128,32097,,30000,3000
cb,44.913,-110.3201,1912.6,2013,gr,2,12,128,30.30456,84.62,15.38,93.22033898,6.779661017,0,128,32097,,30000,3000
cb,44.913,-110.3201,1912.6,2013,gr,3,1,154,59.44356,97.06,2.94,74.50980392,25.49019608,0,154,25199,,30000,3000
cb,44.913,-110.3201,1912.6,2013,gr,3,2,154,66.43692,95.61,4.39,87.71929825,12.28070175,0,154,25199,,30000,3000
cb,44.913,-110.3201,1912.6,2013,gr,3,3,154,57.69522,94.95,5.05,81.81818182,17.17171717,1,154,25199,,30000,3000
cb,44.913,-110.3201,1912.6,2013,gr,3,4,154,54.78132,97.87,2.13,76.59574468,23.40425532,0,154,25199,,30000,3000
cb,44.913,-110.3201,1912.6,2013,gr,3,5,154,53.03298,96.7,3.3,95.6043956,4.395604396,0,154,25199,,30000,3000
cb,44.913,-110.3201,1912.6,2013,gr,3,6,154,51.28464,94.32,5.68,81.81818182,18.18181818,0,154,25199,,30000,3000
cb,44.913,-110.3201,1912.6,2013,gr,3,7,154,67.60248,92.24,7.76,90.51724138,9.482758621,0,154,25199,,30000,3000
cb,44.913,-110.3201,1912.6,2013,gr,3,8,154,45.45684,94.87,5.13,61.53846154,38.46153846,0,154,25199,,30000,3000
cb,44.913,-110.3201,1912.6,2013,gr,3,9,154,50.11908,95.35,4.65,84.88372093,15.11627907,0,154,25199,,30000,3000
cb,44.913,-110.3201,1912.6,2013,gr,3,10,154,54.19854,93.55,6.45,74.19354839,25.80645161,0,154,25199,,30000,3000
cb,44.913,-110.3201,1912.6,2013,gr,3,11,154,52.4502,93.33,6.67,90,10,0,154,25199,,30000,3000
cb,44.913,-110.3201,1912.6,2013,gr,3,12,154,77.50974,96.99,3.01,93.7007874,6.299212598,0,154,25199,,30000,3000
cb,44.913,-110.3201,1912.6,2013,gr,4,1,182,33.21846,52.63,47.37,71.92982456,26.31578947,1.724137931,182,18663,,30000,3000
cb,44.913,-110.3201,1912.6,2013,gr,4,2,182,48.37074,45.78,54.22,78.31325301,13.25301205,7.777777778,182,18663,,30000,3000
cb,44.913,-110.3201,1912.6,2013,gr,4,3,182,30.30456,38.46,61.54,84.61538462,11.53846154,3.703703704,182,18663,,30000,3000
cb,44.913,-110.3201,1912.6,2013,gr,4,4,182,37.29792,37.5,62.5,92.1875,3.125,4.47761194,182,18663,,30000,3000
cb,44.913,-110.3201,1912.6,2013,gr,4,5,182,51.86742,47.19,52.81,96.62921348,1.123595506,2.197802198,182,18663,,30000,3000
cb,44.913,-110.3201,1912.6,2013,gr,4,6,182,44.87406,29.87,70.13,76.62337662,23.37662338,0,182,18663,,30000,3000
cb,44.913,-110.3201,1912.6,2013,gr,4,7,182,50.70186,41.38,58.62,95.40229885,4.597701149,0,182,18663,,30000,3000
cb,44.913,-110.3201,1912.6,2013,gr,4,8,182,41.96016,33.33,66.67,97.22222222,1.388888889,1.369863014,182,18663,,30000,3000
cb,44.913,-110.3201,1912.6,2013,gr,4,9,182,42.54294,39.73,60.27,95.89041096,2.739726027,1.351351351,182,18663,,30000,3000
cb,44.913,-110.3201,1912.6,2013,gr,4,10,182,27.97344,37.5,62.5,97.91666667,0,2.040816327,182,18663,,30000,3000
cb,44.913,-110.3201,1912.6,2013,gr,4,11,182,47.78796,45.12,54.88,92.68292683,3.658536585,3.529411765,182,18663,,30000,3000
cb,44.913,-110.3201,1912.6,2013,gr,4,12,182,33.21846,36.84,63.16,93.24324324,6.756756757,0,182,18663,,30000,3000
cb,44.913,-110.3201,1912.6,2013,gr,5,1,210,51.86742,34.83,65.17,98.87640449,1.123595506,0,210,17156,,30000,3000
cb,44.913,-110.3201,1912.6,2013,gr,5,2,210,48.37074,22.89,77.11,86.74698795,13.25301205,0,210,17156,,30000,3000
cb,44.913,-110.3201,1912.6,2013,gr,5,3,210,23.89398,39.02,60.98,41.46341463,39.02439024,16.32653061,210,17156,,30000,3000
cb,44.913,-110.3201,1912.6,2013,gr,5,4,210,30.30456,40.38,59.62,57.69230769,32.69230769,8.771929825,210,17156,,30000,3000
cb,44.913,-110.3201,1912.6,2013,gr,5,5,210,28.55622,18.37,81.63,87.75510204,6.12244898,5.769230769,210,17156,,30000,3000
cb,44.913,-110.3201,1912.6,2013,gr,5,6,210,24.47676,30.95,69.05,71.42857143,28.57142857,0,210,17156,,30000,3000
cb,44.913,-110.3201,1912.6,2013,gr,5,7,210,44.29128,38.16,61.84,69.73684211,30.26315789,0,210,17156,,30000,3000
cb,44.913,-110.3201,1912.6,2013,gr,5,8,210,15.15228,34.62,65.38,69.23076923,23.07692308,7.142857143,210,17156,,30000,3000
cb,44.913,-110.3201,1912.6,2013,gr,5,9,210,32.0529,14.55,85.45,83.63636364,16.36363636,0,210,17156,,30000,3000
cb,44.913,-110.3201,1912.6,2013,gr,5,10,210,45.45684,34.62,65.38,94.87179487,5.128205128,0,210,17156,,30000,3000
cb,44.913,-110.3201,1912.6,2013,gr,5,11,210,27.97344,12.5,87.5,95.83333333,4.166666667,0,210,17156,,30000,3000
cb,44.913,-110.3201,1912.6,2013,gr,5,12,210,42.54294,21.92,78.08,81.81818182,18.18181818,0,210,17156,,30000,3000
cb,44.913,-110.3201,1912.6,2013,gr,6,1,238,20.3973,28.57,71.43,80,20,0,238,16211,,30000,3000
cb,44.913,-110.3201,1912.6,2013,gr,6,2,238,30.30456,15.38,84.62,90.38461538,9.615384615,0,238,16211,,30000,3000
cb,44.913,-110.3201,1912.6,2013,gr,6,3,238,23.3112,30,70,87.5,12.5,0,238,16211,,30000,3000
cb,44.913,-110.3201,1912.6,2013,gr,6,4,238,23.89398,29.27,70.73,92.68292683,7.317073171,0,238,16211,,30000,3000
cb,44.913,-110.3201,1912.6,2013,gr,6,5,238,42.54294,38.36,61.64,60.2739726,16.43835616,18.88888889,238,16211,,30000,3000
cb,44.913,-110.3201,1912.6,2013,gr,6,6,238,25.64232,31.82,68.18,79.54545455,13.63636364,6.382978723,238,16211,,30000,3000
cb,44.913,-110.3201,1912.6,2013,gr,6,7,238,33.80124,43.1,56.9,93.10344828,5.172413793,1.694915254,238,16211,,30000,3000
cb,44.913,-110.3201,1912.6,2013,gr,6,8,238,12.82116,22.73,77.27,95.45454545,4.545454545,0,238,16211,,30000,3000
cb,44.913,-110.3201,1912.6,2013,gr,6,9,238,29.72178,25.49,74.51,96.07843137,3.921568627,0,238,16211,,30000,3000
cb,44.913,-110.3201,1912.6,2013,gr,6,10,238,19.81452,38.24,61.76,76.47058824,8.823529412,12.82051282,238,16211,,30000,3000
cb,44.913,-110.3201,1912.6,2013,gr,7,1,267,26.2251,64.44,35.56,95.55555556,4.444444444,0,267,26751,,30000,3000
cb,44.913,-110.3201,1912.6,2013,gr,7,2,267,40.21182,60.87,39.13,94.20289855,5.797101449,0,267,26751,,30000,3000
cb,44.913,-110.3201,1912.6,2013,gr,7,3,267,27.97344,60.42,39.58,85.41666667,14.58333333,0,267,26751,,30000,3000
cb,44.913,-110.3201,1912.6,2013,gr,7,4,267,26.80788,67.39,32.61,56.52173913,32.60869565,9.803921569,267,26751,,30000,3000
cb,44.913,-110.3201,1912.6,2013,gr,7,5,267,32.0529,58.18,41.82,85.45454545,14.54545455,0,267,26751,,30000,3000
cb,44.913,-110.3201,1912.6,2013,gr,7,6,267,30.30456,51.92,48.08,92.30769231,5.769230769,1.886792453,267,26751,,30000,3000
cb,44.913,-110.3201,1912.6,2013,gr,7,7,267,13.98672,66.67,33.33,75,25,0,267,26751,,30000,3000
cb,44.913,-110.3201,1912.6,2013,gr,7,8,267,34.38402,59.32,40.68,69.49152542,27.11864407,3.278688525,267,26751,,30000,3000
cb,44.913,-110.3201,1912.6,2013,gr,7,9,267,47.20518,54.32,45.68,97.5308642,1.234567901,1.219512195,267,26751,,30000,3000
cb,44.913,-110.3201,1912.6,2013,gr,7,10,267,55.94688,65.63,34.38,100,0,0,267,26751,,30000,3000
cb,44.913,-110.3201,1912.6,2013,gr,7,11,267,35.54958,45.9,54.1,90.16393443,6.557377049,3.174603175,267,26751,,30000,3000
cb,44.913,-110.3201,1912.6,2013,gr,7,12,267,44.87406,48.05,51.95,98.48484848,1.515151515,0,267,26751,,30000,3000
cb,44.913,-110.3201,1912.6,2014,gr,1,1,149,33.80124,82.76,17.24,79.31034483,20.68965517,0,149,23098,,30000,3000
cb,44.913,-110.3201,1912.6,2014,gr,1,2,149,42.54294,90.41,9.59,75.34246575,24.65753425,0,149,23098,,30000,3000
cb,44.913,-110.3201,1912.6,2014,gr,1,3,149,61.1919,84.76,15.24,91.42857143,8.571428571,0,149,23098,,30000,3000
cb,44.913,-110.3201,1912.6,2014,gr,1,4,149,67.0197,91.3,8.7,95.65217391,4.347826087,0,149,23098,,30000,3000
cb,44.913,-110.3201,1912.6,2014,gr,1,5,149,44.29128,90.79,9.21,85.52631579,14.47368421,0,149,23098,,30000,3000
cb,44.913,-110.3201,1912.6,2014,gr,1,6,149,41.96016,87.5,12.5,86.11111111,13.88888889,0,149,23098,,30000,3000
cb,44.913,-110.3201,1912.6,2014,gr,1,7,149,30.88734,84.91,15.09,92.45283019,7.547169811,0,149,23098,,30000,3000
cb,44.913,-110.3201,1912.6,2014,gr,1,8,149,25.05954,90.7,9.3,74.41860465,25.58139535,0,149,23098,,30000,3000
cb,44.913,-110.3201,1912.6,2014,gr,1,9,149,38.46348,89.39,10.61,87.87878788,12.12121212,0,149,23098,,30000,3000
cb,44.913,-110.3201,1912.6,2014,gr,1,10,149,38.46348,83.33,16.67,89.39393939,10.60606061,0,149,23098,,30000,3000
cb,44.913,-110.3201,1912.6,2014,gr,1,11,149,54.19854,84.95,15.05,83.87096774,16.12903226,0,149,23098,,30000,3000
cb,44.913,-110.3201,1912.6,2014,gr,1,12,149,51.86742,83.15,16.85,90.08264463,9.917355372,0,149,23098,,30000,3000
cb,44.913,-110.3201,1912.6,2014,gr,2,1,175,72.8475,76,24,87.2,11.2,1.57480315,,,,30000,3000
cb,44.913,-110.3201,1912.6,2014,gr,2,2,175,65.27136,86.61,13.39,92.85714286,7.142857143,0,,,,30000,3000
cb,44.913,-110.3201,1912.6,2014,gr,2,3,175,65.27136,72.32,27.68,98.21428571,1.785714286,0,,,,30000,3000
cb,44.913,-110.3201,1912.6,2014,gr,2,4,175,57.11244,70.41,29.59,90.81632653,9.183673469,0,,,,30000,3000
cb,44.913,-110.3201,1912.6,2014,gr,2,5,175,25.05954,76.74,23.26,86.04651163,13.95348837,0,,,,30000,3000
cb,44.913,-110.3201,1912.6,2014,gr,2,6,175,29.72178,78.43,21.57,82.35294118,17.64705882,0,,,,30000,3000
cb,44.913,-110.3201,1912.6,2014,gr,2,7,175,27.97344,68.75,31.25,97.91666667,2.083333333,0,,,,30000,3000
cb,44.913,-110.3201,1912.6,2014,gr,2,8,175,29.139,78,22,88,12,0,,,,30000,3000
cb,44.913,-110.3201,1912.6,2014,gr,2,9,175,49.5363,83.53,16.47,67.05882353,32.94117647,0,,,,30000,3000
cb,44.913,-110.3201,1912.6,2014,gr,2,10,175,36.13236,93.55,6.45,77.41935484,22.58064516,0,,,,30000,3000
cb,44.913,-110.3201,1912.6,2014,gr,2,11,175,20.98008,69.44,30.56,63.88888889,36.11111111,0,,,,30000,3000
cb,44.913,-110.3201,1912.6,2014,gr,2,12,175,30.88734,94.34,5.66,87.61061947,12.38938053,0,,,,30000,3000
cb,44.913,-110.3201,1912.6,2014,gr,3,1,204,57.69522,42.42,57.58,93.93939394,0,5.714285714,204,17812,,30000,3000
cb,44.913,-110.3201,1912.6,2014,gr,3,2,204,37.29792,26.56,73.44,92.1875,7.8125,0,204,17812,,30000,3000
cb,44.913,-110.3201,1912.6,2014,gr,3,3,204,41.96016,41.67,58.33,83.33333333,16.66666667,0,204,17812,,30000,3000
cb,44.913,-110.3201,1912.6,2014,gr,3,4,204,44.29128,46.05,53.95,88.15789474,11.84210526,0,204,17812,,30000,3000
cb,44.913,-110.3201,1912.6,2014,gr,3,5,204,39.04626,49.25,50.75,76.11940299,20.89552239,2.898550725,204,17812,,30000,3000
cb,44.913,-110.3201,1912.6,2014,gr,3,6,204,40.7946,41.43,58.57,94.28571429,5.714285714,0,204,17812,,30000,3000
cb,44.913,-110.3201,1912.6,2014,gr,3,7,204,40.7946,47.14,52.86,98.57142857,0,1.408450704,204,17812,,30000,3000
cb,44.913,-110.3201,1912.6,2014,gr,3,8,204,65.85414,61.06,38.94,55.75221239,6.194690265,27.56410256,204,17812,,30000,3000
cb,44.913,-110.3201,1912.6,2014,gr,3,9,204,51.28464,53.41,46.59,85.22727273,14.77272727,0,204,17812,,30000,3000
cb,44.913,-110.3201,1912.6,2014,gr,3,10,204,41.37738,33.8,66.2,94.36619718,5.633802817,0,204,17812,,30000,3000
cb,44.913,-110.3201,1912.6,2014,gr,3,11,204,36.71514,77.78,22.22,80.95238095,11.11111111,7.352941176,204,17812,,30000,3000
cb,44.913,-110.3201,1912.6,2014,gr,3,12,204,20.3973,57.14,42.86,80,20,0,204,17812,,30000,3000
cb,44.913,-110.3201,1912.6,2014,gr,4,1,233,58.278,54,46,99,1,0,233,26605,,30000,3000
cb,44.913,-110.3201,1912.6,2014,gr,4,2,233,50.11908,55.81,44.19,96.51162791,3.488372093,0,233,26605,,30000,3000
cb,44.913,-110.3201,1912.6,2014,gr,4,3,233,74.59584,42.19,57.81,100,0,0,233,26605,,30000,3000
cb,44.913,-110.3201,1912.6,2014,gr,4,4,233,58.86078,35.64,64.36,99.00990099,0.99009901,0,233,26605,,30000,3000
cb,44.913,-110.3201,1912.6,2014,gr,4,5,233,30.88734,35.85,64.15,81.13207547,3.773584906,13.1147541,233,26605,,30000,3000
cb,44.913,-110.3201,1912.6,2014,gr,4,6,233,42.54294,31.51,68.49,93.15068493,4.109589041,2.666666667,233,26605,,30000,3000
cb,44.913,-110.3201,1912.6,2014,gr,4,7,233,32.63568,35.71,64.29,80.35714286,7.142857143,11.11111111,233,26605,,30000,3000
cb,44.913,-110.3201,1912.6,2014,gr,4,8,233,41.37738,42.25,57.75,85.91549296,14.08450704,0,233,26605,,30000,3000
cb,44.913,-110.3201,1912.6,2014,gr,4,9,233,57.11244,38.78,61.22,82.65306122,5.102040816,10.90909091,233,26605,,30000,3000
cb,44.913,-110.3201,1912.6,2014,gr,4,10,233,35.54958,36.07,63.93,83.60655738,13.1147541,3.174603175,233,26605,,30000,3000
cb,44.913,-110.3201,1912.6,2014,gr,4,11,233,39.04626,35.82,64.18,80.59701493,2.985074627,14.1025641,233,26605,,30000,3000
cb,44.913,-110.3201,1912.6,2014,gr,4,12,233,27.97344,45.83,54.17,86.8852459,3.278688525,11.11111111,233,26605,,30000,3000
cb,44.913,-110.3201,1912.6,2014,gr,5,1,259,40.7946,48.57,51.43,94.28571429,4.285714286,1.408450704,259,16897,,30000,3000
cb,44.913,-110.3201,1912.6,2014,gr,5,2,259,49.5363,54.12,45.88,97.64705882,1.176470588,1.162790698,259,16897,,30000,3000
cb,44.913,-110.3201,1912.6,2014,gr,5,3,259,47.78796,48.78,51.22,98.7804878,1.219512195,0,259,16897,,30000,3000
cb,44.913,-110.3201,1912.6,2014,gr,5,4,259,48.37074,36.14,63.86,98.79518072,1.204819277,0,259,16897,,30000,3000
cb,44.913,-110.3201,1912.6,2014,gr,5,5,259,47.78796,56.1,43.9,89.02439024,6.097560976,4.651162791,259,16897,,30000,3000
cb,44.913,-110.3201,1912.6,2014,gr,5,6,259,40.21182,37.68,62.32,98.55072464,1.449275362,0,259,16897,,30000,3000
cb,44.913,-110.3201,1912.6,2014,gr,5,7,259,41.37738,59.15,40.85,97.18309859,2.816901408,0,259,16897,,30000,3000
cb,44.913,-110.3201,1912.6,2014,gr,5,8,259,37.8807,53.85,46.15,96.92307692,1.538461538,1.515151515,259,16897,,30000,3000
cb,44.913,-110.3201,1912.6,2014,gr,5,9,259,33.21846,43.86,56.14,84.21052632,10.52631579,5,259,16897,,30000,3000
cb,44.913,-110.3201,1912.6,2014,gr,5,10,259,41.96016,43.06,56.94,88.88888889,6.944444444,4,259,16897,,30000,3000
cb,44.913,-110.3201,1912.6,2014,gr,5,11,259,35.54958,39.34,60.66,91.80327869,6.557377049,1.612903226,259,16897,,30000,3000
cb,44.913,-110.3201,1912.6,2014,gr,5,12,259,24.47676,57.14,42.86,78.87323944,15.49295775,8.695652174,259,16897,,30000,3000
forest,44.798,-110.0901,1912.6,1988,gr,1,1,181,109.88784,100,0,81.14754098,13.93442623,4.6875,,,,44202.19007,2000
forest,44.798,-110.0901,1912.6,1988,gr,1,2,181,217.49226,100,0,80.49792531,19.50207469,0,,,,44202.19007,2000
forest,44.798,-110.0901,1912.6,1988,gr,1,3,181,198.3873,100,0,84.54545455,15.45454545,0,,,,44202.19007,2000
forest,44.798,-110.0901,1912.6,1988,gr,1,4,181,141.98218,100,0,82.27848101,17.72151899,0,,,,44202.19007,2000
forest,44.798,-110.0901,1912.6,1988,gr,1,5,181,140.16266,100,0,78.84615385,18.58974359,2.5,,,,44202.19007,2000
forest,44.798,-110.0901,1912.6,1988,gr,1,6,181,169.27498,100,0,88.29787234,11.70212766,0,,,,44202.19007,2000
forest,44.798,-110.0901,1912.6,1988,gr,1,7,181,138.34314,100,0,90.90909091,9.090909091,0,,,,44202.19007,2000
forest,44.798,-110.0901,1912.6,1988,gr,1,8,181,96.49418,100,0,89.81481481,10.18518519,0,,,,44202.19007,2000
forest,44.798,-110.0901,1912.6,1988,gr,1,9,181,183.83114,100,0,80.88235294,19.11764706,0,,,,44202.19007,2000
forest,44.798,-110.0901,1912.6,1988,gr,1,10,181,134.7041,100,0,82.66666667,14.66666667,2.597402597,,,,44202.19007,2000
forest,44.798,-110.0901,1912.6,1988,gr,2,1,215,182.01162,100,0,93.56435644,5.940594059,0.492610837,,,,44202.19007,2000
forest,44.798,-110.0901,1912.6,1988,gr,2,2,215,142.89194,96.86,3.14,84.27672956,15.72327044,0,,,,44202.19007,2000
forest,44.798,-110.0901,1912.6,1988,gr,2,3,215,98.76858,100,0,85.0678733,14.9321267,0,,,,44202.19007,2000
forest,44.798,-110.0901,1912.6,1988,gr,2,4,215,183.83114,89.71,10.29,78.92156863,21.07843137,0,,,,44202.19007,2000
forest,44.798,-110.0901,1912.6,1988,gr,2,5,215,154.71882,100,0,86.04651163,13.95348837,0,,,,44202.19007,2000
forest,44.798,-110.0901,1912.6,1988,gr,2,6,215,252.06314,96.42,3.58,86.02150538,13.97849462,0,,,,44202.19007,2000
forest,44.798,-110.0901,1912.6,1988,gr,2,7,215,198.3873,99.09,0.91,93.18181818,6.818181818,0,,,,44202.19007,2000
forest,44.798,-110.0901,1912.6,1988,gr,2,8,215,214.76298,92.02,7.98,81.51260504,16.80672269,1.652892562,,,,44202.19007,2000
forest,44.798,-110.0901,1912.6,1988,gr,2,9,215,193.8385,100,0,89.76744186,10.23255814,0,,,,44202.19007,2000
forest,44.798,-110.0901,1912.6,1988,gr,2,10,215,166.5457,95.14,4.86,89.18918919,10.81081081,0,,,,44202.19007,2000
forest,44.798,-110.0901,1912.6,1988,gr,3,1,242,123.78698,97.83,2.17,93.47826087,6.52173913,0,,,,44202.19007,2000
forest,44.798,-110.0901,1912.6,1988,gr,3,2,242,173.3689,86.49,13.51,96.88311688,3.116883117,0,,,,44202.19007,2000
forest,44.798,-110.0901,1912.6,1988,gr,3,3,242,222.49594,82.35,17.65,97.76876268,2.231237323,0,,,,44202.19007,2000
forest,44.798,-110.0901,1912.6,1988,gr,3,4,242,228.40938,73.91,26.09,99.20948617,0.790513834,0,,,,44202.19007,2000
forest,44.798,-110.0901,1912.6,1988,gr,3,5,242,178.82746,76.32,23.68,96.97732997,1.511335013,1.488833747,,,,44202.19007,2000
forest,44.798,-110.0901,1912.6,1988,gr,3,6,242,268.43882,45.96,54.04,100,0,0,,,,44202.19007,2000
forest,44.798,-110.0901,1912.6,1988,gr,3,7,242,191.10922,49.29,50.71,82.0754717,1.41509434,14.17004049,,,,44202.19007,2000
forest,44.798,-110.0901,1912.6,1988,gr,3,8,242,211.57882,50.96,49.04,94.88272921,3.198294243,1.882845188,,,,44202.19007,2000
forest,44.798,-110.0901,1912.6,1988,gr,4,1,278,200.6617,4.72,95.28,93.93258427,3.370786517,2.625820569,,,,44202.19007,2000
forest,44.798,-110.0901,1912.6,1988,gr,4,2,278,282.08522,1.44,98.56,95.19230769,4.326923077,0.4784689,,,,44202.19007,2000
forest,44.798,-110.0901,1912.6,1988,gr,4,3,278,364.4185,5.96,94.04,91.42857143,4.472049689,3.937947494,,,,44202.19007,2000
forest,44.798,-110.0901,1912.6,1988,gr,4,4,278,222.95082,1.21,98.79,98.7854251,1.214574899,0,,,,44202.19007,2000
forest,44.798,-110.0901,1912.6,1988,gr,4,5,278,284.8145,2.54,97.46,95.55555556,3.174603175,1.253918495,,,,44202.19007,2000
forest,44.798,-110.0901,1912.6,1988,gr,4,6,278,152.44442,21.83,78.17,76.99115044,1.769911504,17.51824818,,,,44202.19007,2000
forest,44.798,-110.0901,1912.6,1989,gr,1,1,178,99.22346,100,0,72.07207207,26.12612613,1.769911504,,,,44202.19,2000
forest,44.798,-110.0901,1912.6,1989,gr,1,2,178,97.40394,100,0,84.40366972,15.59633028,0,,,,44202.19,2000
forest,44.798,-110.0901,1912.6,1989,gr,1,3,178,76.47946,100,0,84.88372093,15.11627907,0,,,,44202.19,2000
forest,44.798,-110.0901,1912.6,1989,gr,1,4,178,58.28426,98.48,1.52,87.87878788,12.12121212,0,,,,44202.19,2000
forest,44.798,-110.0901,1912.6,1989,gr,1,5,178,134.7041,100,0,86.66666667,13.33333333,0,,,,44202.19,2000
forest,44.798,-110.0901,1912.6,1989,gr,1,6,178,110.14058,100,0,72.35772358,25.20325203,2.380952381,,,,44202.19,2000
forest,44.798,-110.0901,1912.6,1989,gr,1,7,178,88.30634,100,0,82.82828283,17.17171717,0,,,,44202.19,2000
forest,44.798,-110.0901,1912.6,1989,gr,2,1,206,202.02634,95.98,4.02,85.71428571,14.28571429,0,,,,44202.19,2000
forest,44.798,-110.0901,1912.6,1989,gr,2,2,206,193.8385,96.74,3.26,86.51162791,13.48837209,0,,,,44202.19,2000
forest,44.798,-110.0901,1912.6,1989,gr,2,3,206,158.35786,98.86,1.14,77.84090909,15.90909091,5.882352941,,,,44202.19,2000
forest,44.798,-110.0901,1912.6,1989,gr,2,4,206,158.81274,100,0,90.65155807,9.348441926,0,,,,44202.19,2000
forest,44.798,-110.0901,1912.6,1989,gr,2,5,206,103.77226,100,0,87.06896552,12.93103448,0,,,,44202.19,2000
forest,44.798,-110.0901,1912.6,1989,gr,2,6,206,184.7409,99.51,0.49,89.26829268,10.73170732,0,,,,44202.19,2000
forest,44.798,-110.0901,1912.6,1989,gr,2,7,206,236.14234,100,0,89.86615679,10.13384321,0,,,,44202.19,2000
forest,44.798,-110.0901,1912.6,1989,gr,2,8,206,222.04106,99.39,0.61,92.07317073,7.926829268,0,,,,44202.19,2000
forest,44.798,-110.0901,1912.6,1989,gr,3,1,234,138.79802,98.06,1.94,87.37864078,12.62135922,0,,,,44202.19,2000
forest,44.798,-110.0901,1912.6,1989,gr,3,2,234,160.63226,99.16,0.84,96.63865546,3.361344538,0,,,,44202.19,2000
forest,44.798,-110.0901,1912.6,1989,gr,3,3,234,239.3265,97.74,2.26,92.64150943,7.358490566,0,,,,44202.19,2000
forest,44.798,-110.0901,1912.6,1989,gr,3,4,234,265.70954,100,0,96.93877551,3.06122449,0,,,,44202.19,2000
forest,44.798,-110.0901,1912.6,1989,gr,3,5,234,288.90842,89.05,10.95,94.83568075,5.164319249,0,,,,44202.19,2000
forest,44.798,-110.0901,1912.6,1989,gr,3,6,234,165.63594,91.03,8.97,90.2173913,9.782608696,0,,,,44202.19,2000
forest,44.798,-110.0901,1912.6,1989,gr,3,7,234,192.47386,95.78,4.22,90.16393443,9.836065574,0,,,,44202.19,2000
forest,44.798,-110.0901,1912.6,1989,gr,3,8,234,174.27866,92.25,7.75,90.69767442,9.302325581,0,,,,44202.19,2000
forest,44.798,-110.0901,1912.6,1989,gr,4,1,262,151.07978,40.48,59.52,92.85714286,7.142857143,0,,,,44202.19,2000
forest,44.798,-110.0901,1912.6,1989,gr,4,2,262,238.41674,6.06,93.94,98.48484848,1.515151515,0,,,,44202.19,2000
forest,44.798,-110.0901,1912.6,1989,gr,4,3,262,211.12394,83.76,16.24,100,0,0,,,,44202.19,2000
forest,44.798,-110.0901,1912.6,1989,gr,4,4,262,143.8017,83.75,16.25,90,10,0,,,,44202.19,2000
forest,44.798,-110.0901,1912.6,1989,gr,4,5,262,185.65066,70.63,29.37,94.17475728,5.825242718,0,,,,44202.19,2000
forest,44.798,-110.0901,1912.6,1989,gr,4,6,262,205.66538,32.46,67.54,97.36842105,2.631578947,0,,,,44202.19,2000
forest,44.798,-110.0901,1912.6,1989,gr,4,7,262,318.47562,28.41,71.59,99.43181818,0.568181818,0,,,,44202.19,2000
forest,44.798,-110.0901,1912.6,1989,gr,4,8,262,283.90474,20.38,79.62,94.9044586,5.095541401,0,,,,44202.19,2000
gh,44.895,-110.9045,1890.7,1999,gr,1,1,190,145.92,88.67,11.33,78.125,21.875,0,190,25214,,55890,4532
gh,44.895,-110.9045,1890.7,1999,gr,1,2,190,69.54,93.44,6.56,40.16393443,59.83606557,0,190,25214,,55890,4532
gh,44.895,-110.9045,1890.7,1999,gr,1,3,190,159.6,97.5,2.5,75.71428571,24.28571429,0,190,25214,,55890,4532
gh,44.895,-110.9045,1890.7,1999,gr,1,4,190,105.45,97.84,2.16,59.45945946,40.54054054,0,190,25214,,55890,4532
gh,44.895,-110.9045,1890.7,1999,gr,1,5,190,91.2,93.13,6.88,65.625,34.375,0,190,25214,,55890,4532
gh,44.895,-110.9045,1890.7,1999,gr,1,6,190,64.98,99.12,0.88,59.64912281,40.35087719,0,190,25214,,55890,4532
gh,44.895,-110.9045,1890.7,1999,gr,1,7,190,60.42,94.34,5.66,59.43396226,40.56603774,0,190,25214,,55890,4532
gh,44.895,-110.9045,1890.7,1999,gr,1,8,190,66.12,97.41,2.59,37.06896552,62.93103448,0,190,25214,,55890,4532
gh,44.895,-110.9045,1890.7,1999,gr,1,9,190,107.73,97.88,2.12,45.5026455,53.96825397,0.526315789,190,25214,,55890,4532
gh,44.895,-110.9045,1890.7,1999,gr,1,10,190,67.83,94.12,5.88,53.78151261,46.21848739,0,190,25214,,55890,4532
gh,44.895,-110.9045,1890.7,1999,gr,1,11,190,75.81,97.74,2.26,64.66165414,35.33834586,0,190,25214,,55890,4532
gh,44.895,-110.9045,1890.7,1999,gr,1,12,190,66.69,96.58,3.42,78.63247863,21.36752137,0,190,25214,,55890,4532
gh,44.895,-110.9045,1890.7,1999,gr,2,1,221,124.83,35.62,64.38,86.75799087,12.32876712,0.904977376,221,18840,,55890,4532
gh,44.895,-110.9045,1890.7,1999,gr,2,2,221,94.05,64.85,35.15,83.03030303,16.96969697,0,221,18840,,55890,4532
gh,44.895,-110.9045,1890.7,1999,gr,2,3,221,86.07,81.46,18.54,78.14569536,21.85430464,0,221,18840,,55890,4532
gh,44.895,-110.9045,1890.7,1999,gr,2,4,221,58.71,67.96,32.04,57.2815534,42.7184466,0,221,18840,,55890,4532
gh,44.895,-110.9045,1890.7,1999,gr,2,5,221,108.3,67.37,32.63,92.10526316,7.894736842,0,221,18840,,55890,4532
gh,44.895,-110.9045,1890.7,1999,gr,2,6,221,91.2,74.38,25.63,84.375,15.625,0,221,18840,,55890,4532
gh,44.895,-110.9045,1890.7,1999,gr,2,7,221,86.07,79.47,20.53,69.53642384,30.46357616,0,221,18840,,55890,4532
gh,44.895,-110.9045,1890.7,1999,gr,2,8,221,87.21,91.5,8.5,86.2745098,11.76470588,1.923076923,221,18840,,55890,4532
gh,44.895,-110.9045,1890.7,1999,gr,2,9,221,79.8,58.57,41.43,72.14285714,27.85714286,0,221,18840,,55890,4532
gh,44.895,-110.9045,1890.7,1999,gr,2,10,221,84.36,63.51,36.49,79.72972973,20.27027027,0,221,18840,,55890,4532
gh,44.895,-110.9045,1890.7,1999,gr,2,11,221,106.02,94.62,5.38,78.49462366,21.50537634,0,221,18840,,55890,4532
gh,44.895,-110.9045,1890.7,1999,gr,2,12,221,123.12,90.28,9.72,87.5,12.5,0,221,18840,,55890,4532
gh,44.895,-110.9045,1890.7,1999,gr,3,1,251,102.03,57.54,42.46,95.6284153,4.371584699,0,251,16520,,55890,4532
gh,44.895,-110.9045,1890.7,1999,gr,3,2,251,60.42,46.23,53.77,78.30188679,19.81132075,1.851851852,251,16520,,55890,4532
gh,44.895,-110.9045,1890.7,1999,gr,3,3,251,120.84,63.21,36.79,90.09433962,9.905660377,0,251,16520,,55890,4532
gh,44.895,-110.9045,1890.7,1999,gr,3,4,251,104.88,59.78,40.22,84.53608247,15.46391753,0,251,16520,,55890,4532
gh,44.895,-110.9045,1890.7,1999,gr,3,5,251,115.71,59.11,40.89,88.94230769,11.05769231,0,251,16520,,55890,4532
gh,44.895,-110.9045,1890.7,1999,gr,3,6,251,117.42,74.27,25.73,87.96296296,12.03703704,0,251,16520,,55890,4532
gh,44.895,-110.9045,1890.7,1999,gr,3,7,251,53.58,77.66,22.34,66.66666667,33.33333333,0,251,16520,,55890,4532
gh,44.895,-110.9045,1890.7,1999,gr,3,8,251,106.02,62.9,37.1,89.40677966,10.59322034,0,251,16520,,55890,4532
gh,44.895,-110.9045,1890.7,1999,gr,3,9,251,75.81,56.39,43.61,85.79881657,14.20118343,0,251,16520,,55890,4532
gh,44.895,-110.9045,1890.7,1999,gr,3,10,251,66.69,64.1,35.9,76.47058824,23.52941176,0,251,16520,,55890,4532
gh,44.895,-110.9045,1890.7,1999,gr,3,11,251,111.15,81.03,18.97,88.88888889,11.11111111,0,251,16520,,55890,4532
gh,44.895,-110.9045,1890.7,1999,gr,3,12,251,83.79,72.79,27.21,87.34177215,12.65822785,0,251,16520,,55890,4532
gh,44.895,-110.9045,1890.7,1999,gr,4,1,289,,,,,,,,,,55890,4532
gh,44.895,-110.9045,1890.7,2000,gr,1,1,151,66.69,97.44,2.56,77.77777778,19.65811966,2.5,151,30435,,55890,4532
gh,44.895,-110.9045,1890.7,2000,gr,1,2,151,62.7,100,0,67.27272727,32.72727273,0,151,30435,,55890,4532
gh,44.895,-110.9045,1890.7,2000,gr,1,3,151,100.32,100,0,78.97727273,21.02272727,0,151,30435,,55890,4532
gh,44.895,-110.9045,1890.7,2000,gr,1,4,151,86.07,98.01,1.99,52.31788079,47.68211921,0,151,30435,,55890,4532
gh,44.895,-110.9045,1890.7,2000,gr,1,5,151,79.23,100,0,72.6618705,27.3381295,0,151,30435,,55890,4532
gh,44.895,-110.9045,1890.7,2000,gr,1,6,151,77.52,97.79,2.21,91.17647059,8.823529412,0,151,30435,,55890,4532
gh,44.895,-110.9045,1890.7,2000,gr,1,7,151,52.44,98.91,1.09,47.82608696,52.17391304,0,151,30435,,55890,4532
gh,44.895,-110.9045,1890.7,2000,gr,1,8,151,59.85,99.05,0.95,83.80952381,16.19047619,0,151,30435,,55890,4532
gh,44.895,-110.9045,1890.7,2000,gr,1,9,151,67.26,98.31,1.69,72.03389831,27.96610169,0,151,30435,,55890,4532
gh,44.895,-110.9045,1890.7,2000,gr,1,10,151,42.75,98.67,1.33,73.33333333,26.66666667,0,151,30435,,55890,4532
gh,44.895,-110.9045,1890.7,2000,gr,1,11,151,52.44,98.91,1.09,47.82608696,52.17391304,0,151,30435,,55890,4532
gh,44.895,-110.9045,1890.7,2000,gr,1,12,151,66.12,100,0,53.44827586,46.55172414,0,151,30435,,55890,4532
gh,44.895,-110.9045,1890.7,2000,gr,2,1,181,110.58,98.45,1.55,70.6185567,24.22680412,4.901960784,181,26047,,55890,4532
gh,44.895,-110.9045,1890.7,2000,gr,2,2,181,102.6,98.89,1.11,60.55555556,36.11111111,3.225806452,181,26047,,55890,4532
gh,44.895,-110.9045,1890.7,2000,gr,2,3,181,143.64,93.25,6.75,77.38095238,22.61904762,0,181,26047,,55890,4532
gh,44.895,-110.9045,1890.7,2000,gr,2,4,181,135.66,98.32,1.68,89.07563025,10.92436975,0,181,26047,,55890,4532
gh,44.895,-110.9045,1890.7,2000,gr,2,5,181,119.7,95.24,4.76,63.80952381,36.19047619,0,181,26047,,55890,4532
gh,44.895,-110.9045,1890.7,2000,gr,2,6,181,130.53,88.65,11.35,72.05240175,27.94759825,0,181,26047,,55890,4532
gh,44.895,-110.9045,1890.7,2000,gr,2,7,181,119.7,99.05,0.95,70.95238095,29.04761905,0,181,26047,,55890,4532
gh,44.895,-110.9045,1890.7,2000,gr,2,8,181,135.66,100,0,79.83193277,20.16806723,0,181,26047,,55890,4532
gh,44.895,-110.9045,1890.7,2000,gr,2,9,181,115.71,97.54,2.46,77.33990148,22.66009852,0,181,26047,,55890,4532
gh,44.895,-110.9045,1890.7,2000,gr,2,10,181,107.16,98.4,1.6,72.34042553,27.65957447,0,181,26047,,55890,4532
gh,44.895,-110.9045,1890.7,2000,gr,2,11,181,109.44,98.44,1.56,77.60416667,22.39583333,0,181,26047,,55890,4532
gh,44.895,-110.9045,1890.7,2000,gr,2,12,181,119.13,97.13,2.87,65.55023923,34.44976077,0,181,26047,,55890,4532
gh,44.895,-110.9045,1890.7,2000,gr,3,1,206,129.96,83.33,16.67,71.92982456,28.07017544,0,206,15852,,55890,4532
gh,44.895,-110.9045,1890.7,2000,gr,3,2,206,114.57,82.09,17.91,75.62189055,24.37810945,0,206,15852,,55890,4532
gh,44.895,-110.9045,1890.7,2000,gr,3,3,206,52.44,56.52,43.48,53.26086957,46.73913043,0,206,15852,,55890,4532
gh,44.895,-110.9045,1890.7,2000,gr,3,4,206,87.21,72.55,27.45,68.62745098,31.37254902,0,206,15852,,55890,4532
gh,44.895,-110.9045,1890.7,2000,gr,3,5,206,136.23,54.81,45.19,96.65271967,3.347280335,0,206,15852,,55890,4532
gh,44.895,-110.9045,1890.7,2000,gr,3,6,206,131.1,67.39,32.61,88.69565217,11.30434783,0,206,15852,,55890,4532
gh,44.895,-110.9045,1890.7,2000,gr,3,7,206,141.36,76.21,23.79,83.46774194,16.53225806,0,206,15852,,55890,4532
gh,44.895,-110.9045,1890.7,2000,gr,3,8,206,131.1,75.65,24.35,85.2173913,14.7826087,0,206,15852,,55890,4532
gh,44.895,-110.9045,1890.7,2000,gr,3,9,206,98.04,87.21,12.79,66.86046512,33.13953488,0,206,15852,,55890,4532
gh,44.895,-110.9045,1890.7,2000,gr,3,10,206,101.46,84.27,15.73,76.40449438,23.59550562,0,206,15852,,55890,4532
gh,44.895,-110.9045,1890.7,2000,gr,3,11,206,176.13,80.26,19.74,89.96763754,10.03236246,0,206,15852,,55890,4532
gh,44.895,-110.9045,1890.7,2000,gr,3,12,206,143.07,66.93,33.07,83.26693227,16.73306773,0,206,15852,,55890,4532
gh,44.895,-110.9045,1890.7,2000,gr,4,1,242,98.04,45.93,54.07,85.46511628,14.53488372,0,242,12003,,55890,4532
gh,44.895,-110.9045,1890.7,2000,gr,4,2,242,71.25,24.8,75.2,70.4,29.6,0,242,12003,,55890,4532
gh,44.895,-110.9045,1890.7,2000,gr,4,3,242,87.21,39.87,60.13,90.19607843,9.803921569,0,242,12003,,55890,4532
gh,44.895,-110.9045,1890.7,2000,gr,4,4,242,74.1,33.85,66.15,85.38461538,14.61538462,0,242,12003,,55890,4532
gh,44.895,-110.9045,1890.7,2000,gr,4,5,242,106.02,53.23,46.77,77.41935484,22.58064516,0,242,12003,,55890,4532
gh,44.895,-110.9045,1890.7,2000,gr,4,6,242,85.5,64.67,35.33,83.33333333,16.66666667,0,242,12003,,55890,4532
gh,44.895,-110.9045,1890.7,2000,gr,4,7,242,131.67,67.97,32.03,91.34199134,8.658008658,0,242,12003,,55890,4532
gh,44.895,-110.9045,1890.7,2000,gr,4,8,242,70.68,62.1,37.9,64.51612903,35.48387097,0,242,12003,,55890,4532
gh,44.895,-110.9045,1890.7,2000,gr,4,9,242,86.07,58.28,41.72,88.74172185,11.25827815,0,242,12003,,55890,4532
gh,44.895,-110.9045,1890.7,2000,gr,4,10,242,65.55,60.87,39.13,80.86956522,19.13043478,0,242,12003,,55890,4532
gh,44.895,-110.9045,1890.7,2000,gr,4,11,242,136.8,58.75,41.25,90.41666667,9.583333333,0,242,12003,,55890,4532
gh,44.895,-110.9045,1890.7,2000,gr,4,12,242,127.11,35.87,64.13,79.8206278,20.1793722,0,242,12003,,55890,4532
gh,44.895,-110.9045,1890.7,2000,gr,5,1,269,88.35,39.35,60.65,86.4516129,13.5483871,0,269,13816,,55890,4532
gh,44.895,-110.9045,1890.7,2000,gr,5,2,269,85.5,52,48,95.33333333,4.666666667,0,269,13816,,55890,4532
gh,44.895,-110.9045,1890.7,2000,gr,5,3,269,119.13,25.36,74.64,83.73205742,16.26794258,0,269,13816,,55890,4532
gh,44.895,-110.9045,1890.7,2000,gr,5,4,269,105.45,19.46,80.54,70.27027027,29.72972973,0,269,13816,,55890,4532
gh,44.895,-110.9045,1890.7,2000,gr,5,5,269,74.67,47.33,52.67,92.36641221,7.633587786,0,269,13816,,55890,4532
gh,44.895,-110.9045,1890.7,2000,gr,5,6,269,72.39,49.61,50.39,78.74015748,21.25984252,0,269,13816,,55890,4532
gh,44.895,-110.9045,1890.7,2000,gr,5,7,269,98.61,50.29,49.71,91.90751445,8.092485549,0,269,13816,,55890,4532
gh,44.895,-110.9045,1890.7,2000,gr,5,8,269,98.04,41.86,58.14,91.86046512,8.139534884,0,269,13816,,55890,4532
gh,44.895,-110.9045,1890.7,2000,gr,5,9,269,74.1,39.23,60.77,96.92307692,3.076923077,0,269,13816,,55890,4532
gh,44.895,-110.9045,1890.7,2000,gr,5,10,269,74.67,28.24,71.76,79.38931298,20.61068702,0,269,13816,,55890,4532
gh,44.895,-110.9045,1890.7,2000,gr,5,11,269,90.06,36.08,63.92,94.93670886,2.53164557,2.469135802,269,13816,,55890,4532
gh,44.895,-110.9045,1890.7,2000,gr,5,12,269,86.64,20.39,79.61,69.07894737,30.92105263,0,269,13816,,55890,4532
gh,44.895,-110.9045,1890.7,2000,gr,6,1,293,37.62,13.64,86.36,68.18181818,31.81818182,0,293,8390,,55890,4532
gh,44.895,-110.9045,1890.7,2000,gr,6,2,293,72.39,3.94,96.06,81.1023622,18.8976378,0,293,8390,,55890,4532
gh,44.895,-110.9045,1890.7,2000,gr,6,3,293,58.71,10.68,89.32,91.26213592,8.737864078,0,293,8390,,55890,4532
gh,44.895,-110.9045,1890.7,2000,gr,6,4,293,79.23,1.44,98.56,89.20863309,10.79136691,0,293,8390,,55890,4532
gh,44.895,-110.9045,1890.7,2000,gr,6,5,293,61.56,13.89,86.11,88.88888889,11.11111111,0,293,8390,,55890,4532
gh,44.895,-110.9045,1890.7,2000,gr,6,6,293,47.31,16.87,83.13,85.54216867,14.45783133,0,293,8390,,55890,4532
gh,44.895,-110.9045,1890.7,2000,gr,6,7,293,69.54,11.48,88.52,84.42622951,15.57377049,0,293,8390,,55890,4532
gh,44.895,-110.9045,1890.7,2000,gr,6,8,293,64.98,18.42,81.58,93.85964912,6.140350877,0,293,8390,,55890,4532
gh,44.895,-110.9045,1890.7,2000,gr,6,9,293,56.43,18.18,81.82,82.82828283,17.17171717,0,293,8390,,55890,4532
gh,44.895,-110.9045,1890.7,2000,gr,6,10,293,49.59,34.48,65.52,91.95402299,8.045977011,0,293,8390,,55890,4532
gh,44.895,-110.9045,1890.7,2000,gr,6,11,293,60.99,3.74,96.26,77.57009346,22.42990654,0,293,8390,,55890,4532
gh,44.895,-110.9045,1890.7,2000,gr,6,12,293,62.13,43.12,56.88,99.08256881,0.917431193,0,293,8390,,55890,4532
gh,44.895,-110.9045,1890.7,2001,gr,1,1,152,95.19,96.41,3.59,76.64670659,23.35329341,0,152,34038,,55890,4532
gh,44.895,-110.9045,1890.7,2001,gr,1,2,152,106.02,94.09,5.91,84.94623656,15.05376344,0,152,34038,,55890,4532
gh,44.895,-110.9045,1890.7,2001,gr,1,3,152,111.15,98.97,1.03,62.05128205,37.94871795,0,152,34038,,55890,4532
gh,44.895,-110.9045,1890.7,2001,gr,1,4,152,129.39,97.36,2.64,87.2246696,12.7753304,0,152,34038,,55890,4532
gh,44.895,-110.9045,1890.7,2001,gr,1,5,152,87.21,94.12,5.88,69.93464052,30.06535948,0,152,34038,,55890,4532
gh,44.895,-110.9045,1890.7,2001,gr,1,6,152,89.49,94.9,5.1,83.43949045,16.56050955,0,152,34038,,55890,4532
gh,44.895,-110.9045,1890.7,2001,gr,1,7,152,90.63,98.11,1.89,57.2327044,42.7672956,0,152,34038,,55890,4532
gh,44.895,-110.9045,1890.7,2001,gr,1,8,152,127.11,97.31,2.69,59.19282511,40.80717489,0,152,34038,,55890,4532
gh,44.895,-110.9045,1890.7,2001,gr,1,9,152,86.07,96.69,3.31,73.50993377,26.49006623,0,152,34038,,55890,4532
gh,44.895,-110.9045,1890.7,2001,gr,1,10,152,84.36,97.3,2.7,49.32432432,50.67567568,0,152,34038,,55890,4532
gh,44.895,-110.9045,1890.7,2001,gr,1,11,152,124.26,95.87,4.13,69.26605505,30.73394495,0,152,34038,,55890,4532
gh,44.895,-110.9045,1890.7,2001,gr,1,12,152,92.34,99.38,0.62,79.62962963,20.37037037,0,152,34038,,55890,4532
gh,44.895,-110.9045,1890.7,2001,gr,2,1,184,121.41,95.77,4.23,80.28169014,19.71830986,0,184,19959,,55890,4532
gh,44.895,-110.9045,1890.7,2001,gr,2,2,184,116.85,97.56,2.44,70.24390244,29.75609756,0,184,19959,,55890,4532
gh,44.895,-110.9045,1890.7,2001,gr,2,3,184,104.88,92.39,7.61,48.91304348,51.08695652,0,184,19959,,55890,4532
gh,44.895,-110.9045,1890.7,2001,gr,2,4,184,132.81,95.71,4.29,83.69098712,16.30901288,0,184,19959,,55890,4532
gh,44.895,-110.9045,1890.7,2001,gr,2,5,184,183.54,98.14,1.86,67.39130435,32.60869565,0,184,19959,,55890,4532
gh,44.895,-110.9045,1890.7,2001,gr,2,6,184,158.46,94.24,5.76,69.0647482,30.9352518,0,184,19959,,55890,4532
gh,44.895,-110.9045,1890.7,2001,gr,2,7,184,175.56,97.4,2.6,83.11688312,16.88311688,0,184,19959,,55890,4532
gh,44.895,-110.9045,1890.7,2001,gr,2,8,184,200.07,94.3,5.7,71.50997151,28.49002849,0,184,19959,,55890,4532
gh,44.895,-110.9045,1890.7,2001,gr,2,9,184,145.92,94.53,5.47,83.984375,16.015625,0,184,19959,,55890,4532
gh,44.895,-110.9045,1890.7,2001,gr,2,10,184,167.58,88.44,11.56,82.99319728,17.00680272,0,184,19959,,55890,4532
gh,44.895,-110.9045,1890.7,2001,gr,2,11,184,75.81,86.47,13.53,61.65413534,38.34586466,0,184,19959,,55890,4532
gh,44.895,-110.9045,1890.7,2001,gr,2,12,184,190.95,97.61,2.39,74.92537313,25.07462687,0,184,19959,,55890,4532
gh,44.895,-110.9045,1890.7,2001,gr,3,1,219,77.52,49.26,50.74,,,,219,17810,,55890,4532
gh,44.895,-110.9045,1890.7,2001,gr,3,2,219,119.7,58.1,41.9,,,,219,17810,,55890,4532
gh,44.895,-110.9045,1890.7,2001,gr,3,3,219,131.67,60.17,39.83,,,,219,17810,,55890,4532
gh,44.895,-110.9045,1890.7,2001,gr,3,4,219,127.11,71.3,28.7,,,,219,17810,,55890,4532
gh,44.895,-110.9045,1890.7,2001,gr,3,5,219,165.87,45.7,54.3,,,,219,17810,,55890,4532
gh,44.895,-110.9045,1890.7,2001,gr,3,6,219,159.6,46.79,53.21,,,,219,17810,,55890,4532
gh,44.895,-110.9045,1890.7,2001,gr,3,7,219,188.67,53.78,46.22,,,,219,17810,,55890,4532
gh,44.895,-110.9045,1890.7,2001,gr,3,8,219,280.44,61.18,38.82,,,,219,17810,,55890,4532
gh,44.895,-110.9045,1890.7,2001,gr,3,9,219,166.44,50,50,,,,219,17810,,55890,4532
gh,44.895,-110.9045,1890.7,2001,gr,3,10,219,110.58,43.3,56.7,,,,219,17810,,55890,4532
gh,44.895,-110.9045,1890.7,2001,gr,3,11,219,163.02,46.5,53.5,,,,219,17810,,55890,4532
gh,44.895,-110.9045,1890.7,2001,gr,3,12,219,108.3,45.79,54.21,,,,219,17810,,55890,4532
gh,44.895,-110.9045,1890.7,2001,gr,4,1,247,142.5,30.4,69.6,,,,247,12846,,55890,4532
gh,44.895,-110.9045,1890.7,2001,gr,4,2,247,62.13,2.75,97.25,,,,247,12846,,55890,4532
gh,44.895,-110.9045,1890.7,2001,gr,4,3,247,128.25,14.67,85.33,,,,247,12846,,55890,4532
gh,44.895,-110.9045,1890.7,2001,gr,4,4,247,96.9,28.24,71.76,,,,247,12846,,55890,4532
gh,44.895,-110.9045,1890.7,2001,gr,4,5,247,100.89,31.07,68.93,,,,247,12846,,55890,4532
gh,44.895,-110.9045,1890.7,2001,gr,4,6,247,86.07,22.52,77.48,,,,247,12846,,55890,4532
gh,44.895,-110.9045,1890.7,2001,gr,4,7,247,144.21,15.81,84.19,,,,247,12846,,55890,4532
gh,44.895,-110.9045,1890.7,2001,gr,4,8,247,190.95,28.36,71.64,,,,247,12846,,55890,4532
gh,44.895,-110.9045,1890.7,2001,gr,4,9,247,97.47,20.47,79.53,,,,247,12846,,55890,4532
gh,44.895,-110.9045,1890.7,2001,gr,4,10,247,85.5,18.67,81.33,,,,247,12846,,55890,4532
gh,44.895,-110.9045,1890.7,2001,gr,4,11,247,83.79,27.21,72.79,,,,247,12846,,55890,4532
gh,44.895,-110.9045,1890.7,2001,gr,4,12,247,113.43,20.6,79.4,,,,247,12846,,55890,4532
gh,44.895,-110.9045,1890.7,2001,gr,5,1,263,75.81,12.03,87.97,,,,263,12846,,55890,4532
gh,44.895,-110.9045,1890.7,2001,gr,5,2,263,90.06,4.43,95.57,,,,263,12846,,55890,4532
gh,44.895,-110.9045,1890.7,2001,gr,5,3,263,227.43,28.57,71.43,,,,263,12846,,55890,4532
gh,44.895,-110.9045,1890.7,2001,gr,5,4,263,124.26,18.35,81.65,,,,263,12846,,55890,4532
gh,44.895,-110.9045,1890.7,2001,gr,5,5,263,105.45,25.95,74.05,,,,263,12846,,55890,4532
gh,44.895,-110.9045,1890.7,2001,gr,5,6,263,126.54,29.73,70.27,,,,263,12846,,55890,4532
gh,44.895,-110.9045,1890.7,2001,gr,5,7,263,173.28,27.96,72.04,,,,263,12846,,55890,4532
gh,44.895,-110.9045,1890.7,2001,gr,5,8,263,201.21,14.45,85.55,,,,263,12846,,55890,4532
gh,44.895,-110.9045,1890.7,2001,gr,5,9,263,121.41,8.92,91.08,,,,263,12846,,55890,4532
gh,44.895,-110.9045,1890.7,2001,gr,5,10,263,108.87,10.47,89.53,,,,263,12846,,55890,4532
gh,44.895,-110.9045,1890.7,2001,gr,5,11,263,116.28,16.18,83.82,,,,263,12846,,55890,4532
gh,44.895,-110.9045,1890.7,2001,gr,5,12,263,108.3,11.05,88.95,,,,263,12846,,55890,4532
gh,44.895,-110.9045,1890.7,2001,gr,6,1,289,,,,,,,,,,55890,4532
hv,44.632,-110.4513,2372,1999,gr,1,1,201,90.596,97.41,2.59,68.10344828,31.89655172,0,201,23760,,54800,4580
hv,44.632,-110.4513,2372,1999,gr,1,2,201,79.662,98.04,1.96,83.33333333,16.66666667,0,201,23760,,54800,4580
hv,44.632,-110.4513,2372,1999,gr,1,3,201,85.129,96.33,3.67,89.90825688,10.09174312,0,201,23760,,54800,4580
hv,44.632,-110.4513,2372,1999,gr,1,4,201,188.221,97.1,2.9,77.593361,22.406639,0,201,23760,,54800,4580
hv,44.632,-110.4513,2372,1999,gr,1,5,201,164.01,96.67,3.33,85.23809524,14.76190476,0,201,23760,,54800,4580
hv,44.632,-110.4513,2372,1999,gr,1,6,201,162.448,95.19,4.81,90.86538462,9.134615385,0,201,23760,,54800,4580
hv,44.632,-110.4513,2372,1999,gr,1,7,201,160.105,100,0,92.19512195,7.804878049,0,201,23760,,54800,4580
hv,44.632,-110.4513,2372,1999,gr,1,8,201,139.799,97.77,2.23,79.88826816,20.11173184,0,201,23760,,54800,4580
hv,44.632,-110.4513,2372,1999,gr,1,9,201,100.749,98.45,1.55,79.06976744,20.93023256,0,201,23760,,54800,4580
hv,44.632,-110.4513,2372,1999,gr,1,10,201,170.258,99.54,0.46,86.69724771,13.30275229,0,201,23760,,54800,4580
hv,44.632,-110.4513,2372,1999,gr,1,11,201,152.295,100,0,81.02564103,18.97435897,0,201,23760,,54800,4580
hv,44.632,-110.4513,2372,1999,gr,1,12,201,196.031,92.43,7.57,88.04780876,11.95219124,0,201,23760,,54800,4580
hv,44.632,-110.4513,2372,1999,gr,1,13,201,232.738,97.99,2.01,92.28187919,7.718120805,0,201,23760,,54800,4580
hv,44.632,-110.4513,2372,1999,gr,1,14,201,84.348,96.3,3.7,85.18518519,14.81481481,0,201,23760,,54800,4580
hv,44.632,-110.4513,2372,1999,gr,1,15,201,117.15,98,2,85.33333333,14.66666667,0,201,23760,,54800,4580
hv,44.632,-110.4513,2372,1999,gr,2,1,230,146.047,87.17,12.83,75.93582888,24.06417112,0,230,20150,,54800,4580
hv,44.632,-110.4513,2372,1999,gr,2,2,230,110.902,89.44,10.56,86.61971831,13.38028169,0,230,20150,,54800,4580
hv,44.632,-110.4513,2372,1999,gr,2,3,230,213.994,87.23,12.77,94.52554745,5.474452555,0,230,20150,,54800,4580
hv,44.632,-110.4513,2372,1999,gr,2,4,230,207.746,87.59,12.41,96.9924812,3.007518797,0,230,20150,,54800,4580
hv,44.632,-110.4513,2372,1999,gr,2,5,230,90.596,94.83,5.17,84.48275862,15.51724138,0,230,20150,,54800,4580
hv,44.632,-110.4513,2372,1999,gr,2,6,230,152.295,91.79,8.21,86.66666667,13.33333333,0,230,20150,,54800,4580
hv,44.632,-110.4513,2372,1999,gr,2,7,230,134.332,79.65,20.35,89.53488372,10.46511628,0,230,20150,,54800,4580
hv,44.632,-110.4513,2372,1999,gr,2,8,230,131.208,80.95,19.05,89.28571429,10.71428571,0,230,20150,,54800,4580
hv,44.632,-110.4513,2372,1999,gr,2,9,230,130.427,86.23,13.77,90.41916168,9.580838323,0,230,20150,,54800,4580
hv,44.632,-110.4513,2372,1999,gr,2,10,230,109.34,95,5,90.71428571,9.285714286,0,230,20150,,54800,4580
hv,44.632,-110.4513,2372,1999,gr,2,11,230,131.989,85.8,14.2,74.55621302,25.44378698,0,230,20150,,54800,4580
hv,44.632,-110.4513,2372,1999,gr,2,12,230,267.102,85.67,14.33,96.78362573,3.216374269,0,230,20150,,54800,4580
hv,44.632,-110.4513,2372,1999,gr,3,1,258,89.815,73.04,26.96,82.60869565,17.39130435,0,258,15150,,54800,4580
hv,44.632,-110.4513,2372,1999,gr,3,2,258,64.823,87.95,12.05,73.4939759,26.5060241,0,258,15150,,54800,4580
hv,44.632,-110.4513,2372,1999,gr,3,3,258,88.253,82.3,17.7,89.38053097,10.61946903,0,258,15150,,54800,4580
hv,44.632,-110.4513,2372,1999,gr,3,4,258,153.076,77.55,22.45,92.34693878,7.653061224,0,258,15150,,54800,4580
hv,44.632,-110.4513,2372,1999,gr,3,5,258,176.506,51.33,48.67,97.78761062,2.212389381,0,258,15150,,54800,4580
hv,44.632,-110.4513,2372,1999,gr,3,6,258,155.419,60.8,39.2,98.99497487,1.005025126,0,258,15150,,54800,4580
hv,44.632,-110.4513,2372,1999,gr,3,7,258,160.886,75.24,24.76,95.63106796,4.368932039,0,258,15150,,54800,4580
hv,44.632,-110.4513,2372,1999,gr,3,8,258,151.514,67.01,32.99,93.81443299,6.18556701,0,258,15150,,54800,4580
hv,44.632,-110.4513,2372,1999,gr,3,9,258,125.741,50.93,49.07,93.78881988,6.211180124,0,258,15150,,54800,4580
hv,44.632,-110.4513,2372,1999,gr,3,10,258,157.762,59.41,40.59,93.56435644,6.435643564,0,258,15150,,54800,4580
hv,44.632,-110.4513,2372,1999,gr,3,11,258,157.762,53.96,46.04,96.03960396,3.96039604,0,258,15150,,54800,4580
hv,44.632,-110.4513,2372,1999,gr,3,12,258,138.237,62.71,37.29,89.83050847,10.16949153,0,258,15150,,54800,4580
hv,44.632,-110.4513,2372,1999,gr,4,6,279,,,,,,,,,,54800,4580
hv,44.632,-110.4513,2372,2000,gr,1,1,173,124.96,100,0,78.75,21.25,0,173,26034,,54800,4580
hv,44.632,-110.4513,2372,2000,gr,1,2,173,207.746,100,0,81.57894737,18.42105263,0,173,26034,,54800,4580
hv,44.632,-110.4513,2372,2000,gr,1,3,173,189.002,97.11,2.89,80.5785124,19.4214876,0,173,26034,,54800,4580
hv,44.632,-110.4513,2372,2000,gr,1,4,173,237.424,98.36,1.64,67.10526316,32.89473684,0,173,26034,,54800,4580
hv,44.632,-110.4513,2372,2000,gr,1,5,173,189.002,96.28,3.72,73.14049587,26.85950413,0,173,26034,,54800,4580
hv,44.632,-110.4513,2372,2000,gr,1,6,173,217.899,99.28,0.72,88.17204301,11.82795699,0,173,26034,,54800,4580
hv,44.632,-110.4513,2372,2000,gr,1,7,173,206.184,96.97,3.03,75.37878788,24.62121212,0,173,26034,,54800,4580
hv,44.632,-110.4513,2372,2000,gr,1,8,173,248.358,96.23,3.77,88.67924528,11.32075472,0,173,26034,,54800,4580
hv,44.632,-110.4513,2372,2000,gr,1,9,173,146.047,98.93,1.07,86.63101604,13.36898396,0,173,26034,,54800,4580
hv,44.632,-110.4513,2372,2000,gr,1,10,173,131.989,100,0,76.33136095,23.66863905,0,173,26034,,54800,4580
hv,44.632,-110.4513,2372,2000,gr,1,11,173,184.316,98.31,1.69,84.74576271,15.25423729,0,173,26034,,54800,4580
hv,44.632,-110.4513,2372,2000,gr,1,12,173,194.469,99.6,0.4,84.73895582,15.26104418,0,173,26034,,54800,4580
hv,44.632,-110.4513,2372,2000,gr,2,1,200,232.738,90.6,9.4,81.20805369,18.79194631,0,200,18874,,54800,4580
hv,44.632,-110.4513,2372,2000,gr,2,2,200,213.994,92.34,7.66,84.67153285,15.32846715,0,200,18874,,54800,4580
hv,44.632,-110.4513,2372,2000,gr,2,3,200,219.461,93.59,6.41,93.59430605,6.40569395,0,200,18874,,54800,4580
hv,44.632,-110.4513,2372,2000,gr,2,4,200,192.126,96.75,3.25,88.21138211,11.78861789,0,200,18874,,54800,4580
hv,44.632,-110.4513,2372,2000,gr,2,5,200,179.63,95.65,4.35,90,10,0,200,18874,,54800,4580
hv,44.632,-110.4513,2372,2000,gr,2,6,200,196.812,100,0,91.66666667,8.333333333,0,200,18874,,54800,4580
hv,44.632,-110.4513,2372,2000,gr,2,7,200,288.97,94.59,5.41,87.02702703,12.97297297,0,200,18874,,54800,4580
hv,44.632,-110.4513,2372,2000,gr,2,8,200,236.643,97.69,2.31,85.14851485,14.85148515,0,200,18874,,54800,4580
hv,44.632,-110.4513,2372,2000,gr,2,9,200,167.915,96.28,3.72,89.30232558,10.69767442,0,200,18874,,54800,4580
hv,44.632,-110.4513,2372,2000,gr,2,10,200,179.63,100,0,87.39130435,12.60869565,0,200,18874,,54800,4580
hv,44.632,-110.4513,2372,2000,gr,2,11,200,190.564,98.36,1.64,88.93442623,11.06557377,0,200,18874,,54800,4580
hv,44.632,-110.4513,2372,2000,gr,2,12,200,160.886,98.54,1.46,77.66990291,22.33009709,0,200,18874,,54800,4580
hv,44.632,-110.4513,2372,2000,gr,2,13,200,259.292,99.7,0.3,81.3253012,18.6746988,0,200,18874,,54800,4580
hv,44.632,-110.4513,2372,2000,gr,3,1,233,127.303,69.94,30.06,89.57055215,10.42944785,0,233,16460,,54800,4580
hv,44.632,-110.4513,2372,2000,gr,3,2,233,86.691,77.48,22.52,91.89189189,8.108108108,0,233,16460,,54800,4580
hv,44.632,-110.4513,2372,2000,gr,3,3,233,153.076,86.22,13.78,89.28571429,10.71428571,0,233,16460,,54800,4580
hv,44.632,-110.4513,2372,2000,gr,3,4,233,164.01,89.05,10.95,95.71428571,4.285714286,0,233,16460,,54800,4580
hv,44.632,-110.4513,2372,2000,gr,3,5,233,137.456,57.95,42.05,91.47727273,8.522727273,0,233,16460,,54800,4580
hv,44.632,-110.4513,2372,2000,gr,3,6,233,217.118,55.4,44.6,95.32374101,4.676258993,0,233,16460,,54800,4580
hv,44.632,-110.4513,2372,2000,gr,3,7,233,171.82,77.73,22.27,91.81818182,8.181818182,0,233,16460,,54800,4580
hv,44.632,-110.4513,2372,2000,gr,3,8,233,193.688,81.05,18.95,93.5483871,6.451612903,0,233,16460,,54800,4580
hv,44.632,-110.4513,2372,2000,gr,3,9,233,106.216,40.44,59.56,80.88235294,19.11764706,0,233,16460,,54800,4580
hv,44.632,-110.4513,2372,2000,gr,3,10,233,176.506,47.79,52.21,94.69026549,5.309734513,0,233,16460,,54800,4580
hv,44.632,-110.4513,2372,2000,gr,3,11,233,212.432,54.78,45.22,94.48529412,5.514705882,0,233,16460,,54800,4580
hv,44.632,-110.4513,2372,2000,gr,3,12,233,174.944,87.95,12.05,88.39285714,11.60714286,0,233,16460,,54800,4580
hv,44.632,-110.4513,2372,2000,gr,4,1,263,152.295,9.23,90.77,95.38461538,4.615384615,0,263,8879,,54800,4580
hv,44.632,-110.4513,2372,2000,gr,4,2,263,117.15,14,86,95.33333333,4.666666667,0,263,8879,,54800,4580
hv,44.632,-110.4513,2372,2000,gr,4,3,263,210.089,27.51,72.49,98.88475836,1.115241636,0,263,8879,,54800,4580
hv,44.632,-110.4513,2372,2000,gr,4,4,263,199.936,17.19,82.81,98.828125,1.171875,0,263,8879,,54800,4580
hv,44.632,-110.4513,2372,2000,gr,4,5,263,187.44,20,80,92.08333333,7.916666667,0,263,8879,,54800,4580
hv,44.632,-110.4513,2372,2000,gr,4,6,263,226.49,28.28,71.72,94.48275862,5.517241379,0,263,8879,,54800,4580
hv,44.632,-110.4513,2372,2000,gr,4,7,263,164.791,19.43,80.57,94.78672986,5.213270142,0,263,8879,,54800,4580
hv,44.632,-110.4513,2372,2000,gr,4,8,263,231.957,17.51,82.49,96.2962963,3.703703704,0,263,8879,,54800,4580
hv,44.632,-110.4513,2372,2000,gr,4,9,263,136.675,26.29,73.71,93.14285714,6.857142857,0,263,8879,,54800,4580
hv,44.632,-110.4513,2372,2000,gr,4,10,263,151.514,19.07,80.93,94.84536082,5.154639175,0,263,8879,,54800,4580
hv,44.632,-110.4513,2372,2000,gr,4,11,263,199.155,50.59,49.41,91.37254902,8.62745098,0,263,8879,,54800,4580
hv,44.632,-110.4513,2372,2000,gr,4,12,263,139.018,15.17,84.83,97.75280899,2.247191011,0,263,8879,,54800,4580
hv,44.632,-110.4513,2372,2000,gr,5,1,284,114.026,5.48,94.52,84.24657534,15.75342466,0,284,7138,,54800,4580
hv,44.632,-110.4513,2372,2000,gr,5,2,284,109.34,10,90,89.28571429,10.71428571,0,284,7138,,54800,4580
hv,44.632,-110.4513,2372,2000,gr,5,3,284,133.551,4.68,95.32,97.66081871,2.339181287,0,284,7138,,54800,4580
hv,44.632,-110.4513,2372,2000,gr,5,4,284,117.931,9.93,90.07,95.36423841,4.635761589,0,284,7138,,54800,4580
hv,44.632,-110.4513,2372,2000,gr,5,5,284,155.419,8.04,91.96,99.49748744,0.502512563,0,284,7138,,54800,4580
hv,44.632,-110.4513,2372,2000,gr,5,6,284,178.849,6.55,93.45,96.50655022,3.493449782,0,284,7138,,54800,4580
hv,44.632,-110.4513,2372,2000,gr,5,7,284,152.295,8.21,91.79,97.94871795,2.051282051,0,284,7138,,54800,4580
hv,44.632,-110.4513,2372,2000,gr,5,8,284,147.609,4.23,95.77,97.35449735,2.645502646,0,284,7138,,54800,4580
hv,44.632,-110.4513,2372,2000,gr,5,9,284,149.952,5.21,94.79,96.875,3.125,0,284,7138,,54800,4580
hv,44.632,-110.4513,2372,2000,gr,5,10,284,167.915,6.51,93.49,97.6744186,2.325581395,0,284,7138,,54800,4580
hv,44.632,-110.4513,2372,2000,gr,5,11,284,121.055,4.52,95.48,96.77419355,3.225806452,0,284,7138,,54800,4580
hv,44.632,-110.4513,2372,2000,gr,5,12,284,154.638,4.55,95.45,95.45454545,4.545454545,0,284,7138,,54800,4580
hv,44.632,-110.4513,2372,2001,gr,1,1,177,159.324,97.55,2.45,75.98039216,24.01960784,0,177,24153,,54800,4580
hv,44.632,-110.4513,2372,2001,gr,1,2,177,242.891,97.43,2.57,76.20578778,23.79421222,0,177,24153,,54800,4580
hv,44.632,-110.4513,2372,2001,gr,1,3,177,178.849,98.25,1.75,70.74235808,29.25764192,0,177,24153,,54800,4580
hv,44.632,-110.4513,2372,2001,gr,1,4,177,203.06,97.69,2.31,75,25,0,177,24153,,54800,4580
hv,44.632,-110.4513,2372,2001,gr,1,5,177,271.788,97.41,2.59,73.56321839,26.43678161,0,177,24153,,54800,4580
hv,44.632,-110.4513,2372,2001,gr,1,6,177,284.284,98.08,1.92,82.14285714,17.85714286,0,177,24153,,54800,4580
hv,44.632,-110.4513,2372,2001,gr,1,7,177,174.944,96.43,3.57,72.76785714,27.23214286,0,177,24153,,54800,4580
hv,44.632,-110.4513,2372,2001,gr,1,8,177,193.688,97.58,2.42,73.38709677,26.61290323,0,177,24153,,54800,4580
hv,44.632,-110.4513,2372,2001,gr,1,9,177,260.073,98.8,1.2,80.78078078,19.21921922,0,177,24153,,54800,4580
hv,44.632,-110.4513,2372,2001,gr,1,10,177,213.994,97.81,2.19,81.02189781,18.97810219,0,177,24153,,54800,4580
hv,44.632,-110.4513,2372,2001,gr,1,11,177,200.717,100,0,65.75875486,34.24124514,0,177,24153,,54800,4580
hv,44.632,-110.4513,2372,2001,gr,1,12,177,167.915,100,0,66.51162791,33.48837209,0,177,24153,,54800,4580
hv,44.632,-110.4513,2372,2001,gr,2,1,204,213.994,88.32,11.68,80.65693431,19.34306569,0,204,21247,,54800,4580
hv,44.632,-110.4513,2372,2001,gr,2,2,204,190.564,97.13,2.87,75.81967213,24.18032787,0,204,21247,,54800,4580
hv,44.632,-110.4513,2372,2001,gr,2,3,204,210.089,92.57,7.43,78.81040892,21.18959108,0,204,21247,,54800,4580
hv,44.632,-110.4513,2372,2001,gr,2,4,204,231.957,94.95,5.05,88.88888889,11.11111111,0,204,21247,,54800,4580
hv,44.632,-110.4513,2372,2001,gr,2,5,204,258.511,90.63,9.37,80.06042296,19.93957704,0,204,21247,,54800,4580
hv,44.632,-110.4513,2372,2001,gr,2,6,204,200.717,90.66,9.34,79.76653696,20.23346304,0,204,21247,,54800,4580
hv,44.632,-110.4513,2372,2001,gr,2,7,204,375.661,97.09,2.91,83.36798337,16.63201663,0,204,21247,,54800,4580
hv,44.632,-110.4513,2372,2001,gr,2,8,204,258.511,96.07,3.93,70.99697885,29.00302115,0,204,21247,,54800,4580
hv,44.632,-110.4513,2372,2001,gr,2,9,204,238.986,90.52,9.48,83.66013072,16.33986928,0,204,21247,,54800,4580
hv,44.632,-110.4513,2372,2001,gr,2,10,204,252.263,87.31,12.69,87.92569659,12.07430341,0,204,21247,,54800,4580
hv,44.632,-110.4513,2372,2001,gr,2,11,204,235.862,97.68,2.32,76.49006623,23.50993377,0,204,21247,,54800,4580
hv,44.632,-110.4513,2372,2001,gr,2,12,204,331.144,90.57,9.43,89.38679245,10.61320755,0,204,21247,,54800,4580
hv,44.632,-110.4513,2372,2001,gr,3,1,233,167.134,32.24,67.76,,,,233,14179,,54800,4580
hv,44.632,-110.4513,2372,2001,gr,3,2,233,114.807,49.66,50.34,,,,233,14179,,54800,4580
hv,44.632,-110.4513,2372,2001,gr,3,3,233,106.997,50.36,49.64,,,,233,14179,,54800,4580
hv,44.632,-110.4513,2372,2001,gr,3,4,233,152.295,48.72,51.28,,,,233,14179,,54800,4580
hv,44.632,-110.4513,2372,2001,gr,3,5,233,206.965,47.92,52.08,,,,233,14179,,54800,4580
hv,44.632,-110.4513,2372,2001,gr,3,6,233,157.762,57.43,42.57,,,,233,14179,,54800,4580
hv,44.632,-110.4513,2372,2001,gr,3,7,233,231.957,54.88,45.12,,,,233,14179,,54800,4580
hv,44.632,-110.4513,2372,2001,gr,3,8,233,211.651,56.83,43.17,,,,233,14179,,54800,4580
hv,44.632,-110.4513,2372,2001,gr,3,9,233,153.857,36.55,63.45,,,,233,14179,,54800,4580
hv,44.632,-110.4513,2372,2001,gr,3,10,233,164.791,25.12,74.88,,,,233,14179,,54800,4580
hv,44.632,-110.4513,2372,2001,gr,3,11,233,253.825,40.62,59.38,,,,233,14179,,54800,4580
hv,44.632,-110.4513,2372,2001,gr,3,12,233,165.572,54.25,45.75,,,,233,14179,,54800,4580
hv,44.632,-110.4513,2372,2001,gr,4,1,256,235.862,25.5,74.5,,,,256,18822,,54800,4580
hv,44.632,-110.4513,2372,2001,gr,4,2,256,200.717,24.51,75.49,,,,256,18822,,54800,4580
hv,44.632,-110.4513,2372,2001,gr,4,3,256,164.01,14.29,85.71,,,,256,18822,,54800,4580
hv,44.632,-110.4513,2372,2001,gr,4,4,256,110.902,25.35,74.65,,,,256,18822,,54800,4580
hv,44.632,-110.4513,2372,2001,gr,4,5,256,211.651,32.84,67.16,,,,256,18822,,54800,4580
hv,44.632,-110.4513,2372,2001,gr,4,6,256,171.82,32.27,67.73,,,,256,18822,,54800,4580
hv,44.632,-110.4513,2372,2001,gr,4,7,256,217.899,20.43,79.57,,,,256,18822,,54800,4580
hv,44.632,-110.4513,2372,2001,gr,4,8,256,237.424,24.01,75.99,,,,256,18822,,54800,4580
hv,44.632,-110.4513,2372,2001,gr,4,9,256,199.936,19.92,80.08,,,,256,18822,,54800,4580
hv,44.632,-110.4513,2372,2001,gr,4,10,256,190.564,15.57,84.43,,,,256,18822,,54800,4580
hv,44.632,-110.4513,2372,2001,gr,4,11,256,121.055,34.84,65.16,,,,256,18822,,54800,4580
hv,44.632,-110.4513,2372,2001,gr,4,12,256,177.287,19.38,80.62,,,,256,18822,,54800,4580
hv,44.632,-110.4513,2372,2001,gr,5,1,282,,,,,,,,,,54800,4580
l1,44.908,-110.2573,1912.6,1988,gr,1,1,143,49.57379,100,0,89.69072165,10.30927835,0,143,34290,2885,33020,2000
l1,44.908,-110.2573,1912.6,1988,gr,1,2,143,87.90404,100,0,70.34883721,29.65116279,0,143,34290,2885,33020,2000
l1,44.908,-110.2573,1912.6,1988,gr,1,3,143,112.4354,100,0,75.45454545,24.54545455,0,143,34290,2885,33020,2000
l1,44.908,-110.2573,1912.6,1988,gr,1,4,143,121.63466,100,0,82.35294118,17.64705882,0,143,34290,2885,33020,2000
l1,44.908,-110.2573,1912.6,1988,gr,1,5,143,83.81548,100,0,75,25,0,143,34290,2885,33020,2000
l1,44.908,-110.2573,1912.6,1988,gr,1,6,143,72.06087,100,0,69.5035461,30.4964539,0,143,34290,2885,33020,2000
l1,44.908,-110.2573,1912.6,1988,gr,1,7,143,130.32285,100,0,92.94117647,7.058823529,0,143,34290,2885,33020,2000
l1,44.908,-110.2573,1912.6,1988,gr,1,8,143,172.74166,100,0,81.95266272,18.04733728,0,143,34290,2885,33020,2000
l1,44.908,-110.2573,1912.6,1988,gr,2,1,173,405.78958,100,0,67.25440806,32.74559194,0,173,21056,2325,33020,2000
l1,44.908,-110.2573,1912.6,1988,gr,2,2,173,292.33204,100,0,67.48251748,32.51748252,0,173,21056,2325,33020,2000
l1,44.908,-110.2573,1912.6,1988,gr,2,3,173,451.78588,100,0,85.52036199,14.47963801,0,173,21056,2325,33020,2000
l1,44.908,-110.2573,1912.6,1988,gr,2,4,173,263.71212,100,0,83.72093023,16.27906977,0,173,21056,2325,33020,2000
l1,44.908,-110.2573,1912.6,1988,gr,2,5,173,470.1844,100,0,68.04347826,31.95652174,0,173,21056,2325,33020,2000
l1,44.908,-110.2573,1912.6,1988,gr,2,6,173,362.8597,100,0,70.42253521,29.57746479,0,173,21056,2325,33020,2000
l1,44.908,-110.2573,1912.6,1988,gr,2,7,173,450.76374,100,0,84.12698413,15.87301587,0,173,21056,2325,33020,2000
l1,44.908,-110.2573,1912.6,1988,gr,2,8,173,235.0922,100,0,72.17391304,27.82608696,0,173,21056,2325,33020,2000
l1,44.908,-110.2573,1912.6,1988,gr,3,1,201,199.3173,91.79,8.21,82.05128205,17.94871795,0,201,14631,1441,33020,2000
l1,44.908,-110.2573,1912.6,1988,gr,3,2,201,596.92976,91.27,8.73,79.96575342,20.03424658,0,201,14631,1441,33020,2000
l1,44.908,-110.2573,1912.6,1988,gr,3,3,201,241.22504,100,0,86.01694915,13.98305085,0,201,14631,1441,33020,2000
l1,44.908,-110.2573,1912.6,1988,gr,3,4,201,383.3025,87.73,12.27,85.6,14.4,0,201,14631,1441,33020,2000
l1,44.908,-110.2573,1912.6,1988,gr,3,5,201,166.60882,84.05,15.95,92.02453988,7.975460123,0,201,14631,1441,33020,2000
l1,44.908,-110.2573,1912.6,1988,gr,3,6,201,410.90028,80.85,19.15,75.12437811,24.87562189,0,201,14631,1441,33020,2000
l1,44.908,-110.2573,1912.6,1988,gr,3,7,201,403.7453,100,0,85.18987342,14.81012658,0,201,14631,1441,33020,2000
l1,44.908,-110.2573,1912.6,1988,gr,3,8,201,538.66778,86.91,13.09,75.71157495,24.28842505,0,201,14631,1441,33020,2000
l1,44.908,-110.2573,1912.6,1988,gr,4,1,229,227.42615,23.82,76.18,94.60674157,5.393258427,0,229,10019,1123,33020,2000
l1,44.908,-110.2573,1912.6,1988,gr,4,2,229,266.26747,20.35,79.65,93.66602687,6.333973129,0,229,10019,1123,33020,2000
l1,44.908,-110.2573,1912.6,1988,gr,4,3,229,217.20475,20.47,79.53,98.58823529,1.411764706,0,229,10019,1123,33020,2000
l1,44.908,-110.2573,1912.6,1988,gr,4,4,229,352.12723,26.71,73.29,95.64586357,4.35413643,0,229,10019,1123,33020,2000
l1,44.908,-110.2573,1912.6,1988,gr,4,5,229,175.29701,25.36,74.64,94.75218659,5.247813411,0,229,10019,1123,33020,2000
l1,44.908,-110.2573,1912.6,1988,gr,4,6,229,521.80247,26.64,73.36,94.02546523,5.97453477,0,229,10019,1123,33020,2000
l1,44.908,-110.2573,1912.6,1988,gr,4,7,229,235.0922,27.61,72.39,98.69565217,1.304347826,0,229,10019,1123,33020,2000
l1,44.908,-110.2573,1912.6,1988,gr,4,8,229,342.4169,19.7,80.3,87.01492537,12.98507463,0,229,10019,1123,33020,2000
l1,44.908,-110.2573,1912.6,1988,gr,5,1,258,266.77854,2.87,97.13,99.42528736,0.574712644,0,258,9230,832,33020,2000
l1,44.908,-110.2573,1912.6,1988,gr,5,2,258,252.46858,9.72,90.28,90.89068826,9.109311741,0,258,9230,832,33020,2000
l1,44.908,-110.2573,1912.6,1988,gr,5,3,258,350.08295,1.75,98.25,99.5620438,0.437956204,0,258,9230,832,33020,2000
l1,44.908,-110.2573,1912.6,1988,gr,5,4,258,300.50916,8.16,91.84,95.40816327,4.591836735,0,258,9230,832,33020,2000
l1,44.908,-110.2573,1912.6,1988,gr,5,5,258,240.71397,6.37,93.63,96.17834395,3.821656051,0,258,9230,832,33020,2000
l1,44.908,-110.2573,1912.6,1988,gr,5,6,258,248.89109,6.78,93.22,95.07186858,4.928131417,0,258,9230,832,33020,2000
l1,44.908,-110.2573,1912.6,1988,gr,5,7,258,362.34863,1.69,98.31,100,0,0,258,9230,832,33020,2000
l1,44.908,-110.2573,1912.6,1988,gr,5,8,258,298.46488,2.57,97.43,97.43150685,2.568493151,0,,,,33020,2000
l1,44.908,-110.2573,1912.6,1988,gr,6,1,285,162.52026,0.94,99.06,99.05660377,0.943396226,0,,,,33020,2000
l1,44.908,-110.2573,1912.6,1988,gr,6,2,285,206.98335,0,100,98.51851852,1.481481481,0,,,,33020,2000
l1,44.908,-110.2573,1912.6,1988,gr,6,3,285,406.81172,1.88,98.12,96.6080402,3.391959799,0,,,,33020,2000
l1,44.908,-110.2573,1912.6,1988,gr,6,4,285,303.57558,0.51,99.49,97.47474747,2.525252525,0,,,,33020,2000
l1,44.908,-110.2573,1912.6,1988,gr,6,5,285,329.12908,0,100,99.06832298,0.931677019,0,,,,33020,2000
l1,44.908,-110.2573,1912.6,1988,gr,6,6,285,306.642,0,100,97,3,0,,,,33020,2000
l1,44.908,-110.2573,1912.6,1988,gr,6,7,285,348.03867,3.96,96.04,96.47577093,3.524229075,0,,,,33020,2000
l1,44.908,-110.2573,1912.6,1988,gr,6,8,285,304.59772,0,100,93.95973154,6.040268456,0,,,,33020,2000
l1,44.908,-110.2573,1912.6,1989,gr,1,1,143,67.97231,100,0,89.34911243,10.65088757,0,,,,33030,2000
l1,44.908,-110.2573,1912.6,1989,gr,1,2,143,92.50367,100,0,80.08298755,19.91701245,0,,,,33030,2000
l1,44.908,-110.2573,1912.6,1989,gr,1,3,143,77.17157,100,0,86.78414097,13.21585903,0,,,,33030,2000
l1,44.908,-110.2573,1912.6,1989,gr,1,4,143,77.17157,100,0,83.42541436,16.57458564,0,,,,33030,2000
l1,44.908,-110.2573,1912.6,1989,gr,1,5,143,123.16787,100,0,81.34715026,18.65284974,0,,,,33030,2000
l1,44.908,-110.2573,1912.6,1989,gr,1,6,143,159.96491,100,0,75.64766839,24.35233161,0,,,,33030,2000
l1,44.908,-110.2573,1912.6,1989,gr,1,7,143,191.65125,100,0,84.94809689,15.05190311,0,,,,33030,2000
l1,44.908,-110.2573,1912.6,1989,gr,1,8,143,152.80993,100,0,91.03448276,8.965517241,0,,,,33030,2000
l1,44.908,-110.2573,1912.6,1989,gr,1,9,143,80.23799,100,0,72.86432161,27.13567839,0,,,,33030,2000
l1,44.908,-110.2573,1912.6,1989,gr,1,10,143,66.4391,100,0,77.5,22.5,0,,,,33030,2000
l1,44.908,-110.2573,1912.6,1989,gr,1,11,143,94.54795,100,0,71.27659574,28.72340426,0,,,,33030,2000
l1,44.908,-110.2573,1912.6,1989,gr,1,12,143,86.37083,100,0,77.54010695,22.45989305,0,,,,33030,2000
l1,44.908,-110.2573,1912.6,1989,gr,2,1,170,306.642,100,0,62.40694789,37.59305211,0,,,,33030,2000
l1,44.908,-110.2573,1912.6,1989,gr,2,2,170,258.09035,100,0,61.94690265,38.05309735,0,,,,33030,2000
l1,44.908,-110.2573,1912.6,1989,gr,2,3,170,326.57373,100,0,71.60963245,28.39036755,0,,,,33030,2000
l1,44.908,-110.2573,1912.6,1989,gr,2,4,170,300.50916,100,0,81.67832168,18.32167832,0,,,,33030,2000
l1,44.908,-110.2573,1912.6,1989,gr,2,5,170,286.71027,100,0,68.23708207,31.76291793,0,,,,33030,2000
l1,44.908,-110.2573,1912.6,1989,gr,2,6,170,243.26932,100,0,73.20754717,26.79245283,0,,,,33030,2000
l1,44.908,-110.2573,1912.6,1989,gr,2,7,170,162.00919,100,0,81.48148148,18.51851852,0,,,,33030,2000
l1,44.908,-110.2573,1912.6,1989,gr,2,8,170,242.24718,100,0,65.45768566,34.54231434,0,,,,33030,2000
l1,44.908,-110.2573,1912.6,1989,gr,3,1,198,384.32464,98.4,1.6,80.08849558,19.91150442,0,,,,33030,2000
l1,44.908,-110.2573,1912.6,1989,gr,3,2,198,224.8708,95.45,4.55,70.05988024,29.94011976,0,,,,33030,2000
l1,44.908,-110.2573,1912.6,1989,gr,3,3,198,265.7564,96.92,3.08,78.03468208,21.96531792,0,,,,33030,2000
l1,44.908,-110.2573,1912.6,1989,gr,3,4,198,247.86895,99.18,0.82,76.47058824,23.52941176,0,,,,33030,2000
l1,44.908,-110.2573,1912.6,1989,gr,3,5,198,421.12168,98.06,1.94,84.42622951,15.57377049,0,,,,33030,2000
l1,44.908,-110.2573,1912.6,1989,gr,3,6,198,228.95936,100,0,77.33333333,22.66666667,0,,,,33030,2000
l1,44.908,-110.2573,1912.6,1989,gr,3,7,198,314.81912,96.75,3.25,71,29,0,,,,33030,2000
l1,44.908,-110.2573,1912.6,1989,gr,3,8,198,333.21764,100,0,76.31578947,23.68421053,0,,,,33030,2000
l1,44.908,-110.2573,1912.6,1989,gr,4,1,226,359.79328,84.66,15.34,80.09259259,19.90740741,0,,,,33030,2000
l1,44.908,-110.2573,1912.6,1989,gr,4,2,226,304.59772,89.26,10.74,70.68965517,29.31034483,0,,,,33030,2000
l1,44.908,-110.2573,1912.6,1989,gr,4,3,226,357.749,81.14,18.86,78.32512315,21.67487685,0,,,,33030,2000
l1,44.908,-110.2573,1912.6,1989,gr,4,4,226,306.642,90,10,75.66137566,24.33862434,0,,,,33030,2000
l1,44.908,-110.2573,1912.6,1989,gr,4,5,226,359.79328,84.09,15.91,84.61538462,15.38461538,0,,,,33030,2000
l1,44.908,-110.2573,1912.6,1989,gr,4,6,226,335.26192,84.15,15.85,71.27659574,28.72340426,0,,,,33030,2000
l1,44.908,-110.2573,1912.6,1989,gr,4,7,226,429.2988,78.1,21.9,85.47008547,14.52991453,0,,,,33030,2000
l1,44.908,-110.2573,1912.6,1989,gr,4,8,226,284.15492,84.89,15.11,59.74025974,40.25974026,0,,,,33030,2000
l1,44.908,-110.2573,1912.6,1989,gr,5,1,254,179.89664,18.18,81.82,88.52459016,11.47540984,0,,,,33030,2000
l1,44.908,-110.2573,1912.6,1989,gr,5,2,254,220.78224,25,75,93.42105263,6.578947368,0,,,,33030,2000
l1,44.908,-110.2573,1912.6,1989,gr,5,3,254,177.85236,32.18,67.82,91.85185185,8.148148148,0,,,,33030,2000
l1,44.908,-110.2573,1912.6,1989,gr,5,4,254,231.00364,30.09,69.91,94.80519481,5.194805195,0,,,,33030,2000
l1,44.908,-110.2573,1912.6,1989,gr,5,5,254,257.57928,22.22,77.78,90.90909091,9.090909091,0,,,,33030,2000
l1,44.908,-110.2573,1912.6,1989,gr,5,6,254,241.22504,19.49,80.51,87.07865169,12.92134831,0,,,,33030,2000
l1,44.908,-110.2573,1912.6,1989,gr,5,7,254,206.47228,38.61,61.39,90.32258065,9.677419355,0,,,,33030,2000
l1,44.908,-110.2573,1912.6,1989,gr,5,8,254,253.49072,34.68,65.32,91.61290323,8.387096774,0,,,,33030,2000
l2,44.908,-110.2573,1912.6,1988,gr,1,1,144,96.03152,100,0,97.81021898,2.189781022,0,,,,77590,5000
l2,44.908,-110.2573,1912.6,1988,gr,1,2,144,95.33056,100,0,96.32352941,3.676470588,0,,,,77590,5000
l2,44.908,-110.2573,1912.6,1988,gr,1,3,144,54.67488,100,0,100,0,0,,,,77590,5000
l2,44.908,-110.2573,1912.6,1988,gr,1,4,144,51.87104,100,0,94.59459459,5.405405405,0,,,,77590,5000
l2,44.908,-110.2573,1912.6,1988,gr,1,5,144,115.6584,100,0,100,0,0,,,,77590,5000
l2,44.908,-110.2573,1912.6,1988,gr,1,6,144,114.25648,100,0,87.11656442,12.88343558,0,,,,77590,5000
l2,44.908,-110.2573,1912.6,1988,gr,1,7,144,132.48144,100,0,100,0,0,,,,77590,5000
l2,44.908,-110.2573,1912.6,1988,gr,1,8,144,108.6488,100,0,100,0,0,,,,77590,5000
l2,44.908,-110.2573,1912.6,1988,gr,1,9,144,75.00272,100,0,97.19626168,2.803738318,0,,,,77590,5000
l2,44.908,-110.2573,1912.6,1988,gr,1,10,144,83.41424,100,0,96.63865546,3.361344538,0,,,,77590,5000
l2,44.908,-110.2573,1912.6,1988,gr,1,11,144,141.59392,100,0,97.52475248,2.475247525,0,,,,77590,5000
l2,44.908,-110.2573,1912.6,1988,gr,1,12,144,119.1632,100,0,81.76470588,18.23529412,0,,,,77590,5000
l2,44.908,-110.2573,1912.6,1988,gr,2,1,172,196.96976,99.64,0.36,100,0,0,,,,77590,5000
l2,44.908,-110.2573,1912.6,1988,gr,2,2,172,217.2976,97.42,2.58,100,0,0,,,,77590,5000
l2,44.908,-110.2573,1912.6,1988,gr,2,3,172,80.6104,83.48,16.52,93.04347826,6.956521739,0,,,,77590,5000
l2,44.908,-110.2573,1912.6,1988,gr,2,4,172,125.47184,97.77,2.23,91.62011173,8.379888268,0,,,,77590,5000
l2,44.908,-110.2573,1912.6,1988,gr,2,5,172,232.71872,99.1,0.9,96.98795181,3.012048193,0,,,,77590,5000
l2,44.908,-110.2573,1912.6,1988,gr,2,6,172,135.28528,98.96,1.04,72.5388601,27.4611399,0,,,,77590,5000
l2,44.908,-110.2573,1912.6,1988,gr,2,7,172,166.82848,97.9,2.1,100,0,0,,,,77590,5000
l2,44.908,-110.2573,1912.6,1988,gr,2,8,172,206.7832,95.59,4.41,94.91525424,5.084745763,0,,,,77590,5000
l2,44.908,-110.2573,1912.6,1988,gr,2,9,172,76.40464,87.16,12.84,100,0,0,,,,77590,5000
l2,44.908,-110.2573,1912.6,1988,gr,2,10,172,157.01504,93.3,6.7,99.10714286,0.892857143,0,,,,77590,5000
l2,44.908,-110.2573,1912.6,1988,gr,2,11,172,243.93408,99.71,0.29,97.98850575,2.011494253,0,,,,77590,5000
l2,44.908,-110.2573,1912.6,1988,gr,2,12,172,140.89296,98.01,1.99,95.52238806,4.47761194,0,,,,77590,5000
l2,44.908,-110.2573,1912.6,1988,gr,3,1,200,220.10144,64.33,35.67,99.36305732,0.636942675,0,,,,77590,5000
l2,44.908,-110.2573,1912.6,1988,gr,3,2,200,150.7064,85.12,14.88,95.81395349,4.186046512,0,,,,77590,5000
l2,44.908,-110.2573,1912.6,1988,gr,3,3,200,107.94784,57.14,42.86,100,0,0,,,,77590,5000
l2,44.908,-110.2573,1912.6,1988,gr,3,4,200,196.2688,32.5,67.5,99.28571429,0.714285714,0,,,,77590,5000
l2,44.908,-110.2573,1912.6,1988,gr,3,5,200,165.42656,90.68,9.32,99.57627119,0.423728814,0,,,,77590,5000
l2,44.908,-110.2573,1912.6,1988,gr,3,6,200,188.55824,86.25,13.75,98.14126394,1.858736059,0,,,,77590,5000
l2,44.908,-110.2573,1912.6,1988,gr,3,7,200,291.59936,64.9,35.1,100,0,0,,,,77590,5000
l2,44.908,-110.2573,1912.6,1988,gr,3,8,200,208.88608,70.47,29.53,100,0,0,,,,77590,5000
l2,44.908,-110.2573,1912.6,1988,gr,3,9,200,60.98352,65.52,34.48,93.10344828,6.896551724,0,,,,77590,5000
l2,44.908,-110.2573,1912.6,1988,gr,3,10,200,85.51712,63.93,36.07,89.3442623,10.6557377,0,,,,77590,5000
l2,44.908,-110.2573,1912.6,1988,gr,3,11,200,232.71872,90.06,9.94,98.4939759,1.506024096,0,,,,77590,5000
l2,44.908,-110.2573,1912.6,1988,gr,3,12,200,155.61312,82.88,17.12,96.3963964,3.603603604,0,,,,77590,5000
l2,44.908,-110.2573,1912.6,1988,gr,4,1,228,260.05616,0,100,100,0,0,,,,77590,5000
l2,44.908,-110.2573,1912.6,1988,gr,4,2,228,227.11104,10.49,89.51,99.38271605,0.617283951,0,,,,77590,5000
l2,44.908,-110.2573,1912.6,1988,gr,4,3,228,53.27296,2.63,97.37,96.05263158,3.947368421,0,,,,77590,5000
l2,44.908,-110.2573,1912.6,1988,gr,4,4,228,77.1056,13.64,86.36,97.27272727,2.727272727,0,,,,77590,5000
l2,44.908,-110.2573,1912.6,1988,gr,4,5,228,152.80928,33.49,66.51,100,0,0,,,,77590,5000
l2,44.908,-110.2573,1912.6,1988,gr,4,6,228,89.02192,19.69,80.31,99.21259843,0.787401575,0,,,,77590,5000
l2,44.908,-110.2573,1912.6,1988,gr,4,7,228,126.87376,14.36,85.64,100,0,0,,,,77590,5000
l2,44.908,-110.2573,1912.6,1988,gr,4,8,228,189.96016,18.82,81.18,97.04797048,2.95202952,0,,,,77590,5000
l2,44.908,-110.2573,1912.6,1988,gr,4,9,228,95.33056,95.59,4.41,100,0,0,,,,77590,5000
l2,44.908,-110.2573,1912.6,1988,gr,4,10,228,78.50752,16.96,83.04,91.96428571,8.035714286,0,,,,77590,5000
l2,44.908,-110.2573,1912.6,1988,gr,4,11,228,170.33328,26.34,73.66,100,0,0,,,,77590,5000
l2,44.908,-110.2573,1912.6,1988,gr,4,12,228,160.51984,14.41,85.59,100,0,0,,,,77590,5000
l2,44.908,-110.2573,1912.6,1988,gr,5,1,257,165.42656,0,100,100,0,0,,,,77590,5000
l2,44.908,-110.2573,1912.6,1988,gr,5,2,257,154.91216,4.07,95.93,99.54751131,0.452488688,0,,,,77590,5000
l2,44.908,-110.2573,1912.6,1988,gr,5,3,257,100.93824,0,100,98.61111111,1.388888889,0,,,,77590,5000
l2,44.908,-110.2573,1912.6,1988,gr,5,4,257,119.1632,2.35,97.65,92.94117647,7.058823529,0,,,,77590,5000
l2,44.908,-110.2573,1912.6,1988,gr,5,5,257,238.3264,2.35,97.65,100,0,0,,,,77590,5000
l2,44.908,-110.2573,1912.6,1988,gr,5,6,257,197.67072,0.71,99.29,99.29078014,0.709219858,0,,,,77590,5000
l2,44.908,-110.2573,1912.6,1988,gr,5,7,257,264.96288,0,100,100,0,0,,,,77590,5000
l2,44.908,-110.2573,1912.6,1988,gr,5,8,257,214.49376,3.27,96.73,99.34640523,0.653594771,0,,,,77590,5000
l2,44.908,-110.2573,1912.6,1988,gr,5,9,257,67.29216,2.08,97.92,95.83333333,4.166666667,0,,,,77590,5000
l2,44.908,-110.2573,1912.6,1988,gr,5,10,257,110.75168,0,100,96.20253165,3.797468354,0,,,,77590,5000
l2,44.908,-110.2573,1912.6,1988,gr,5,11,257,276.17824,18.78,81.22,99.49238579,0.507614213,0,,,,77590,5000
l2,44.908,-110.2573,1912.6,1988,gr,5,12,257,158.41696,2.65,97.35,99.11504425,0.884955752,0,,,,77590,5000
l2,44.908,-110.2573,1912.6,1988,gr,6,1,284,144.39776,0,100,100,0,0,,,,77590,5000
l2,44.908,-110.2573,1912.6,1988,gr,6,2,284,99.53632,0,100,100,0,0,,,,77590,5000
l2,44.908,-110.2573,1912.6,1988,gr,6,3,284,78.50752,0,100,98.21428571,1.785714286,0,,,,77590,5000
l2,44.908,-110.2573,1912.6,1988,gr,6,4,284,107.94784,0,100,100,0,0,,,,77590,5000
l2,44.908,-110.2573,1912.6,1988,gr,6,5,284,128.97664,0,100,100,0,0,,,,77590,5000
l2,44.908,-110.2573,1912.6,1988,gr,6,6,284,269.16864,0.52,99.48,99.47916667,0.520833333,0,,,,77590,5000
l2,44.908,-110.2573,1912.6,1988,gr,6,7,284,287.3936,0,100,100,0,0,,,,77590,5000
l2,44.908,-110.2573,1912.6,1988,gr,6,8,284,155.61312,0,100,97.2972973,2.702702703,0,,,,77590,5000
l2,44.908,-110.2573,1912.6,1988,gr,6,9,284,232.71872,0,100,100,0,0,,,,77590,5000
l2,44.908,-110.2573,1912.6,1988,gr,6,10,284,225.70912,2.48,97.52,98.13664596,1.863354037,0,,,,77590,5000
l2,44.908,-110.2573,1912.6,1989,gr,1,1,143,82.71328,100,0,100,0,0,,,,77590,5000
l2,44.908,-110.2573,1912.6,1989,gr,1,2,143,68.69408,100,0,97.95918367,2.040816327,0,,,,77590,5000
l2,44.908,-110.2573,1912.6,1989,gr,1,3,143,194.86688,100,0,93.52517986,6.474820144,0,,,,77590,5000
l2,44.908,-110.2573,1912.6,1989,gr,1,4,143,158.41696,100,0,84.95575221,15.04424779,0,,,,77590,5000
l2,44.908,-110.2573,1912.6,1989,gr,1,5,143,36.44992,100,0,100,0,0,,,,77590,5000
l2,44.908,-110.2573,1912.6,1989,gr,1,6,143,40.65568,100,0,96.55172414,3.448275862,0,,,,77590,5000
l2,44.908,-110.2573,1912.6,1989,gr,1,7,143,72.89984,100,0,100,0,0,,,,77590,5000
l2,44.908,-110.2573,1912.6,1989,gr,1,8,143,56.0768,100,0,97.5,2.5,0,,,,77590,5000
l2,44.908,-110.2573,1912.6,1989,gr,1,9,143,105.144,100,0,100,0,0,,,,77590,5000
l2,44.908,-110.2573,1912.6,1989,gr,1,10,143,113.55552,100,0,100,0,0,,,,77590,5000
l2,44.908,-110.2573,1912.6,1989,gr,1,11,143,32.24416,100,0,100,0,0,,,,77590,5000
l2,44.908,-110.2573,1912.6,1989,gr,1,12,143,74.30176,100,0,100,0,0,,,,77590,5000
l2,44.908,-110.2573,1912.6,1989,gr,2,1,170,204.68032,94.52,5.48,92.46575342,7.534246575,0,,,,77590,5000
l2,44.908,-110.2573,1912.6,1989,gr,2,2,170,96.73248,92.75,7.25,100,0,0,,,,77590,5000
l2,44.908,-110.2573,1912.6,1989,gr,2,3,170,120.56512,100,0,90.69767442,9.302325581,0,,,,77590,5000
l2,44.908,-110.2573,1912.6,1989,gr,2,4,170,249.54176,100,0,100,0,0,,,,77590,5000
l2,44.908,-110.2573,1912.6,1989,gr,2,5,170,246.73792,92.61,7.39,99.43181818,0.568181818,0,,,,77590,5000
l2,44.908,-110.2573,1912.6,1989,gr,2,6,170,231.3168,87.27,12.73,100,0,0,,,,77590,5000
l2,44.908,-110.2573,1912.6,1989,gr,2,7,170,95.33056,94.12,5.88,100,0,0,,,,77590,5000
l2,44.908,-110.2573,1912.6,1989,gr,2,8,170,210.288,94,6,93.33333333,6.666666667,0,,,,77590,5000
l2,44.908,-110.2573,1912.6,1989,gr,3,1,197,131.78048,72.34,27.66,100,0,0,,,,77590,5000
l2,44.908,-110.2573,1912.6,1989,gr,3,2,197,232.71872,81.93,18.07,98.19277108,1.807228916,0,,,,77590,5000
l2,44.908,-110.2573,1912.6,1989,gr,3,3,197,255.14944,83.52,16.48,97.25274725,2.747252747,0,,,,77590,5000
l2,44.908,-110.2573,1912.6,1989,gr,3,4,197,161.2208,70.43,29.57,100,0,0,,,,77590,5000
l2,44.908,-110.2573,1912.6,1989,gr,3,5,197,142.99584,77.45,22.55,100,0,0,,,,77590,5000
l2,44.908,-110.2573,1912.6,1989,gr,3,6,197,270.57056,77.72,22.28,100,0,0,,,,77590,5000
l2,44.908,-110.2573,1912.6,1989,gr,3,7,197,259.3552,84.86,15.14,91.35135135,8.648648649,0,,,,77590,5000
l2,44.908,-110.2573,1912.6,1989,gr,3,8,197,241.13024,68.6,31.4,99.41860465,0.581395349,0,,,,77590,5000
l2,44.908,-110.2573,1912.6,1989,gr,4,1,226,120.56512,65.12,34.88,96.51162791,3.488372093,0,,,,77590,5000
l2,44.908,-110.2573,1912.6,1989,gr,4,2,226,151.40736,50.93,49.07,100,0,0,,,,77590,5000
l2,44.908,-110.2573,1912.6,1989,gr,4,3,226,183.65152,67.18,32.82,98.47328244,1.526717557,0,,,,77590,5000
l2,44.908,-110.2573,1912.6,1989,gr,4,4,226,190.66112,84.56,15.44,92.64705882,7.352941176,0,,,,77590,5000
l2,44.908,-110.2573,1912.6,1989,gr,4,5,226,308.4224,55.91,44.09,99.54545455,0.454545455,0,,,,77590,5000
l2,44.908,-110.2573,1912.6,1989,gr,4,6,226,120.56512,75.58,24.42,100,0,0,,,,77590,5000
l2,44.908,-110.2573,1912.6,1989,gr,4,7,226,180.84768,65.89,34.11,90.69767442,9.302325581,0,,,,77590,5000
l2,44.908,-110.2573,1912.6,1989,gr,4,8,226,187.85728,46.27,53.73,96.26865672,3.731343284,0,,,,77590,5000
l2,44.908,-110.2573,1912.6,1989,gr,5,1,254,201.87648,22.92,77.08,100,0,0,,,,77590,5000
l2,44.908,-110.2573,1912.6,1989,gr,5,2,254,287.3936,6.34,93.66,100,0,0,,,,77590,5000
l2,44.908,-110.2573,1912.6,1989,gr,5,3,254,133.1824,26.32,73.68,100,0,0,,,,77590,5000
l2,44.908,-110.2573,1912.6,1989,gr,5,4,254,164.02464,35.9,64.1,99.14529915,0.854700855,0,,,,77590,5000
l2,44.908,-110.2573,1912.6,1989,gr,5,5,254,130.37856,17.2,82.8,100,0,0,,,,77590,5000
l2,44.908,-110.2573,1912.6,1989,gr,5,6,254,124.77088,11.24,88.76,100,0,0,,,,77590,5000
l2,44.908,-110.2573,1912.6,1989,gr,5,7,254,133.1824,7.37,92.63,97.89473684,2.105263158,0,,,,77590,5000
l2,44.908,-110.2573,1912.6,1989,gr,5,8,254,231.3168,7.88,92.12,100,0,0,,,,77590,5000
l2,44.908,-110.2573,1912.6,1989,gr,6,1,282,105.144,0,100,100,0,0,,,,77590,5000
l2,44.908,-110.2573,1912.6,1989,gr,6,2,282,131.78048,0,100,100,0,0,,,,77590,5000
l2,44.908,-110.2573,1912.6,1989,gr,6,3,282,67.29216,2.08,97.92,100,0,0,,,,77590,5000
l2,44.908,-110.2573,1912.6,1989,gr,6,4,282,164.7256,4.26,95.74,100,0,0,,,,77590,5000
l2,44.908,-110.2573,1912.6,1989,gr,6,5,282,138.79008,7.07,92.93,100,0,0,,,,77590,5000
l2,44.908,-110.2573,1912.6,1989,gr,6,6,282,144.39776,8.74,91.26,100,0,0,,,,77590,5000
l2,44.908,-110.2573,1912.6,1989,gr,6,7,282,134.58432,2.08,97.92,100,0,0,,,,77590,5000
l2,44.908,-110.2573,1912.6,1989,gr,6,8,282,173.83808,12.1,87.9,99.19354839,0.806451613,0,,,,77590,5000
l2,44.908,-110.2573,1912.6,1989,gr,6,9,282,103.74208,2.7,97.3,100,0,0,,,,77590,5000
l2,44.908,-110.2573,1912.6,1989,gr,6,10,282,187.85728,6.72,93.28,100,0,0,,,,77590,5000
l2,44.908,-110.2573,1912.6,1989,gr,6,11,282,148.60352,3.77,96.23,98.11320755,1.886792453,0,,,,77590,5000
l2,44.908,-110.2573,1912.6,1989,gr,6,12,282,124.77088,8.99,91.01,100,0,0,,,,77590,5000
l2,44.908,-110.2573,1912.6,1989,gr,6,1,282,114.95744,9.76,90.24,100,0,0,,,,77590,5000
l2,44.908,-110.2573,1912.6,1989,gr,6,2,282,114.95744,3.66,96.34,100,0,0,,,,77590,5000
l2,44.908,-110.2573,1912.6,1989,gr,6,3,282,165.42656,4.24,95.76,100,0,0,,,,77590,5000
l2,44.908,-110.2573,1912.6,1989,gr,6,4,282,210.288,14,86,100,0,0,,,,77590,5000
l2,44.908,-110.2573,1912.6,1989,gr,6,5,282,145.79968,6.73,93.27,98.07692308,1.923076923,0,,,,77590,5000
l2,44.908,-110.2573,1912.6,1989,gr,6,6,282,144.39776,0.97,99.03,100,0,0,,,,77590,5000
lburn,44.821,-110.1363,1912.6,1989,gr,1,1,164,80.71902,100,0,38.35616438,61.64383562,0,,,,72520,5000
lburn,44.821,-110.1363,1912.6,1989,gr,1,2,164,102.83382,100,0,61.29032258,38.70967742,0,,,,72520,5000
lburn,44.821,-110.1363,1912.6,1989,gr,1,3,164,68.00301,100,0,31.70731707,68.29268293,0,,,,72520,5000
lburn,44.821,-110.1363,1912.6,1989,gr,1,4,164,53.07552,100,0,43.75,56.25,0,,,,72520,5000
lburn,44.821,-110.1363,1912.6,1989,gr,1,5,164,106.70391,100,0,24.87046632,75.12953368,0,,,,72520,5000
lburn,44.821,-110.1363,1912.6,1989,gr,1,6,164,74.63745,100,0,60,40,0,,,,72520,5000
lburn,44.821,-110.1363,1912.6,1989,gr,1,7,164,64.68579,100,0,33.33333333,66.66666667,0,,,,72520,5000
lburn,44.821,-110.1363,1912.6,1989,gr,1,8,164,68.55588,100,0,49.19354839,50.80645161,0,,,,72520,5000
lburn,44.821,-110.1363,1912.6,1989,gr,2,1,192,116.1027,87.62,12.38,73.33333333,26.66666667,0,,,,72520,5000
lburn,44.821,-110.1363,1912.6,1989,gr,2,2,192,82.9305,94.67,5.33,49.33333333,50.66666667,0,,,,72520,5000
lburn,44.821,-110.1363,1912.6,1989,gr,2,3,192,78.50754,92.96,7.04,60.56338028,39.43661972,0,,,,72520,5000
lburn,44.821,-110.1363,1912.6,1989,gr,2,4,192,103.93956,92.55,7.45,53.19148936,46.80851064,0,,,,72520,5000
lburn,44.821,-110.1363,1912.6,1989,gr,2,5,192,102.83382,94.62,5.38,56.98924731,43.01075269,0,,,,72520,5000
lburn,44.821,-110.1363,1912.6,1989,gr,2,6,192,100.62234,94.51,5.49,46.15384615,53.84615385,0,,,,72520,5000
lburn,44.821,-110.1363,1912.6,1989,gr,2,7,192,64.13292,89.66,10.34,65.51724138,34.48275862,0,,,,72520,5000
lburn,44.821,-110.1363,1912.6,1989,gr,2,8,192,81.82476,94.59,5.41,67.56756757,32.43243243,0,,,,72520,5000
lburn,44.821,-110.1363,1912.6,1989,gr,2,9,192,110.574,86,14,81,19,0,,,,72520,5000
lburn,44.821,-110.1363,1912.6,1989,gr,2,10,192,118.31418,84.11,15.89,60.74766355,39.25233645,0,,,,72520,5000
lburn,44.821,-110.1363,1912.6,1989,gr,3,1,219,98.41086,89.89,10.11,53.93258427,46.06741573,0,,,,72520,5000
lburn,44.821,-110.1363,1912.6,1989,gr,3,2,219,56.39274,94.12,5.88,49.01960784,50.98039216,0,,,,72520,5000
lburn,44.821,-110.1363,1912.6,1989,gr,3,3,219,98.41086,88.76,11.24,78.65168539,21.34831461,0,,,,72520,5000
lburn,44.821,-110.1363,1912.6,1989,gr,3,4,219,87.35346,79.75,20.25,54.43037975,45.56962025,0,,,,72520,5000
lburn,44.821,-110.1363,1912.6,1989,gr,3,5,219,67.45014,91.8,8.2,77.04918033,22.95081967,0,,,,72520,5000
lburn,44.821,-110.1363,1912.6,1989,gr,3,6,219,85.14198,93.51,6.49,51.94805195,48.05194805,0,,,,72520,5000
lburn,44.821,-110.1363,1912.6,1989,gr,3,7,219,88.4592,82.5,17.5,57.5,42.5,0,,,,72520,5000
lburn,44.821,-110.1363,1912.6,1989,gr,3,8,219,118.31418,89.72,10.28,71.02803738,28.97196262,0,,,,72520,5000
lburn,44.821,-110.1363,1912.6,1989,gr,4,1,248,97.30512,70.45,29.55,71.59090909,28.40909091,0,,,,72520,5000
lburn,44.821,-110.1363,1912.6,1989,gr,4,2,248,71.8731,70.77,29.23,61.53846154,38.46153846,0,,,,72520,5000
lburn,44.821,-110.1363,1912.6,1989,gr,4,3,248,37.59516,91.18,8.82,47.05882353,52.94117647,0,,,,72520,5000
lburn,44.821,-110.1363,1912.6,1989,gr,4,4,248,39.80664,69.44,30.56,77.77777778,22.22222222,0,,,,72520,5000
lburn,44.821,-110.1363,1912.6,1989,gr,4,5,248,101.72808,81.52,18.48,48.91304348,51.08695652,0,,,,72520,5000
lburn,44.821,-110.1363,1912.6,1989,gr,4,6,248,84.03624,78.95,21.05,71.05263158,28.94736842,0,,,,72520,5000
lburn,44.821,-110.1363,1912.6,1989,gr,4,7,248,72.97884,87.88,12.12,36.36363636,63.63636364,0,,,,72520,5000
lburn,44.821,-110.1363,1912.6,1989,gr,4,8,248,58.60422,88.68,11.32,75.47169811,24.52830189,0,,,,72520,5000
lburn,44.821,-110.1363,1912.6,1989,gr,4,9,248,75.19032,63.24,36.76,80.88235294,19.11764706,0,,,,72520,5000
lburn,44.821,-110.1363,1912.6,1989,gr,4,10,248,76.29606,79.71,20.29,84.05797101,15.94202899,0,,,,72520,5000
lburn,44.821,-110.1363,1912.6,1989,gr,5,1,284,63.02718,26.32,73.68,86.84210526,13.15789474,0,,,,72520,5000
lburn,44.821,-110.1363,1912.6,1989,gr,5,2,284,71.32023,34.88,65.12,72.09302326,27.90697674,0,,,,72520,5000
lburn,44.821,-110.1363,1912.6,1989,gr,5,3,284,68.00301,26.83,73.17,75.6097561,24.3902439,0,,,,72520,5000
lburn,44.821,-110.1363,1912.6,1989,gr,5,4,284,63.02718,47.37,52.63,57.89473684,42.10526316,0,,,,72520,5000
lburn,44.821,-110.1363,1912.6,1989,gr,5,5,284,56.39274,14.71,85.29,82.35294118,17.64705882,0,,,,72520,5000
lburn,44.821,-110.1363,1912.6,1989,gr,5,6,284,63.02718,28.95,71.05,76.92307692,20.51282051,2.564102564,,,,72520,5000
lburn,44.821,-110.1363,1912.6,1989,gr,5,7,284,49.7583,13.33,86.67,86.66666667,13.33333333,0,,,,72520,5000
lburn,44.821,-110.1363,1912.6,1989,gr,5,8,284,39.80664,37.5,62.5,91.66666667,8.333333333,0,,,,72520,5000
lburn,44.821,-110.1363,1912.6,1989,gr,5,9,284,71.32023,6.98,93.02,81.39534884,18.60465116,0,,,,72520,5000
lburn,44.821,-110.1363,1912.6,1989,gr,5,10,284,33.1722,45,55,55,45,0,,,,72520,5000
lcr,44.818,-110.1288,1912.6,1988,gr,1,1,165,87.29378,100,0,46.20938628,53.79061372,0,,,,75690,7000
lcr,44.818,-110.1288,1912.6,1988,gr,1,2,165,103.36592,100,0,61.2804878,38.7195122,0,,,,75690,7000
lcr,44.818,-110.1288,1912.6,1988,gr,1,3,165,66.1794,100,0,52.85714286,47.14285714,0,,,,75690,7000
lcr,44.818,-110.1288,1912.6,1988,gr,1,4,165,98.63882,100,0,42.8115016,55.91054313,1.261829653,,,,75690,7000
lcr,44.818,-110.1288,1912.6,1988,gr,1,5,165,138.6616,100,0,45.45454545,54.54545455,0,,,,75690,7000
lcr,44.818,-110.1288,1912.6,1988,gr,1,6,165,77.2093,100,0,63.26530612,36.73469388,0,,,,75690,7000
lcr,44.818,-110.1288,1912.6,1988,gr,1,7,165,76.26388,100,0,38.42975207,61.57024793,0,,,,75690,7000
lcr,44.818,-110.1288,1912.6,1988,gr,1,8,165,82.56668,100,0,62.59541985,37.40458015,0,,,,75690,7000
lcr,44.818,-110.1288,1912.6,1988,gr,1,9,165,88.86948,100,0,65.95744681,34.04255319,0,,,,75690,7000
lcr,44.818,-110.1288,1912.6,1988,gr,1,10,165,153.47318,100,0,54.20944559,45.79055441,0,,,,75690,7000
lcr,44.818,-110.1288,1912.6,1988,gr,1,11,165,142.75842,100,0,63.57615894,36.42384106,0,,,,75690,7000
lcr,44.818,-110.1288,1912.6,1988,gr,1,12,165,54.83436,100,0,55.74712644,44.25287356,0,,,,75690,7000
lcr,44.818,-110.1288,1912.6,1988,gr,2,1,193,90.76032,94.44,5.56,34.02777778,64.58333333,1.369863014,,,,75690,7000
lcr,44.818,-110.1288,1912.6,1988,gr,2,2,193,70.59136,94.64,5.36,60.71428571,39.28571429,0,,,,75690,7000
lcr,44.818,-110.1288,1912.6,1988,gr,2,3,193,76.89416,87.7,12.3,64.75409836,35.24590164,0,,,,75690,7000
lcr,44.818,-110.1288,1912.6,1988,gr,2,4,193,83.19696,76.52,23.48,43.18181818,56.81818182,0,,,,75690,7000
lcr,44.818,-110.1288,1912.6,1988,gr,2,5,193,107.1476,81.18,18.82,65.88235294,34.11764706,0,,,,75690,7000
lcr,44.818,-110.1288,1912.6,1988,gr,2,6,193,76.89416,57.38,42.62,57.37704918,42.62295082,0,,,,75690,7000
lcr,44.818,-110.1288,1912.6,1988,gr,2,7,193,70.59136,89.29,10.71,39.28571429,60.71428571,0,,,,75690,7000
lcr,44.818,-110.1288,1912.6,1988,gr,2,8,193,97.6934,92.26,7.74,59.35483871,40.64516129,0,,,,75690,7000
lcr,44.818,-110.1288,1912.6,1988,gr,2,9,193,99.58424,91.77,8.23,74.05063291,25.94936709,0,,,,75690,7000
lcr,44.818,-110.1288,1912.6,1988,gr,2,10,193,92.65116,78.91,21.09,75.51020408,21.08843537,3.289473684,,,,75690,7000
lcr,44.818,-110.1288,1912.6,1988,gr,2,11,193,71.22164,72.57,27.43,57.52212389,42.47787611,0,,,,75690,7000
lcr,44.818,-110.1288,1912.6,1988,gr,2,12,193,109.66872,94.25,5.75,67.81609195,32.18390805,0,,,,75690,7000
lcr,44.818,-110.1288,1912.6,1988,gr,3,1,236,67.7551,0,100,56.27906977,43.72093023,0,,,,75690,7000
lcr,44.818,-110.1288,1912.6,1988,gr,3,2,236,80.99098,0,100,56.42023346,43.57976654,0,,,,75690,7000
lcr,44.818,-110.1288,1912.6,1988,gr,3,3,236,63.028,7.5,92.5,71,29,0,,,,75690,7000
lcr,44.818,-110.1288,1912.6,1988,gr,3,4,236,52.31324,16.27,83.73,80.12048193,18.07228916,1.775147929,,,,75690,7000
lcr,44.818,-110.1288,1912.6,1988,gr,3,5,236,37.8168,17.5,82.5,65,35,0,,,,75690,7000
lcr,44.818,-110.1288,1912.6,1988,gr,3,6,236,52.94352,26.79,73.21,57.14285714,42.85714286,0,,,,75690,7000
lcr,44.818,-110.1288,1912.6,1988,gr,3,7,236,83.82724,24.06,75.94,69.17293233,30.82706767,0,,,,75690,7000
lcr,44.818,-110.1288,1912.6,1988,gr,3,8,236,73.42762,9.01,90.99,66.0944206,30.04291845,3.719008264,,,,75690,7000
lcr,44.818,-110.1288,1912.6,1988,gr,3,9,236,49.47698,5.73,94.27,71.33757962,28.66242038,0,,,,75690,7000
lcr,44.818,-110.1288,1912.6,1988,gr,3,10,236,55.1495,18.86,81.14,56.57142857,40,3.314917127,,,,75690,7000
lcr,44.818,-110.1288,1912.6,1989,gr,1,1,157,14.49644,100,0,65.2173913,34.7826087,0,,,,75690,7000
lcr,44.818,-110.1288,1912.6,1989,gr,1,2,157,59.8766,100,0,74.73684211,25.26315789,0,,,,75690,7000
lcr,44.818,-110.1288,1912.6,1989,gr,1,3,157,8.82392,100,0,35.71428571,64.28571429,0,,,,75690,7000
lcr,44.818,-110.1288,1912.6,1989,gr,1,4,157,34.03512,100,0,77.77777778,22.22222222,0,,,,75690,7000
lcr,44.818,-110.1288,1912.6,1989,gr,1,5,157,26.47176,100,0,59.52380952,40.47619048,0,,,,75690,7000
lcr,44.818,-110.1288,1912.6,1989,gr,1,6,157,9.4542,100,0,40,60,0,,,,75690,7000
lcr,44.818,-110.1288,1912.6,1989,gr,1,7,157,13.86616,100,0,81.81818182,18.18181818,0,,,,75690,7000
lcr,44.818,-110.1288,1912.6,1989,gr,1,8,157,10.71476,100,0,52.94117647,47.05882353,0,,,,75690,7000
lcr,44.818,-110.1288,1912.6,1989,gr,1,9,157,11.97532,100,0,21.05263158,78.94736842,0,,,,75690,7000
lcr,44.818,-110.1288,1912.6,1989,gr,1,10,157,8.82392,100,0,71.42857143,28.57142857,0,,,,75690,7000
lcr,44.818,-110.1288,1912.6,1989,gr,1,11,157,15.757,100,0,60,40,0,,,,75690,7000
lcr,44.818,-110.1288,1912.6,1989,gr,1,12,157,15.757,96,4,52,48,0,,,,75690,7000
lcr,44.818,-110.1288,1912.6,1989,gr,2,1,184,54.83436,95.4,4.6,96.55172414,3.448275862,0,,,,75690,7000
lcr,44.818,-110.1288,1912.6,1989,gr,2,2,184,52.94352,100,0,79.76190476,7.142857143,11.57894737,,,,75690,7000
lcr,44.818,-110.1288,1912.6,1989,gr,2,3,184,11.34504,94.44,5.56,50,50,0,,,,75690,7000
lcr,44.818,-110.1288,1912.6,1989,gr,2,4,184,30.25344,97.92,2.08,79.16666667,10.41666667,9.433962264,,,,75690,7000
lcr,44.818,-110.1288,1912.6,1989,gr,2,5,184,41.59848,83.33,16.67,51.51515152,48.48484848,0,,,,75690,7000
lcr,44.818,-110.1288,1912.6,1989,gr,2,6,184,21.42952,94.12,5.88,79.41176471,20.58823529,0,,,,75690,7000
lcr,44.818,-110.1288,1912.6,1989,gr,2,7,184,25.84148,82.93,17.07,75.6097561,24.3902439,0,,,,75690,7000
lcr,44.818,-110.1288,1912.6,1989,gr,2,8,184,23.95064,97.37,2.63,76.31578947,23.68421053,0,,,,75690,7000
lcr,44.818,-110.1288,1912.6,1989,gr,3,1,213,47.90128,77.63,22.37,93.42105263,6.578947368,0,,,,75690,7000
lcr,44.818,-110.1288,1912.6,1989,gr,3,2,213,52.94352,73.81,26.19,95.23809524,4.761904762,0,,,,75690,7000
lcr,44.818,-110.1288,1912.6,1989,gr,3,3,213,40.33792,76.56,23.44,96.875,3.125,0,,,,75690,7000
lcr,44.818,-110.1288,1912.6,1989,gr,3,4,213,40.9682,90.77,9.23,93.84615385,6.153846154,0,,,,75690,7000
lcr,44.818,-110.1288,1912.6,1989,gr,3,5,213,14.49644,86.96,13.04,91.30434783,8.695652174,0,,,,75690,7000
lcr,44.818,-110.1288,1912.6,1989,gr,3,6,213,17.01756,81.48,18.52,66.66666667,33.33333333,0,,,,75690,7000
lcr,44.818,-110.1288,1912.6,1989,gr,3,7,213,29.62316,74.47,25.53,65.95744681,29.78723404,4.081632653,,,,75690,7000
lcr,44.818,-110.1288,1912.6,1989,gr,3,8,213,10.08448,75,25,37.5,62.5,0,,,,75690,7000
lcr,44.818,-110.1288,1912.6,1989,gr,4,1,241,46.01044,75.34,24.66,87.67123288,12.32876712,0,,,,75690,7000
lcr,44.818,-110.1288,1912.6,1989,gr,4,2,241,42.85904,80.88,19.12,95.58823529,4.411764706,0,,,,75690,7000
lcr,44.818,-110.1288,1912.6,1989,gr,4,3,241,35.92596,75.44,24.56,96.49122807,3.50877193,0,,,,75690,7000
lcr,44.818,-110.1288,1912.6,1989,gr,4,4,241,36.55624,75.86,24.14,89.65517241,8.620689655,1.694915254,,,,75690,7000
lcr,44.818,-110.1288,1912.6,1989,gr,4,5,241,16.38728,65.38,34.62,84.61538462,15.38461538,0,,,,75690,7000
lcr,44.818,-110.1288,1912.6,1989,gr,4,6,241,13.23588,42.86,57.14,66.66666667,33.33333333,0,,,,75690,7000
lcr,44.818,-110.1288,1912.6,1989,gr,4,7,241,50.4224,32.5,67.5,43.75,53.75,2.43902439,,,,75690,7000
lcr,44.818,-110.1288,1912.6,1989,gr,4,8,241,3.78168,33.33,66.67,83.33333333,16.66666667,0,,,,75690,7000
lcr,44.818,-110.1288,1912.6,1989,gr,5,1,270,30.25344,0,100,84.375,12.5,3.03030303,,,,75690,7000
lcr,44.818,-110.1288,1912.6,1989,gr,5,2,270,10.71476,29.41,70.59,94.11764706,5.882352941,0,,,,75690,7000
lcr,44.818,-110.1288,1912.6,1989,gr,5,3,270,21.42952,20.59,79.41,88.23529412,11.76470588,0,,,,75690,7000
lcr,44.818,-110.1288,1912.6,1989,gr,5,4,270,25.52634,3.7,96.3,44.44444444,55.55555556,0,,,,75690,7000
lcr,44.818,-110.1288,1912.6,1989,gr,5,5,270,15.12672,37.5,62.5,87.5,12.5,0,,,,75690,7000
lcr,44.818,-110.1288,1912.6,1989,gr,5,6,270,10.71476,11.76,88.24,100,0,0,,,,75690,7000
lcr,44.818,-110.1288,1912.6,1989,gr,5,7,270,17.96298,5.26,94.74,89.47368421,10.52631579,0,,,,75690,7000
lcr,44.818,-110.1288,1912.6,1989,gr,5,8,270,12.29046,7.69,92.31,100,0,0,,,,75690,7000
lsg,44.821,-110.1363,1912.6,1988,gr,1,1,167,152.59212,100,0,69.92753623,30.07246377,0,,,,85410,7000
lsg,44.821,-110.1363,1912.6,1988,gr,1,2,167,105.59817,100,0,82.19895288,17.80104712,0,,,,85410,7000
lsg,44.821,-110.1363,1912.6,1988,gr,1,3,167,129.37158,100,0,46.15384615,53.84615385,0,,,,85410,7000
lsg,44.821,-110.1363,1912.6,1988,gr,1,4,167,89.56494,100,0,81.48148148,18.51851852,0,,,,85410,7000
lsg,44.821,-110.1363,1912.6,1988,gr,1,5,167,163.64952,100,0,64.18918919,35.81081081,0,,,,85410,7000
lsg,44.821,-110.1363,1912.6,1988,gr,1,6,167,128.26584,100,0,73.27586207,26.72413793,0,,,,85410,7000
lsg,44.821,-110.1363,1912.6,1988,gr,1,7,167,154.25073,100,0,71.32616487,28.67383513,0,,,,85410,7000
lsg,44.821,-110.1363,1912.6,1988,gr,1,8,167,71.8731,100,0,67.69230769,32.30769231,0,,,,85410,7000
lsg,44.821,-110.1363,1912.6,1988,gr,1,9,167,134.90028,100,0,75.81967213,24.18032787,0,,,,85410,7000
lsg,44.821,-110.1363,1912.6,1988,gr,1,10,167,75.74319,100,0,74.45255474,25.54744526,0,,,,85410,7000
lsg,44.821,-110.1363,1912.6,1988,gr,1,11,167,191.29302,100,0,78.9017341,21.0982659,0,,,,85410,7000
lsg,44.821,-110.1363,1912.6,1988,gr,1,12,167,122.73714,100,0,79.27927928,20.72072072,0,,,,85410,7000
lsg,44.821,-110.1363,1912.6,1988,gr,2,1,193,116.1027,99.05,0.95,79.52380952,20.47619048,0,,,,85410,7000
lsg,44.821,-110.1363,1912.6,1988,gr,2,2,193,66.3444,98.33,1.67,80.83333333,19.16666667,0,,,,85410,7000
lsg,44.821,-110.1363,1912.6,1988,gr,2,3,193,66.89727,90.91,9.09,99.17355372,0.826446281,0,,,,85410,7000
lsg,44.821,-110.1363,1912.6,1988,gr,2,4,193,81.82476,97.3,2.7,68.91891892,31.08108108,0,,,,85410,7000
lsg,44.821,-110.1363,1912.6,1988,gr,2,5,193,144.29907,100,0,79.69348659,20.30651341,0,,,,85410,7000
lsg,44.821,-110.1363,1912.6,1988,gr,2,6,193,78.50754,100,0,84.50704225,15.49295775,0,,,,85410,7000
lsg,44.821,-110.1363,1912.6,1988,gr,2,7,193,92.32929,98.8,1.2,68.86227545,31.13772455,0,,,,85410,7000
lsg,44.821,-110.1363,1912.6,1988,gr,2,8,193,77.95467,95.04,4.96,63.82978723,36.17021277,0,,,,85410,7000
lsg,44.821,-110.1363,1912.6,1988,gr,2,9,193,44.78247,79.01,20.99,58.02469136,41.97530864,0,,,,85410,7000
lsg,44.821,-110.1363,1912.6,1988,gr,2,10,193,89.01207,95.03,4.97,96.27329193,3.726708075,0,,,,85410,7000
lsg,44.821,-110.1363,1912.6,1988,gr,2,11,193,101.17521,100,0,69.94535519,30.05464481,0,,,,85410,7000
lsg,44.821,-110.1363,1912.6,1988,gr,2,12,193,75.74319,100,0,72.26277372,27.73722628,0,,,,85410,7000
lsg,44.821,-110.1363,1912.6,1988,gr,3,1,237,70.76736,37.5,62.5,71.875,28.125,0,,,,85410,7000
lsg,44.821,-110.1363,1912.6,1988,gr,3,2,237,70.76736,12.5,87.5,89.0625,10.9375,0,,,,85410,7000
lsg,44.821,-110.1363,1912.6,1988,gr,3,3,237,79.61328,19.44,80.56,98.61111111,1.388888889,0,,,,85410,7000
lsg,44.821,-110.1363,1912.6,1988,gr,3,4,237,53.07552,45.83,54.17,81.25,18.75,0,,,,85410,7000
lsg,44.821,-110.1363,1912.6,1988,gr,3,5,237,100.62234,20.88,79.12,90.10989011,9.89010989,0,,,,85410,7000
lsg,44.821,-110.1363,1912.6,1988,gr,3,6,237,82.9305,33.33,66.67,86.66666667,13.33333333,0,,,,85410,7000
lsg,44.821,-110.1363,1912.6,1988,gr,4,1,263,54.18126,14.29,85.71,91.83673469,8.163265306,0,,,,85410,7000
lsg,44.821,-110.1363,1912.6,1988,gr,4,2,263,96.19938,6.9,93.1,85.05747126,14.94252874,0,,,,85410,7000
lsg,44.821,-110.1363,1912.6,1988,gr,4,3,263,45.33534,21.95,78.05,85.36585366,14.63414634,0,,,,85410,7000
lvbench,44.902,-110.1366,1912.6,1999,gr,1,1,160,68.8148,100,0,68.53932584,31.46067416,0,160,28960,,75680,7510
lvbench,44.902,-110.1366,1912.6,1999,gr,1,2,160,57.2168,98.65,1.35,58.10810811,41.89189189,0,160,28960,,75680,7510
lvbench,44.902,-110.1366,1912.6,1999,gr,1,3,160,40.2064,100,0,40.38461538,59.61538462,0,160,28960,,75680,7510
lvbench,44.902,-110.1366,1912.6,1999,gr,1,4,160,51.8044,98.51,1.49,62.68656716,37.31343284,0,160,28960,,75680,7510
lvbench,44.902,-110.1366,1912.6,1999,gr,1,5,160,88.918,97.39,2.61,78.26086957,21.73913043,0,160,28960,,75680,7510
lvbench,44.902,-110.1366,1912.6,1999,gr,1,6,160,65.722,100,0,69.41176471,30.58823529,0,160,28960,,75680,7510
lvbench,44.902,-110.1366,1912.6,1999,gr,1,7,160,125.2584,96.91,3.09,67.28395062,32.71604938,0,160,28960,,75680,7510
lvbench,44.902,-110.1366,1912.6,1999,gr,1,8,160,137.6296,97.19,2.81,83.14606742,16.85393258,0,160,28960,,75680,7510
lvbench,44.902,-110.1366,1912.6,1999,gr,1,9,160,105.1552,95.59,4.41,82.35294118,17.64705882,0,160,28960,,75680,7510
lvbench,44.902,-110.1366,1912.6,1999,gr,1,10,160,134.5368,98.85,1.15,77.5862069,22.4137931,0,160,28960,,75680,7510
lvbench,44.902,-110.1366,1912.6,1999,gr,1,11,160,79.6396,97.09,2.91,54.36893204,45.63106796,0,160,28960,,75680,7510
lvbench,44.902,-110.1366,1912.6,1999,gr,1,12,160,75.0004,97.94,2.06,68.04123711,31.95876289,0,160,28960,,75680,7510
lvbench,44.902,-110.1366,1912.6,1999,gr,2,1,194,237.3724,84.69,15.31,75.24429967,24.75570033,0,194,17730,,75680,7510
lvbench,44.902,-110.1366,1912.6,1999,gr,2,2,194,247.424,91.88,8.13,79.0625,20.9375,0,194,17730,,75680,7510
lvbench,44.902,-110.1366,1912.6,1999,gr,2,3,194,165.4648,91.59,8.41,63.55140187,36.44859813,0,194,17730,,75680,7510
lvbench,44.902,-110.1366,1912.6,1999,gr,2,4,194,95.1036,82.11,17.89,61.78861789,38.21138211,0,194,17730,,75680,7510
lvbench,44.902,-110.1366,1912.6,1999,gr,2,5,194,143.042,92.97,7.03,70.81081081,29.18918919,0,194,17730,,75680,7510
lvbench,44.902,-110.1366,1912.6,1999,gr,2,6,194,104.382,94.81,5.19,63.7037037,36.2962963,0,194,17730,,75680,7510
lvbench,44.902,-110.1366,1912.6,1999,gr,2,7,194,152.3204,98.48,1.52,55.83756345,44.16243655,0,194,17730,,75680,7510
lvbench,44.902,-110.1366,1912.6,1999,gr,2,8,194,109.0212,98.58,1.42,56.73758865,43.26241135,0,194,17730,,75680,7510
lvbench,44.902,-110.1366,1912.6,1999,gr,2,9,194,129.8976,99.4,0.6,66.66666667,33.33333333,0,194,17730,,75680,7510
lvbench,44.902,-110.1366,1912.6,1999,gr,2,10,194,203.3516,96.58,3.42,68.0608365,31.9391635,0,194,17730,,75680,7510
lvbench,44.902,-110.1366,1912.6,1999,gr,2,11,194,199.4856,88.76,11.24,84.10852713,15.89147287,0,194,17730,,75680,7510
lvbench,44.902,-110.1366,1912.6,1999,gr,2,12,194,203.3516,91.25,8.75,74.52471483,25.47528517,0,194,17730,,75680,7510
lvbench,44.902,-110.1366,1912.6,1999,gr,3,1,229,214.9496,88.49,11.51,86.33093525,13.66906475,0,229,15150,,75680,7510
lvbench,44.902,-110.1366,1912.6,1999,gr,3,2,229,115.98,87.33,12.67,73.33333333,26.66666667,0,229,15150,,75680,7510
lvbench,44.902,-110.1366,1912.6,1999,gr,3,3,229,84.2788,75.23,24.77,88.99082569,11.00917431,0,229,15150,,75680,7510
lvbench,44.902,-110.1366,1912.6,1999,gr,3,4,229,90.4644,88.03,11.97,84.61538462,15.38461538,0,229,15150,,75680,7510
lvbench,44.902,-110.1366,1912.6,1999,gr,3,5,229,160.0524,68.6,31.4,84.5410628,15.4589372,0,229,15150,,75680,7510
lvbench,44.902,-110.1366,1912.6,1999,gr,3,6,229,181.702,77.87,22.13,83.82978723,16.17021277,0,229,15150,,75680,7510
lvbench,44.902,-110.1366,1912.6,1999,gr,3,7,229,184.7948,85.77,14.23,84.51882845,15.48117155,0,229,15150,,75680,7510
lvbench,44.902,-110.1366,1912.6,1999,gr,3,8,229,153.0936,92.93,7.07,79.7979798,20.2020202,0,229,15150,,75680,7510
lvbench,44.902,-110.1366,1912.6,1999,gr,3,9,229,244.3312,89.24,10.76,85.75949367,14.24050633,0,229,15150,,75680,7510
lvbench,44.902,-110.1366,1912.6,1999,gr,3,10,229,190.9804,87.04,12.96,84.61538462,15.38461538,0,229,15150,,75680,7510
lvbench,44.902,-110.1366,1912.6,1999,gr,3,11,229,159.2792,81.07,18.93,77.18446602,22.81553398,0,229,15150,,75680,7510
lvbench,44.902,-110.1366,1912.6,1999,gr,3,12,229,165.4648,85.51,14.49,80.8411215,19.1588785,0,229,15150,,75680,7510
lvbench,44.902,-110.1366,1912.6,1999,gr,4,1,256,163.1452,79.62,20.38,91.94312796,8.056872038,0,256,12450,,75680,7510
lvbench,44.902,-110.1366,1912.6,1999,gr,4,2,256,188.6608,70.9,29.1,94.67213115,5.327868852,0,256,12450,,75680,7510
lvbench,44.902,-110.1366,1912.6,1999,gr,4,3,256,173.1968,55.36,44.64,88.83928571,11.16071429,0,256,12450,,75680,7510
lvbench,44.902,-110.1366,1912.6,1999,gr,4,4,256,102.0624,58.33,41.67,84.09090909,15.90909091,0,256,12450,,75680,7510
lvbench,44.902,-110.1366,1912.6,1999,gr,4,5,256,175.5164,83.26,16.74,82.37885463,17.62114537,0,256,12450,,75680,7510
lvbench,44.902,-110.1366,1912.6,1999,gr,4,6,256,164.6916,81.22,18.78,92.01877934,7.981220657,0,256,12450,,75680,7510
lvbench,44.902,-110.1366,1912.6,1999,gr,4,7,256,184.0216,79.83,20.17,83.61344538,16.38655462,0,256,12450,,75680,7510
lvbench,44.902,-110.1366,1912.6,1999,gr,4,8,256,221.9084,80.84,19.16,92.33449477,7.665505226,0,256,12450,,75680,7510
lvbench,44.902,-110.1366,1912.6,1999,gr,4,9,256,139.176,71.67,28.33,88.88888889,11.11111111,0,256,12450,,75680,7510
lvbench,44.902,-110.1366,1912.6,1999,gr,4,10,256,123.712,84.38,15.63,86.875,13.125,0,256,12450,,75680,7510
lvbench,44.902,-110.1366,1912.6,1999,gr,4,11,256,151.5472,80.1,19.9,86.73469388,13.26530612,0,256,12450,,75680,7510
lvbench,44.902,-110.1366,1912.6,1999,gr,4,12,256,117.5264,65.79,34.21,87.5,12.5,0,256,12450,,75680,7510
lvbench,44.902,-110.1366,1912.6,1999,gr,5,1,278,,,,,,,,,,75680,7510
lvbench,44.902,-110.1366,1912.6,2000,gr,1,1,150,75.0004,100,0,59.79381443,40.20618557,0,150,,,75680,7510
lvbench,44.902,-110.1366,1912.6,2000,gr,1,2,150,101.2892,100,0,51.90839695,48.09160305,0,150,,,75680,7510
lvbench,44.902,-110.1366,1912.6,2000,gr,1,3,150,107.4748,98.56,1.44,43.16546763,56.83453237,0,150,,,75680,7510
lvbench,44.902,-110.1366,1912.6,2000,gr,1,4,150,122.9388,98.74,1.26,67.9245283,32.0754717,0,150,,,75680,7510
lvbench,44.902,-110.1366,1912.6,2000,gr,1,5,150,132.9904,100,0,47.09302326,52.90697674,0,150,,,75680,7510
lvbench,44.902,-110.1366,1912.6,2000,gr,1,6,150,104.382,99.26,0.74,84.44444444,15.55555556,0,150,,,75680,7510
lvbench,44.902,-110.1366,1912.6,2000,gr,1,7,150,113.6604,100,0,65.30612245,34.69387755,0,150,,,75680,7510
lvbench,44.902,-110.1366,1912.6,2000,gr,1,8,150,82.7324,100,0,48.59813084,51.40186916,0,150,,,75680,7510
lvbench,44.902,-110.1366,1912.6,2000,gr,1,9,150,123.712,100,0,67.5,32.5,0,150,,,75680,7510
lvbench,44.902,-110.1366,1912.6,2000,gr,1,10,150,115.98,100,0,72,28,0,150,,,75680,7510
lvbench,44.902,-110.1366,1912.6,2000,gr,1,11,150,109.7944,100,0,71.12676056,28.87323944,0,150,,,75680,7510
lvbench,44.902,-110.1366,1912.6,2000,gr,1,12,150,95.8768,100,0,62.90322581,37.09677419,0,150,,,75680,7510
lvbench,44.902,-110.1366,1912.6,2000,gr,2,1,178,181.702,98.72,1.28,61.27659574,38.72340426,0,178,20696,,75680,7510
lvbench,44.902,-110.1366,1912.6,2000,gr,2,2,178,166.238,95.81,4.19,48.8372093,51.1627907,0,178,20696,,75680,7510
lvbench,44.902,-110.1366,1912.6,2000,gr,2,3,178,199.4856,100,0,59.30232558,40.69767442,0,178,20696,,75680,7510
lvbench,44.902,-110.1366,1912.6,2000,gr,2,4,178,222.6816,99.65,0.35,61.11111111,38.88888889,0,178,20696,,75680,7510
lvbench,44.902,-110.1366,1912.6,2000,gr,2,5,178,204.1248,100,0,74.24242424,25.75757576,0,178,20696,,75680,7510
lvbench,44.902,-110.1366,1912.6,2000,gr,2,6,178,173.1968,99.55,0.45,73.21428571,26.78571429,0,178,20696,,75680,7510
lvbench,44.902,-110.1366,1912.6,2000,gr,2,7,178,231.1868,99.33,0.67,58.19397993,41.80602007,0,178,20696,,75680,7510
lvbench,44.902,-110.1366,1912.6,2000,gr,2,8,178,240.4652,99.36,0.64,73.31189711,26.68810289,0,178,20696,,75680,7510
lvbench,44.902,-110.1366,1912.6,2000,gr,2,9,178,211.0836,100,0,63.36996337,36.63003663,0,178,20696,,75680,7510
lvbench,44.902,-110.1366,1912.6,2000,gr,2,10,178,252.0632,100,0,64.41717791,35.58282209,0,178,20696,,75680,7510
lvbench,44.902,-110.1366,1912.6,2000,gr,2,11,178,211.8568,99.27,0.73,70.4379562,29.5620438,0,178,20696,,75680,7510
lvbench,44.902,-110.1366,1912.6,2000,gr,2,12,178,287.6304,100,0,66.12903226,33.87096774,0,178,20696,,75680,7510
lvbench,44.902,-110.1366,1912.6,2000,gr,3,1,204,246.6508,89.34,10.66,81.50470219,18.49529781,0,204,14998,,75680,7510
lvbench,44.902,-110.1366,1912.6,2000,gr,3,2,204,223.4548,83.04,16.96,71.28027682,28.71972318,0,204,14998,,75680,7510
lvbench,44.902,-110.1366,1912.6,2000,gr,3,3,204,150.0008,98.45,1.55,80.92783505,19.07216495,0,204,14998,,75680,7510
lvbench,44.902,-110.1366,1912.6,2000,gr,3,4,204,153.0936,97.98,2.02,79.29292929,20.70707071,0,204,14998,,75680,7510
lvbench,44.902,-110.1366,1912.6,2000,gr,3,5,204,212.63,100,0,100,0,0,204,14998,,75680,7510
lvbench,44.902,-110.1366,1912.6,2000,gr,3,6,204,221.9084,100,0,97.90940767,2.090592334,0,204,14998,,75680,7510
lvbench,44.902,-110.1366,1912.6,2000,gr,3,7,204,217.2692,94.66,5.34,88.25622776,11.74377224,0,204,14998,,75680,7510
lvbench,44.902,-110.1366,1912.6,2000,gr,3,8,204,184.0216,98.74,1.26,67.22689076,32.77310924,0,204,14998,,75680,7510
lvbench,44.902,-110.1366,1912.6,2000,gr,3,9,204,183.2484,94.51,5.49,70.88607595,29.11392405,0,204,14998,,75680,7510
lvbench,44.902,-110.1366,1912.6,2000,gr,3,10,204,170.8772,96.83,3.17,85.97285068,14.02714932,0,204,14998,,75680,7510
lvbench,44.902,-110.1366,1912.6,2000,gr,3,11,204,190.9804,98.38,1.62,68.01619433,31.98380567,0,204,14998,,75680,7510
lvbench,44.902,-110.1366,1912.6,2000,gr,3,12,204,202.5784,93.51,6.49,81.67938931,18.32061069,0,204,14998,,75680,7510
lvbench,44.902,-110.1366,1912.6,2000,gr,4,1,240,146.1348,61.38,38.62,74.07407407,25.92592593,0,240,12086,,75680,7510
lvbench,44.902,-110.1366,1912.6,2000,gr,4,2,240,206.4444,68.54,31.46,74.53183521,25.46816479,0,240,12086,,75680,7510
lvbench,44.902,-110.1366,1912.6,2000,gr,4,3,240,291.4964,52.52,47.48,92.04244032,7.957559682,0,240,12086,,75680,7510
lvbench,44.902,-110.1366,1912.6,2000,gr,4,4,240,162.372,56.67,43.33,83.80952381,16.19047619,0,240,12086,,75680,7510
lvbench,44.902,-110.1366,1912.6,2000,gr,4,5,240,136.0832,61.36,38.64,80.11363636,19.88636364,0,240,12086,,75680,7510
lvbench,44.902,-110.1366,1912.6,2000,gr,4,6,240,82.7324,72.9,27.1,85.04672897,14.95327103,0,240,12086,,75680,7510
lvbench,44.902,-110.1366,1912.6,2000,gr,4,7,240,173.97,81.78,18.22,93.33333333,6.666666667,0,240,12086,,75680,7510
lvbench,44.902,-110.1366,1912.6,2000,gr,4,8,240,129.8976,79.76,20.24,75,25,0,240,12086,,75680,7510
lvbench,44.902,-110.1366,1912.6,2000,gr,4,9,240,192.5268,75.9,24.1,87.14859438,12.85140562,0,240,12086,,75680,7510
lvbench,44.902,-110.1366,1912.6,2000,gr,4,10,240,183.2484,67.51,32.49,91.13924051,8.860759494,0,240,12086,,75680,7510
lvbench,44.902,-110.1366,1912.6,2000,gr,4,11,240,130.6708,64.5,35.5,89.34911243,10.65088757,0,240,12086,,75680,7510
lvbench,44.902,-110.1366,1912.6,2000,gr,4,12,240,167.0112,68.06,31.94,87.5,12.5,0,240,12086,,75680,7510
lvbench,44.902,-110.1366,1912.6,2000,gr,5,1,262,137.6296,36.52,63.48,80.33707865,19.66292135,0,262,7369,,75680,7510
lvbench,44.902,-110.1366,1912.6,2000,gr,5,2,262,129.8976,17.26,82.74,88.69047619,11.30952381,0,262,7369,,75680,7510
lvbench,44.902,-110.1366,1912.6,2000,gr,5,3,262,137.6296,44.38,55.62,82.02247191,17.97752809,0,262,7369,,75680,7510
lvbench,44.902,-110.1366,1912.6,2000,gr,5,4,262,157.7328,46.57,53.43,86.76470588,13.23529412,0,262,7369,,75680,7510
lvbench,44.902,-110.1366,1912.6,2000,gr,5,5,262,110.5676,32.17,67.83,93.70629371,6.293706294,0,262,7369,,75680,7510
lvbench,44.902,-110.1366,1912.6,2000,gr,5,6,262,149.2276,43.01,56.99,89.11917098,10.88082902,0,262,7369,,75680,7510
lvbench,44.902,-110.1366,1912.6,2000,gr,5,7,262,159.2792,35.44,64.56,91.74757282,8.252427184,0,262,7369,,75680,7510
lvbench,44.902,-110.1366,1912.6,2000,gr,5,8,262,91.2376,39.83,60.17,88.98305085,11.01694915,0,262,7369,,75680,7510
lvbench,44.902,-110.1366,1912.6,2000,gr,5,9,262,172.4236,47.98,52.02,93.72197309,6.278026906,0,262,7369,,75680,7510
lvbench,44.902,-110.1366,1912.6,2000,gr,5,10,262,123.712,45.63,54.38,94.375,5.625,0,262,7369,,75680,7510
lvbench,44.902,-110.1366,1912.6,2000,gr,5,11,262,168.5576,24.31,75.69,87.1559633,12.8440367,0,262,7369,,75680,7510
lvbench,44.902,-110.1366,1912.6,2000,gr,5,12,262,141.4956,48.09,51.91,83.06010929,16.93989071,0,262,7369,,75680,7510
lvbench,44.902,-110.1366,1912.6,2000,gr,6,1,289,110.5676,22.38,77.62,88.81118881,11.18881119,0,289,9208,,75680,7510
lvbench,44.902,-110.1366,1912.6,2000,gr,6,2,289,113.6604,14.29,85.71,89.79591837,10.20408163,0,289,9208,,75680,7510
lvbench,44.902,-110.1366,1912.6,2000,gr,6,3,289,198.7124,13.62,86.38,96.49805447,3.501945525,0,289,9208,,75680,7510
lvbench,44.902,-110.1366,1912.6,2000,gr,6,4,289,219.5888,4.93,95.07,90.49295775,9.507042254,0,289,9208,,75680,7510
lvbench,44.902,-110.1366,1912.6,2000,gr,6,5,289,213.4032,13.77,86.23,96.01449275,3.985507246,0,289,9208,,75680,7510
lvbench,44.902,-110.1366,1912.6,2000,gr,6,6,289,123.712,11.25,88.75,86.875,13.125,0,289,9208,,75680,7510
lvbench,44.902,-110.1366,1912.6,2000,gr,6,7,289,185.568,20.83,79.17,87.91666667,12.08333333,0,289,9208,,75680,7510
lvbench,44.902,-110.1366,1912.6,2000,gr,6,8,289,146.908,9.47,90.53,92.10526316,7.894736842,0,289,9208,,75680,7510
lvbench,44.902,-110.1366,1912.6,2000,gr,6,9,289,136.0832,22.16,77.84,90.90909091,9.090909091,0,289,9208,,75680,7510
lvbench,44.902,-110.1366,1912.6,2000,gr,6,10,289,120.6192,16.03,83.97,96.15384615,3.846153846,0,289,9208,,75680,7510
lvbench,44.902,-110.1366,1912.6,2000,gr,6,11,289,122.9388,24.53,75.47,92.45283019,7.547169811,0,289,9208,,75680,7510
lvbench,44.902,-110.1366,1912.6,2000,gr,6,12,289,109.0212,26.24,73.76,95.74468085,4.255319149,0,289,9208,,75680,7510
lvbench,44.902,-110.1366,1912.6,2001,gr,1,1,150,129.1244,95.81,4.19,77.64705882,22.35294118,0,150,31523,,75680,7510
lvbench,44.902,-110.1366,1912.6,2001,gr,1,2,150,98.1964,96.85,3.15,56.02836879,43.97163121,0,150,31523,,75680,7510
lvbench,44.902,-110.1366,1912.6,2001,gr,1,3,150,92.784,98.33,1.67,81.81818182,18.18181818,0,150,31523,,75680,7510
lvbench,44.902,-110.1366,1912.6,2001,gr,1,4,150,129.8976,96.43,3.57,70.76023392,29.23976608,0,150,31523,,75680,7510
lvbench,44.902,-110.1366,1912.6,2001,gr,1,5,150,129.1244,98.8,1.2,73.51351351,26.48648649,0,150,31523,,75680,7510
lvbench,44.902,-110.1366,1912.6,2001,gr,1,6,150,119.846,99.35,0.65,55.23255814,44.76744186,0,150,31523,,75680,7510
lvbench,44.902,-110.1366,1912.6,2001,gr,1,7,150,66.4952,97.67,2.33,59.7826087,40.2173913,0,150,31523,,75680,7510
lvbench,44.902,-110.1366,1912.6,2001,gr,1,8,150,103.6088,96.27,3.73,79.25925926,20.74074074,0,150,31523,,75680,7510
lvbench,44.902,-110.1366,1912.6,2001,gr,1,9,150,158.506,97.56,2.44,79.90430622,20.09569378,0,150,31523,,75680,7510
lvbench,44.902,-110.1366,1912.6,2001,gr,1,10,150,156.9596,100,0,63.94230769,36.05769231,0,150,31523,,75680,7510
lvbench,44.902,-110.1366,1912.6,2001,gr,1,11,150,136.0832,94.89,5.11,75.55555556,24.44444444,0,150,31523,,75680,7510
lvbench,44.902,-110.1366,1912.6,2001,gr,1,12,150,109.7944,97.89,2.11,44.30379747,55.69620253,0,150,31523,,75680,7510
lvbench,44.902,-110.1366,1912.6,2001,gr,2,1,174,197.166,95.69,4.31,69.80392157,30.19607843,0,174,20905,,75680,7510
lvbench,44.902,-110.1366,1912.6,2001,gr,2,2,174,153.0936,96.97,3.03,74.24242424,25.75757576,0,174,20905,,75680,7510
lvbench,44.902,-110.1366,1912.6,2001,gr,2,3,174,192.5268,96.39,3.61,81.92771084,18.07228916,0,174,20905,,75680,7510
lvbench,44.902,-110.1366,1912.6,2001,gr,2,4,174,203.3516,95.06,4.94,72.62357414,27.37642586,0,174,20905,,75680,7510
lvbench,44.902,-110.1366,1912.6,2001,gr,2,5,174,180.9288,100,0,66.66666667,33.33333333,0,174,20905,,75680,7510
lvbench,44.902,-110.1366,1912.6,2001,gr,2,6,174,182.4752,98.73,1.27,61.01694915,38.98305085,0,174,20905,,75680,7510
lvbench,44.902,-110.1366,1912.6,2001,gr,2,7,174,260.5684,97.33,2.67,83.08605341,16.91394659,0,174,20905,,75680,7510
lvbench,44.902,-110.1366,1912.6,2001,gr,2,8,174,387.3732,98,2,82.63473054,17.36526946,0,174,20905,,75680,7510
lvbench,44.902,-110.1366,1912.6,2001,gr,2,9,174,243.558,97.14,2.86,66.66666667,33.33333333,0,174,20905,,75680,7510
lvbench,44.902,-110.1366,1912.6,2001,gr,2,10,174,311.5996,98.51,1.49,70.22332506,29.77667494,0,174,20905,,75680,7510
lvbench,44.902,-110.1366,1912.6,2001,gr,2,11,174,90.4644,89.74,10.26,60.68376068,39.31623932,0,174,20905,,75680,7510
lvbench,44.902,-110.1366,1912.6,2001,gr,2,12,174,144.5884,98.4,1.6,63.10160428,36.89839572,0,174,20905,,75680,7510
lvbench,44.902,-110.1366,1912.6,2001,gr,3,1,212,230.4136,80.87,19.13,,,,212,14340,,75680,7510
lvbench,44.902,-110.1366,1912.6,2001,gr,3,2,212,180.1556,85.41,14.59,,,,212,14340,,75680,7510
lvbench,44.902,-110.1366,1912.6,2001,gr,3,3,212,252.8364,72.78,27.22,,,,212,14340,,75680,7510
lvbench,44.902,-110.1366,1912.6,2001,gr,3,4,212,197.166,75.29,24.71,,,,212,14340,,75680,7510
lvbench,44.902,-110.1366,1912.6,2001,gr,3,5,212,252.0632,77.3,22.7,,,,212,14340,,75680,7510
lvbench,44.902,-110.1366,1912.6,2001,gr,3,6,212,180.9288,64.53,35.47,,,,212,14340,,75680,7510
lvbench,44.902,-110.1366,1912.6,2001,gr,3,7,212,262.888,60,40,,,,212,14340,,75680,7510
lvbench,44.902,-110.1366,1912.6,2001,gr,3,8,212,225.0012,73.54,26.46,,,,212,14340,,75680,7510
lvbench,44.902,-110.1366,1912.6,2001,gr,3,9,212,240.4652,73.31,26.69,,,,212,14340,,75680,7510
lvbench,44.902,-110.1366,1912.6,2001,gr,3,10,212,183.2484,73,27,,,,212,14340,,75680,7510
lvbench,44.902,-110.1366,1912.6,2001,gr,3,11,212,160.0524,59.42,40.58,,,,212,14340,,75680,7510
lvbench,44.902,-110.1366,1912.6,2001,gr,3,12,212,271.3932,74.93,25.07,,,,212,14340,,75680,7510
lvbench,44.902,-110.1366,1912.6,2001,gr,4,1,234,122.9388,44.65,55.35,,,,234,11599,,75680,7510
lvbench,44.902,-110.1366,1912.6,2001,gr,4,2,234,139.9492,50.28,49.72,,,,234,11599,,75680,7510
lvbench,44.902,-110.1366,1912.6,2001,gr,4,3,234,180.1556,40.77,59.23,,,,234,11599,,75680,7510
lvbench,44.902,-110.1366,1912.6,2001,gr,4,4,234,146.1348,37.04,62.96,,,,234,11599,,75680,7510
lvbench,44.902,-110.1366,1912.6,2001,gr,4,5,234,176.2896,32.89,67.11,,,,234,11599,,75680,7510
lvbench,44.902,-110.1366,1912.6,2001,gr,4,6,234,204.898,30.19,69.81,,,,234,11599,,75680,7510
lvbench,44.902,-110.1366,1912.6,2001,gr,4,7,234,214.1764,49.1,50.9,,,,234,11599,,75680,7510
lvbench,44.902,-110.1366,1912.6,2001,gr,4,8,234,174.7432,48.67,51.33,,,,234,11599,,75680,7510
lvbench,44.902,-110.1366,1912.6,2001,gr,4,9,234,201.032,27.31,72.69,,,,234,11599,,75680,7510
lvbench,44.902,-110.1366,1912.6,2001,gr,4,10,234,167.7844,43.32,56.68,,,,234,11599,,75680,7510
lvbench,44.902,-110.1366,1912.6,2001,gr,4,11,234,385.0536,37.75,62.25,,,,234,11599,,75680,7510
lvbench,44.902,-110.1366,1912.6,2001,gr,4,12,234,192.5268,43.78,56.22,,,,234,11599,,75680,7510
lvbench,44.902,-110.1366,1912.6,2001,gr,5,1,261,149.2276,12.95,87.05,,,,261,11204,,75680,7510
lvbench,44.902,-110.1366,1912.6,2001,gr,5,2,261,157.7328,16.18,83.82,,,,261,11204,,75680,7510
lvbench,44.902,-110.1366,1912.6,2001,gr,5,3,261,221.1352,34.97,65.03,,,,261,11204,,75680,7510
lvbench,44.902,-110.1366,1912.6,2001,gr,5,4,261,152.3204,25.89,74.11,,,,261,11204,,75680,7510
lvbench,44.902,-110.1366,1912.6,2001,gr,5,5,261,395.1052,46.97,53.03,,,,261,11204,,75680,7510
lvbench,44.902,-110.1366,1912.6,2001,gr,5,6,261,111.3408,36.81,63.19,,,,261,11204,,75680,7510
lvbench,44.902,-110.1366,1912.6,2001,gr,5,7,261,221.1352,40.56,59.44,,,,261,11204,,75680,7510
lvbench,44.902,-110.1366,1912.6,2001,gr,5,8,261,170.104,29.09,70.91,,,,261,11204,,75680,7510
lvbench,44.902,-110.1366,1912.6,2001,gr,5,9,261,133.7636,22.54,77.46,,,,261,11204,,75680,7510
lvbench,44.902,-110.1366,1912.6,2001,gr,5,10,261,168.5576,20.18,79.82,,,,261,11204,,75680,7510
lvbench,44.902,-110.1366,1912.6,2001,gr,5,11,261,201.8052,31.03,68.97,,,,261,11204,,75680,7510
lvbench,44.902,-110.1366,1912.6,2001,gr,5,12,261,170.8772,16.74,83.26,,,,261,11204,,75680,7510
lvbench,44.902,-110.1366,1912.6,2001,gr,6,1,288,,,,,,,,,,75680,7510
mam,44.954,-110.7002,1890.7,1999,gr,1,1,137,33.37,97.87,2.13,95.74468085,4.255319149,0,137,30600,,103800,7840
mam,44.954,-110.7002,1890.7,1999,gr,1,2,137,22.01,96.77,3.23,100,0,0,137,30600,,103800,7840
mam,44.954,-110.7002,1890.7,1999,gr,1,3,137,31.95,100,0,97.77777778,2.222222222,0,137,30600,,103800,7840
mam,44.954,-110.7002,1890.7,1999,gr,1,4,137,31.95,97.78,2.22,97.77777778,2.222222222,0,137,30600,,103800,7840
mam,44.954,-110.7002,1890.7,1999,gr,1,5,137,35.5,100,0,94,6,0,137,30600,,103800,7840
mam,44.954,-110.7002,1890.7,1999,gr,1,6,137,34.79,95.92,4.08,93.87755102,6.12244898,0,137,30600,,103800,7840
mam,44.954,-110.7002,1890.7,1999,gr,1,7,137,31.95,97.78,2.22,97.77777778,2.222222222,0,137,30600,,103800,7840
mam,44.954,-110.7002,1890.7,1999,gr,1,8,137,24.85,100,0,94.28571429,5.714285714,0,137,30600,,103800,7840
mam,44.954,-110.7002,1890.7,1999,gr,1,9,137,34.08,97.92,2.08,100,0,0,137,30600,,103800,7840
mam,44.954,-110.7002,1890.7,1999,gr,1,10,137,31.95,100,0,100,0,0,137,30600,,103800,7840
mam,44.954,-110.7002,1890.7,1999,gr,1,11,137,37.63,100,0,98.11320755,1.886792453,0,137,30600,,103800,7840
mam,44.954,-110.7002,1890.7,1999,gr,1,12,137,37.63,100,0,94.33962264,5.660377358,0,137,30600,,103800,7840
mam,44.954,-110.7002,1890.7,1999,gr,2,1,167,100.11,99.29,0.71,82.26950355,17.73049645,0,167,21990,,103800,7840
mam,44.954,-110.7002,1890.7,1999,gr,2,2,167,97.27,97.08,2.92,97.81021898,2.189781022,0,167,21990,,103800,7840
mam,44.954,-110.7002,1890.7,1999,gr,2,3,167,91.59,99.22,0.78,89.14728682,10.85271318,0,167,21990,,103800,7840
mam,44.954,-110.7002,1890.7,1999,gr,2,4,167,79.52,99.11,0.89,91.07142857,8.928571429,0,167,21990,,103800,7840
mam,44.954,-110.7002,1890.7,1999,gr,2,5,167,63.19,95.51,4.49,100,0,0,167,21990,,103800,7840
mam,44.954,-110.7002,1890.7,1999,gr,2,6,167,60.35,97.65,2.35,89.41176471,10.58823529,0,167,21990,,103800,7840
mam,44.954,-110.7002,1890.7,1999,gr,2,7,167,93.72,100,0,93.18181818,6.818181818,0,167,21990,,103800,7840
mam,44.954,-110.7002,1890.7,1999,gr,2,8,167,190.28,98.51,1.49,97.3880597,2.611940299,0,167,21990,,103800,7840
mam,44.954,-110.7002,1890.7,1999,gr,2,9,167,115.73,100,0,98.1595092,1.840490798,0,167,21990,,103800,7840
mam,44.954,-110.7002,1890.7,1999,gr,2,10,167,110.05,96.13,3.87,97.41935484,2.580645161,0,167,21990,,103800,7840
mam,44.954,-110.7002,1890.7,1999,gr,2,11,167,132.77,97.86,2.14,94.11764706,5.882352941,0,167,21990,,103800,7840
mam,44.954,-110.7002,1890.7,1999,gr,2,12,167,111.47,100,0,100,0,0,167,21990,,103800,7840
mam,44.954,-110.7002,1890.7,1999,gr,3,1,202,155.49,93.15,6.85,75.79908676,24.20091324,0,202,15100,,103800,7840
mam,44.954,-110.7002,1890.7,1999,gr,3,2,202,180.34,96.06,3.94,73.62204724,26.37795276,0,202,15100,,103800,7840
mam,44.954,-110.7002,1890.7,1999,gr,3,3,202,102.24,88.19,11.81,82.63888889,17.36111111,0,202,15100,,103800,7840
mam,44.954,-110.7002,1890.7,1999,gr,3,4,202,142,93,7,78.5,21.5,0,202,15100,,103800,7840
mam,44.954,-110.7002,1890.7,1999,gr,3,5,202,190.99,95.17,4.83,68.40148699,31.59851301,0,202,15100,,103800,7840
mam,44.954,-110.7002,1890.7,1999,gr,3,6,202,187.44,90.91,9.09,83.71212121,16.28787879,0,202,15100,,103800,7840
mam,44.954,-110.7002,1890.7,1999,gr,3,7,202,161.88,97.81,2.19,95.61403509,4.385964912,0,202,15100,,103800,7840
mam,44.954,-110.7002,1890.7,1999,gr,3,8,202,210.87,100,0,72.39057239,27.60942761,0,202,15100,,103800,7840
mam,44.954,-110.7002,1890.7,1999,gr,3,9,202,177.5,97.6,2.4,96.4,3.6,0,202,15100,,103800,7840
mam,44.954,-110.7002,1890.7,1999,gr,3,10,202,161.17,92.95,7.05,95.15418502,4.845814978,0,202,15100,,103800,7840
mam,44.954,-110.7002,1890.7,1999,gr,3,11,202,234.3,96.67,3.33,92.72727273,7.272727273,0,202,15100,,103800,7840
mam,44.954,-110.7002,1890.7,1999,gr,3,12,202,184.6,98.08,1.92,85.76923077,14.23076923,0,202,15100,,103800,7840
mam,44.954,-110.7002,1890.7,1999,gr,4,1,231,198.09,88.53,11.47,75.17985612,24.82014388,0,231,14040,,103800,7840
mam,44.954,-110.7002,1890.7,1999,gr,4,2,231,200.22,89.72,10.28,80.4964539,19.5035461,0,231,14040,,103800,7840
mam,44.954,-110.7002,1890.7,1999,gr,4,3,231,251.34,89.55,10.45,70.05649718,29.94350282,0,231,14040,,103800,7840
mam,44.954,-110.7002,1890.7,1999,gr,4,4,231,188.86,89.47,10.53,77.06766917,22.93233083,0,231,14040,,103800,7840
mam,44.954,-110.7002,1890.7,1999,gr,4,5,231,167.56,90.68,9.32,74.67811159,25.32188841,0,231,14040,,103800,7840
mam,44.954,-110.7002,1890.7,1999,gr,4,6,231,163.3,80,20,90,10,0,231,14040,,103800,7840
mam,44.954,-110.7002,1890.7,1999,gr,4,7,231,163.3,79.57,20.43,88.59649123,11.40350877,0,231,14040,,103800,7840
mam,44.954,-110.7002,1890.7,1999,gr,4,8,231,100.82,78.17,21.83,61.70212766,38.29787234,0,231,14040,,103800,7840
mam,44.954,-110.7002,1890.7,1999,gr,4,9,231,139.87,85.28,14.72,93.5828877,6.417112299,0,231,14040,,103800,7840
mam,44.954,-110.7002,1890.7,1999,gr,4,10,231,152.65,89.77,10.23,91.04477612,7.960199005,0.921658986,231,14040,,103800,7840
mam,44.954,-110.7002,1890.7,1999,gr,4,11,231,205.9,91.72,8.28,81.03448276,18.96551724,0,231,14040,,103800,7840
mam,44.954,-110.7002,1890.7,1999,gr,4,12,231,215.13,93.07,6.93,55.77557756,44.22442244,0,231,14040,,103800,7840
mam,44.954,-110.7002,1890.7,1999,gr,5,1,257,169.69,56.49,43.51,91.63179916,8.368200837,0,257,11340,,103800,7840
mam,44.954,-110.7002,1890.7,1999,gr,5,2,257,191.7,70.37,29.63,91.11111111,8.888888889,0,257,11340,,103800,7840
mam,44.954,-110.7002,1890.7,1999,gr,5,3,257,90.88,72.66,27.34,100,0,0,257,11340,,103800,7840
mam,44.954,-110.7002,1890.7,1999,gr,5,4,257,193.83,64.47,35.53,100,0,0,257,11340,,103800,7840
mam,44.954,-110.7002,1890.7,1999,gr,5,5,257,181.76,78.52,21.48,80.078125,19.921875,0,257,11340,,103800,7840
mam,44.954,-110.7002,1890.7,1999,gr,5,6,257,135.61,85.34,14.66,74.86910995,25.13089005,0,257,11340,,103800,7840
mam,44.954,-110.7002,1890.7,1999,gr,5,7,257,152.65,67.44,32.56,76.27906977,23.72093023,0,257,11340,,103800,7840
mam,44.954,-110.7002,1890.7,1999,gr,5,8,257,173.95,68.57,31.43,96.73469388,3.265306122,0,257,11340,,103800,7840
mam,44.954,-110.7002,1890.7,1999,gr,5,9,257,169.69,70.71,29.29,95.39748954,1.673640167,2.845528455,257,11340,,103800,7840
mam,44.954,-110.7002,1890.7,1999,gr,5,10,257,147.68,87.02,12.98,85.57692308,14.42307692,0,257,11340,,103800,7840
mam,44.954,-110.7002,1890.7,1999,gr,5,11,257,221.52,69.23,30.77,92.62820513,7.371794872,0,257,11340,,103800,7840
mam,44.954,-110.7002,1890.7,1999,gr,5,12,257,218.68,85.39,14.61,84.74025974,15.25974026,0,257,11340,,103800,7840
mam,44.954,-110.7002,1890.7,1999,gr,6,1,278,,,,,,,,,,103800,7840
mam,44.954,-110.7002,1890.7,2000,gr,1,1,143,83.07,100,0,88.88888889,11.11111111,0,143,21755,,103800,7840
mam,44.954,-110.7002,1890.7,2000,gr,1,2,143,85.2,98.33,1.67,95.83333333,4.166666667,0,143,21755,,103800,7840
mam,44.954,-110.7002,1890.7,2000,gr,1,3,143,58.22,100,0,95.12195122,3.658536585,1.204819277,143,21755,,103800,7840
mam,44.954,-110.7002,1890.7,2000,gr,1,4,143,88.75,100,0,80.8,19.2,0,143,21755,,103800,7840
mam,44.954,-110.7002,1890.7,2000,gr,1,5,143,52.54,100,0,90.54054054,9.459459459,0,143,21755,,103800,7840
mam,44.954,-110.7002,1890.7,2000,gr,1,6,143,57.51,100,0,86.41975309,13.58024691,0,143,21755,,103800,7840
mam,44.954,-110.7002,1890.7,2000,gr,1,7,143,69.58,96.94,3.06,95.91836735,4.081632653,0,143,21755,,103800,7840
mam,44.954,-110.7002,1890.7,2000,gr,1,8,143,74.55,96.19,3.81,83.80952381,16.19047619,0,143,21755,,103800,7840
mam,44.954,-110.7002,1890.7,2000,gr,1,9,143,91.59,95.35,4.65,79.06976744,20.93023256,0,143,21755,,103800,7840
mam,44.954,-110.7002,1890.7,2000,gr,1,10,143,89.46,95.24,4.76,99.20634921,0.793650794,0,143,21755,,103800,7840
mam,44.954,-110.7002,1890.7,2000,gr,1,11,143,97.98,96.38,3.62,89.85507246,10.14492754,0,143,21755,,103800,7840
mam,44.954,-110.7002,1890.7,2000,gr,1,12,143,93.72,99.24,0.76,90.90909091,9.090909091,0,143,21755,,103800,7840
mam,44.954,-110.7002,1890.7,2000,gr,2,1,172,127.8,95.56,4.44,82.22222222,17.77777778,0,172,15457,,103800,7840
mam,44.954,-110.7002,1890.7,2000,gr,2,2,172,181.76,98.44,1.56,75.78125,24.21875,0,172,15457,,103800,7840
mam,44.954,-110.7002,1890.7,2000,gr,2,3,172,132.77,98.93,1.07,89.30481283,6.417112299,4.102564103,172,15457,,103800,7840
mam,44.954,-110.7002,1890.7,2000,gr,2,4,172,88.75,100,0,81.6,18.4,0,172,15457,,103800,7840
mam,44.954,-110.7002,1890.7,2000,gr,2,5,172,169.69,98.33,1.67,65.27196653,34.72803347,0,172,15457,,103800,7840
mam,44.954,-110.7002,1890.7,2000,gr,2,6,172,158.33,100,0,83.40807175,16.59192825,0,172,15457,,103800,7840
mam,44.954,-110.7002,1890.7,2000,gr,2,7,172,158.33,99.55,0.45,78.47533632,21.52466368,0,172,15457,,103800,7840
mam,44.954,-110.7002,1890.7,2000,gr,2,8,172,129.93,98.91,1.09,74.86338798,25.13661202,0,172,15457,,103800,7840
mam,44.954,-110.7002,1890.7,2000,gr,2,9,172,124.96,94.89,5.11,89.20454545,10.79545455,0,172,15457,,103800,7840
mam,44.954,-110.7002,1890.7,2000,gr,2,10,172,139.87,97.97,2.03,81.21827411,18.78172589,0,172,15457,,103800,7840
mam,44.954,-110.7002,1890.7,2000,gr,2,11,172,179.63,91.7,8.3,91.69960474,8.300395257,0,172,15457,,103800,7840
mam,44.954,-110.7002,1890.7,2000,gr,2,12,172,195.96,98.91,1.09,88.76811594,11.23188406,0,172,15457,,103800,7840
mam,44.954,-110.7002,1890.7,2000,gr,3,1,201,137.74,85.05,14.95,78.86597938,21.13402062,0,201,15489,,103800,7840
mam,44.954,-110.7002,1890.7,2000,gr,3,2,201,100.11,93.62,6.38,70.92198582,29.07801418,0,201,15489,,103800,7840
mam,44.954,-110.7002,1890.7,2000,gr,3,3,201,92.3,87.69,12.31,90.76923077,9.230769231,0,201,15489,,103800,7840
mam,44.954,-110.7002,1890.7,2000,gr,3,4,201,93.01,95.42,4.58,52.67175573,44.27480916,2.962962963,201,15489,,103800,7840
mam,44.954,-110.7002,1890.7,2000,gr,3,5,201,97.27,93.43,6.57,68.61313869,31.38686131,0,201,15489,,103800,7840
mam,44.954,-110.7002,1890.7,2000,gr,3,6,201,134.19,96.83,3.17,82.01058201,17.98941799,0,201,15489,,103800,7840
mam,44.954,-110.7002,1890.7,2000,gr,3,7,201,156.2,95,5,90,10,0,201,15489,,103800,7840
mam,44.954,-110.7002,1890.7,2000,gr,3,8,201,151.23,97.18,2.82,81.69014085,18.30985915,0,201,15489,,103800,7840
mam,44.954,-110.7002,1890.7,2000,gr,3,9,201,130.64,95.65,4.35,78.26086957,21.73913043,0,201,15489,,103800,7840
mam,44.954,-110.7002,1890.7,2000,gr,3,10,201,110.76,88.46,11.54,67.30769231,32.69230769,0,201,15489,,103800,7840
mam,44.954,-110.7002,1890.7,2000,gr,3,11,201,131.35,88.65,11.35,81.62162162,17.83783784,0.537634409,201,15489,,103800,7840
mam,44.954,-110.7002,1890.7,2000,gr,3,12,201,144.84,90.2,9.8,79.41176471,20.58823529,0,201,15489,,103800,7840
mam,44.954,-110.7002,1890.7,2000,gr,4,1,233,124.25,91.43,8.57,85.14285714,14.85714286,0,233,11585,,103800,7840
mam,44.954,-110.7002,1890.7,2000,gr,4,2,233,84.49,84.03,15.97,89.07563025,10.92436975,0,233,11585,,103800,7840
mam,44.954,-110.7002,1890.7,2000,gr,4,3,233,119.99,69.82,30.18,84.02366864,13.01775148,2.873563218,233,11585,,103800,7840
mam,44.954,-110.7002,1890.7,2000,gr,4,4,233,100.82,86.62,13.38,89.43661972,10.56338028,0,233,11585,,103800,7840
mam,44.954,-110.7002,1890.7,2000,gr,4,5,233,100.82,90.85,9.15,68.30985915,31.69014085,0,233,11585,,103800,7840
mam,44.954,-110.7002,1890.7,2000,gr,4,6,233,106.5,85.33,14.67,80,20,0,233,11585,,103800,7840
mam,44.954,-110.7002,1890.7,2000,gr,4,7,233,88.75,78.4,21.6,83.2,16.8,0,233,11585,,103800,7840
mam,44.954,-110.7002,1890.7,2000,gr,4,8,233,91.59,85.27,14.73,72.09302326,27.90697674,0,233,11585,,103800,7840
mam,44.954,-110.7002,1890.7,2000,gr,4,9,233,87.33,73.98,26.02,78.86178862,21.13821138,0,233,11585,,103800,7840
mam,44.954,-110.7002,1890.7,2000,gr,4,10,233,89.46,74.6,25.4,71.42857143,28.57142857,0,233,11585,,103800,7840
mam,44.954,-110.7002,1890.7,2000,gr,4,11,233,74.55,92.38,7.62,82.85714286,17.14285714,0,233,11585,,103800,7840
mam,44.954,-110.7002,1890.7,2000,gr,4,12,233,102.95,71.72,28.28,91.72413793,8.275862069,0,233,11585,,103800,7840
mam,44.954,-110.7002,1890.7,2000,gr,5,1,255,119.99,66.86,33.14,90.53254438,9.467455621,0,255,9133,,103800,7840
mam,44.954,-110.7002,1890.7,2000,gr,5,2,255,146.97,37.68,62.32,92.2705314,7.729468599,0,255,9133,,103800,7840
mam,44.954,-110.7002,1890.7,2000,gr,5,3,255,108.63,52.29,47.71,98.03921569,1.960784314,0,255,9133,,103800,7840
mam,44.954,-110.7002,1890.7,2000,gr,5,4,255,101.53,76.92,23.08,76.92307692,22.37762238,0.694444444,255,9133,,103800,7840
mam,44.954,-110.7002,1890.7,2000,gr,5,5,255,127.8,73.33,26.67,87.22222222,12.77777778,0,255,9133,,103800,7840
mam,44.954,-110.7002,1890.7,2000,gr,5,6,255,93.72,62.12,37.88,85.60606061,14.39393939,0,255,9133,,103800,7840
mam,44.954,-110.7002,1890.7,2000,gr,5,7,255,106.5,46,54,87.33333333,12.66666667,0,255,9133,,103800,7840
mam,44.954,-110.7002,1890.7,2000,gr,5,8,255,101.53,80.42,19.58,83.21678322,16.78321678,0,255,9133,,103800,7840
mam,44.954,-110.7002,1890.7,2000,gr,5,9,255,63.9,75.56,24.44,71.11111111,28.88888889,0,255,9133,,103800,7840
mam,44.954,-110.7002,1890.7,2000,gr,5,10,255,89.46,67.46,32.54,76.19047619,23.80952381,0,255,9133,,103800,7840
mam,44.954,-110.7002,1890.7,2000,gr,5,11,255,120.7,48.82,51.18,92.94117647,7.058823529,0,255,9133,,103800,7840
mam,44.954,-110.7002,1890.7,2000,gr,5,12,255,159.75,60,40,93.77777778,6.222222222,0,255,9133,,103800,7840
mam,44.954,-110.7002,1890.7,2000,gr,6,1,299,73.13,30.1,69.9,84.46601942,15.53398058,0,299,8929,,103800,7840
mam,44.954,-110.7002,1890.7,2000,gr,6,2,299,61.77,32.18,67.82,89.65517241,10.34482759,0,299,8929,,103800,7840
mam,44.954,-110.7002,1890.7,2000,gr,6,3,299,61.06,47.67,52.33,96.51162791,3.488372093,0,299,8929,,103800,7840
mam,44.954,-110.7002,1890.7,2000,gr,6,4,299,51.12,33.33,66.67,97.22222222,2.777777778,0,299,8929,,103800,7840
mam,44.954,-110.7002,1890.7,2000,gr,6,5,299,41.89,30.51,69.49,88.13559322,11.86440678,0,299,8929,,103800,7840
mam,44.954,-110.7002,1890.7,2000,gr,6,6,299,44.02,43.55,56.45,88.70967742,11.29032258,0,299,8929,,103800,7840
mam,44.954,-110.7002,1890.7,2000,gr,6,7,299,49.7,20,80,81.42857143,18.57142857,0,299,8929,,103800,7840
mam,44.954,-110.7002,1890.7,2000,gr,6,8,299,44.73,31.75,68.25,87.3015873,12.6984127,0,299,8929,,103800,7840
mam,44.954,-110.7002,1890.7,2000,gr,6,9,299,51.12,44.44,55.56,91.66666667,8.333333333,0,299,8929,,103800,7840
mam,44.954,-110.7002,1890.7,2000,gr,6,10,299,97.27,18.98,81.02,98.54014599,1.459854015,0,299,8929,,103800,7840
mam,44.954,-110.7002,1890.7,2000,gr,6,11,299,44.73,41.27,58.73,87.3015873,12.6984127,0,299,8929,,103800,7840
mam,44.954,-110.7002,1890.7,2000,gr,6,12,299,49.7,31.43,68.57,88.57142857,11.42857143,0,299,8929,,103800,7840
mam,44.954,-110.7002,1890.7,2001,gr,1,1,136,44.02,91.94,8.06,98.38709677,1.612903226,0,136,31349,,103800,7840
mam,44.954,-110.7002,1890.7,2001,gr,1,2,136,71,99,1,99,1,0,136,31349,,103800,7840
mam,44.954,-110.7002,1890.7,2001,gr,1,3,136,71.71,93.07,6.93,99.00990099,0.99009901,0,136,31349,,103800,7840
mam,44.954,-110.7002,1890.7,2001,gr,1,4,136,67.45,92.63,7.37,96.84210526,3.157894737,0,136,31349,,103800,7840
mam,44.954,-110.7002,1890.7,2001,gr,1,5,136,107.92,96.71,3.29,94.07894737,5.921052632,0,136,31349,,103800,7840
mam,44.954,-110.7002,1890.7,2001,gr,1,6,136,78.81,96.4,3.6,90.99099099,9.009009009,0,136,31349,,103800,7840
mam,44.954,-110.7002,1890.7,2001,gr,1,7,136,52.54,87.84,12.16,93.24324324,6.756756757,0,136,31349,,103800,7840
mam,44.954,-110.7002,1890.7,2001,gr,1,8,136,77.39,94.5,5.5,91.74311927,8.256880734,0,136,31349,,103800,7840
mam,44.954,-110.7002,1890.7,2001,gr,1,9,136,103.66,91.1,8.9,93.83561644,6.164383562,0,136,31349,,103800,7840
mam,44.954,-110.7002,1890.7,2001,gr,1,10,136,108.63,93.46,6.54,91.50326797,8.496732026,0,136,31349,,103800,7840
mam,44.954,-110.7002,1890.7,2001,gr,1,11,136,46.86,90.91,9.09,92.42424242,7.575757576,0,136,31349,,103800,7840
mam,44.954,-110.7002,1890.7,2001,gr,1,12,136,63.19,100,0,93.25842697,6.741573034,0,136,31349,,103800,7840
mam,44.954,-110.7002,1890.7,2001,gr,2,1,162,161.17,94.27,5.73,88.98678414,11.01321586,0,162,22666,,103800,7840
mam,44.954,-110.7002,1890.7,2001,gr,2,2,162,146.26,99.03,0.97,85.4368932,14.5631068,0,162,22666,,103800,7840
mam,44.954,-110.7002,1890.7,2001,gr,2,3,162,193.12,99.63,0.37,93.75,6.25,0,162,22666,,103800,7840
mam,44.954,-110.7002,1890.7,2001,gr,2,4,162,202.35,98.25,1.75,87.71929825,12.28070175,0,162,22666,,103800,7840
mam,44.954,-110.7002,1890.7,2001,gr,2,5,162,169.69,94.98,5.02,75.31380753,24.68619247,0,162,22666,,103800,7840
mam,44.954,-110.7002,1890.7,2001,gr,2,6,162,167.56,94.92,5.08,80.08474576,19.91525424,0,162,22666,,103800,7840
mam,44.954,-110.7002,1890.7,2001,gr,2,7,162,182.47,94.55,5.45,81.3229572,18.6770428,0,162,22666,,103800,7840
mam,44.954,-110.7002,1890.7,2001,gr,2,8,162,171.82,97.11,2.89,73.55371901,26.44628099,0,162,22666,,103800,7840
mam,44.954,-110.7002,1890.7,2001,gr,2,9,162,210.87,97.31,2.69,77.77777778,22.22222222,0,162,22666,,103800,7840
mam,44.954,-110.7002,1890.7,2001,gr,2,10,162,180.34,95.67,4.33,92.51968504,7.480314961,0,162,22666,,103800,7840
mam,44.954,-110.7002,1890.7,2001,gr,2,11,162,166.14,96.58,3.42,76.92307692,23.07692308,0,162,22666,,103800,7840
mam,44.954,-110.7002,1890.7,2001,gr,2,12,162,151.23,98.12,1.88,72.30046948,27.69953052,0,162,22666,,103800,7840
mam,44.954,-110.7002,1890.7,2001,gr,3,1,191,280.45,98.73,1.27,94.43037975,5.569620253,0,191,17966,,103800,7840
mam,44.954,-110.7002,1890.7,2001,gr,3,2,191,200.22,98.58,1.42,62.76595745,37.23404255,0,191,17966,,103800,7840
mam,44.954,-110.7002,1890.7,2001,gr,3,3,191,183.18,90.31,9.69,65.50387597,34.49612403,0,191,17966,,103800,7840
mam,44.954,-110.7002,1890.7,2001,gr,3,4,191,179.63,94.47,5.53,65.2173913,34.7826087,0,191,17966,,103800,7840
mam,44.954,-110.7002,1890.7,2001,gr,3,5,191,267.67,93.63,6.37,73.74005305,26.25994695,0,191,17966,,103800,7840
mam,44.954,-110.7002,1890.7,2001,gr,3,6,191,228.62,95.65,4.35,64.9068323,35.0931677,0,191,17966,,103800,7840
mam,44.954,-110.7002,1890.7,2001,gr,3,7,191,221.52,92.95,7.05,64.1025641,35.8974359,0,191,17966,,103800,7840
mam,44.954,-110.7002,1890.7,2001,gr,3,8,191,283.29,97.49,2.51,88.97243108,11.02756892,0,191,17966,,103800,7840
mam,44.954,-110.7002,1890.7,2001,gr,3,9,191,171.82,95.45,4.55,80.99173554,19.00826446,0,191,17966,,103800,7840
mam,44.954,-110.7002,1890.7,2001,gr,3,10,191,202.35,94.04,5.96,78.94736842,21.05263158,0,191,17966,,103800,7840
mam,44.954,-110.7002,1890.7,2001,gr,3,11,191,227.91,98.44,1.56,60.74766355,39.25233645,0,191,17966,,103800,7840
mam,44.954,-110.7002,1890.7,2001,gr,3,12,191,208.74,98.98,1.02,78.23129252,21.76870748,0,191,17966,,103800,7840
mam,44.954,-110.7002,1890.7,2001,gr,4,1,221,231.46,76.69,23.31,,,,221,13819,,103800,7840
mam,44.954,-110.7002,1890.7,2001,gr,4,2,221,214.42,73.51,26.49,,,,221,13819,,103800,7840
mam,44.954,-110.7002,1890.7,2001,gr,4,3,221,206.61,56.36,43.64,,,,221,13819,,103800,7840
mam,44.954,-110.7002,1890.7,2001,gr,4,4,221,170.4,65,35,,,,221,13819,,103800,7840
mam,44.954,-110.7002,1890.7,2001,gr,4,5,221,184.6,59.62,40.38,,,,221,13819,,103800,7840
mam,44.954,-110.7002,1890.7,2001,gr,4,6,221,171.82,71.49,28.51,,,,221,13819,,103800,7840
mam,44.954,-110.7002,1890.7,2001,gr,4,7,221,196.67,59.57,40.43,,,,221,13819,,103800,7840
mam,44.954,-110.7002,1890.7,2001,gr,4,8,221,178.92,62.7,37.3,,,,221,13819,,103800,7840
mam,44.954,-110.7002,1890.7,2001,gr,4,9,221,164.01,78.35,21.65,,,,221,13819,,103800,7840
mam,44.954,-110.7002,1890.7,2001,gr,4,10,221,200.93,78.09,21.91,,,,221,13819,,103800,7840
mam,44.954,-110.7002,1890.7,2001,gr,4,11,221,230.04,63.58,36.42,,,,221,13819,,103800,7840
mam,44.954,-110.7002,1890.7,2001,gr,4,12,221,219.39,65.37,34.63,,,,221,13819,,103800,7840
mam,44.954,-110.7002,1890.7,2001,gr,5,1,249,286.13,54.34,45.66,,,,249,12716,,103800,7840
mam,44.954,-110.7002,1890.7,2001,gr,5,2,249,297.49,44.63,55.37,,,,249,12716,,103800,7840
mam,44.954,-110.7002,1890.7,2001,gr,5,3,249,125.67,45.2,54.8,,,,249,12716,,103800,7840
mam,44.954,-110.7002,1890.7,2001,gr,5,4,249,162.59,68.56,31.44,,,,249,12716,,103800,7840
mam,44.954,-110.7002,1890.7,2001,gr,5,5,249,151.94,53.74,46.26,,,,249,12716,,103800,7840
mam,44.954,-110.7002,1890.7,2001,gr,5,6,249,173.95,54.69,45.31,,,,249,12716,,103800,7840
mam,44.954,-110.7002,1890.7,2001,gr,5,7,249,169.69,45.61,54.39,,,,249,12716,,103800,7840
mam,44.954,-110.7002,1890.7,2001,gr,5,8,249,232.88,61.59,38.41,,,,249,12716,,103800,7840
mam,44.954,-110.7002,1890.7,2001,gr,5,9,249,143.42,64.85,35.15,,,,249,12716,,103800,7840
mam,44.954,-110.7002,1890.7,2001,gr,5,10,249,167.56,71.61,28.39,,,,249,12716,,103800,7840
mam,44.954,-110.7002,1890.7,2001,gr,5,11,249,254.18,42.18,57.82,,,,249,12716,,103800,7840
mam,44.954,-110.7002,1890.7,2001,gr,5,12,249,197.38,53.24,46.76,,,,249,12716,,103800,7840
mam,44.954,-110.7002,1890.7,2001,gr,6,1,275,,,,,,,,,,103800,7840
n,44.732,-110.0939,2407.9,1999,gr,1,1,179,118.0666,94.89,5.11,81.02189781,18.97810219,0,179,20850,,98440,9703
n,44.732,-110.0939,2407.9,1999,gr,1,2,179,103.416,95.83,4.17,83.33333333,16.66666667,0,179,20850,,98440,9703
n,44.732,-110.0939,2407.9,1999,gr,1,3,179,113.7576,100,0,78.78787879,21.21212121,0,179,20850,,98440,9703
n,44.732,-110.0939,2407.9,1999,gr,1,4,179,78.4238,97.8,2.2,63.73626374,36.26373626,0,179,20850,,98440,9703
n,44.732,-110.0939,2407.9,1999,gr,1,5,179,90.489,98.1,1.9,74.28571429,25.71428571,0,179,20850,,98440,9703
n,44.732,-110.0939,2407.9,1999,gr,1,6,179,94.798,100,0,84.54545455,15.45454545,0,179,20850,,98440,9703
n,44.732,-110.0939,2407.9,1999,gr,1,7,179,85.3182,89.9,10.1,70.70707071,29.29292929,0,179,20850,,98440,9703
n,44.732,-110.0939,2407.9,1999,gr,1,8,179,78.4238,93.41,6.59,71.42857143,28.57142857,0,179,20850,,98440,9703
n,44.732,-110.0939,2407.9,1999,gr,1,9,179,94.798,98.18,1.82,83.63636364,16.36363636,0,179,20850,,98440,9703
n,44.732,-110.0939,2407.9,1999,gr,1,10,179,105.1396,94.26,5.74,86.8852459,13.1147541,0,179,20850,,98440,9703
n,44.732,-110.0939,2407.9,1999,gr,1,11,179,102.5542,99.16,0.84,75.6302521,24.3697479,0,179,20850,,98440,9703
n,44.732,-110.0939,2407.9,1999,gr,1,12,179,102.5542,99.16,0.84,75.6302521,24.3697479,0,179,20850,,98440,9703
n,44.732,-110.0939,2407.9,1999,gr,2,1,210,137.888,76.25,23.75,79.375,20.625,0,210,15199,,98440,9703
n,44.732,-110.0939,2407.9,1999,gr,2,2,210,124.0992,70.14,29.86,81.25,18.75,0,210,15199,,98440,9703
n,44.732,-110.0939,2407.9,1999,gr,2,3,210,121.5138,81.56,18.44,87.23404255,12.76595745,0,210,15199,,98440,9703
n,44.732,-110.0939,2407.9,1999,gr,2,4,210,142.197,80,20,90.90909091,9.090909091,0,210,15199,,98440,9703
n,44.732,-110.0939,2407.9,1999,gr,2,5,210,139.6116,72.22,27.78,89.50617284,10.49382716,0,210,15199,,98440,9703
n,44.732,-110.0939,2407.9,1999,gr,2,6,210,123.2374,60.84,39.16,89.51048951,10.48951049,0,210,15199,,98440,9703
n,44.732,-110.0939,2407.9,1999,gr,2,7,210,137.0262,76.1,23.9,88.67924528,11.32075472,0,210,15199,,98440,9703
n,44.732,-110.0939,2407.9,1999,gr,2,8,210,121.5138,78.01,21.99,91.4893617,8.510638298,0,210,15199,,98440,9703
n,44.732,-110.0939,2407.9,1999,gr,2,9,210,144.7824,82.14,17.86,73.21428571,26.78571429,0,210,15199,,98440,9703
n,44.732,-110.0939,2407.9,1999,gr,2,10,210,155.124,87.78,12.22,75,25,0,210,15199,,98440,9703
n,44.732,-110.0939,2407.9,1999,gr,2,11,210,137.0262,81.76,18.24,86.79245283,13.20754717,0,210,15199,,98440,9703
n,44.732,-110.0939,2407.9,1999,gr,2,12,210,118.9284,83.33,16.67,76.8115942,23.1884058,0,210,15199,,98440,9703
n,44.732,-110.0939,2407.9,1999,gr,3,1,237,116.343,63.7,36.3,92.59259259,7.407407407,0,237,12050,,98440,9703
n,44.732,-110.0939,2407.9,1999,gr,3,2,237,91.3508,64.15,35.85,81.13207547,18.86792453,0,237,12050,,98440,9703
n,44.732,-110.0939,2407.9,1999,gr,3,3,237,109.4486,66.14,33.86,92.91338583,7.086614173,0,237,12050,,98440,9703
n,44.732,-110.0939,2407.9,1999,gr,3,4,237,81.0092,73.4,26.6,96.80851064,3.191489362,0,237,12050,,98440,9703
n,44.732,-110.0939,2407.9,1999,gr,3,5,237,118.0666,65.69,34.31,91.97080292,8.02919708,0,237,12050,,98440,9703
n,44.732,-110.0939,2407.9,1999,gr,3,6,237,106.8632,96.77,3.23,78.22580645,21.77419355,0,237,12050,,98440,9703
n,44.732,-110.0939,2407.9,1999,gr,3,7,237,126.6846,44.9,55.1,93.19727891,6.802721088,0,237,12050,,98440,9703
n,44.732,-110.0939,2407.9,1999,gr,3,8,237,121.5138,66.67,33.33,95.03546099,4.964539007,0,237,12050,,98440,9703
n,44.732,-110.0939,2407.9,1999,gr,3,9,237,131.8554,62.75,37.25,96.07843137,3.921568627,0,237,12050,,98440,9703
n,44.732,-110.0939,2407.9,1999,gr,3,10,237,187.8724,49.54,50.46,98.16513761,1.834862385,0,237,12050,,98440,9703
n,44.732,-110.0939,2407.9,1999,gr,3,11,237,113.7576,74.24,25.76,88.63636364,11.36363636,0,237,12050,,98440,9703
n,44.732,-110.0939,2407.9,1999,gr,3,12,237,205.1084,60.08,39.92,92.43697479,7.56302521,0,237,12050,,98440,9703
n,44.732,-110.0939,2407.9,1999,gr,4,1,267,144.7824,20.83,79.17,92.26190476,7.738095238,0,267,9804,,98440,9703
n,44.732,-110.0939,2407.9,1999,gr,4,2,267,143.0588,28.92,71.08,90.96385542,9.036144578,0,267,9804,,98440,9703
n,44.732,-110.0939,2407.9,1999,gr,4,3,267,84.4564,26.53,73.47,79.59183673,20.40816327,0,267,9804,,98440,9703
n,44.732,-110.0939,2407.9,1999,gr,4,4,267,105.1396,24.59,75.41,99.18032787,0.819672131,0,267,9804,,98440,9703
n,44.732,-110.0939,2407.9,1999,gr,4,5,267,93.0744,30.56,69.44,88.88888889,11.11111111,0,267,9804,,98440,9703
n,44.732,-110.0939,2407.9,1999,gr,4,6,267,142.197,17.58,82.42,95.75757576,4.242424242,0,267,9804,,98440,9703
n,44.732,-110.0939,2407.9,1999,gr,4,7,267,135.3026,21.02,78.98,96.81528662,3.184713376,0,267,9804,,98440,9703
n,44.732,-110.0939,2407.9,1999,gr,4,8,267,117.2048,12.5,87.5,98.52941176,1.470588235,0,267,9804,,98440,9703
n,44.732,-110.0939,2407.9,1999,gr,4,9,267,176.669,21.46,78.54,98.04878049,1.951219512,0,267,9804,,98440,9703
n,44.732,-110.0939,2407.9,1999,gr,4,10,267,178.3926,50.72,49.28,93.23671498,6.763285024,0,267,9804,,98440,9703
n,44.732,-110.0939,2407.9,1999,gr,4,11,267,87.9036,45.1,54.9,97.05882353,2.941176471,0,267,9804,,98440,9703
n,44.732,-110.0939,2407.9,1999,gr,4,12,267,110.3104,50.78,49.22,89.84375,10.15625,0,267,9804,,98440,9703
n,44.732,-110.0939,2407.9,2000,gr,1,1,164,87.0418,100,0,81.18811881,18.81188119,0,164,22737,,98440,9703
n,44.732,-110.0939,2407.9,2000,gr,1,2,164,89.6272,99.04,0.96,58.65384615,41.34615385,0,164,22737,,98440,9703
n,44.732,-110.0939,2407.9,2000,gr,1,3,164,64.635,96,4,84,16,0,164,22737,,98440,9703
n,44.732,-110.0939,2407.9,2000,gr,1,4,164,117.2048,92.65,7.35,73.52941176,26.47058824,0,164,22737,,98440,9703
n,44.732,-110.0939,2407.9,2000,gr,1,5,164,107.725,99.2,0.8,90.4,9.6,0,164,22737,,98440,9703
n,44.732,-110.0939,2407.9,2000,gr,1,6,164,118.9284,98.55,1.45,63.04347826,36.95652174,0,164,22737,,98440,9703
n,44.732,-110.0939,2407.9,2000,gr,1,7,164,114.6194,99.25,0.75,82.70676692,17.29323308,0,164,22737,,98440,9703
n,44.732,-110.0939,2407.9,2000,gr,1,8,164,75.8384,98.86,1.14,70.45454545,29.54545455,0,164,22737,,98440,9703
n,44.732,-110.0939,2407.9,2000,gr,1,9,164,129.27,97.33,2.67,82.66666667,17.33333333,0,164,22737,,98440,9703
n,44.732,-110.0939,2407.9,2000,gr,1,10,164,126.6846,96.6,3.4,73.46938776,26.53061224,0,164,22737,,98440,9703
n,44.732,-110.0939,2407.9,2000,gr,1,11,164,105.1396,98.36,1.64,90.98360656,9.016393443,0,164,22737,,98440,9703
n,44.732,-110.0939,2407.9,2000,gr,1,12,164,113.7576,100,0,79.54545455,20.45454545,0,164,22737,,98440,9703
n,44.732,-110.0939,2407.9,2000,gr,2,1,199,104.2778,87.6,12.4,72.72727273,27.27272727,0,199,16160,,98440,9703
n,44.732,-110.0939,2407.9,2000,gr,2,2,199,123.2374,84.62,15.38,74.82517483,25.17482517,0,199,16160,,98440,9703
n,44.732,-110.0939,2407.9,2000,gr,2,3,199,145.6442,88.76,11.24,90.53254438,9.467455621,0,199,16160,,98440,9703
n,44.732,-110.0939,2407.9,2000,gr,2,4,199,153.4004,86.52,13.48,75.28089888,24.71910112,0,199,16160,,98440,9703
n,44.732,-110.0939,2407.9,2000,gr,2,5,199,108.5868,89.68,10.32,65.07936508,34.92063492,0,199,16160,,98440,9703
n,44.732,-110.0939,2407.9,2000,gr,2,6,199,116.343,88.89,11.11,79.25925926,20.74074074,0,199,16160,,98440,9703
n,44.732,-110.0939,2407.9,2000,gr,2,7,199,119.7902,85.61,14.39,85.61151079,14.38848921,0,199,16160,,98440,9703
n,44.732,-110.0939,2407.9,2000,gr,2,8,199,131.8554,77.12,22.88,80.39215686,19.60784314,0,199,16160,,98440,9703
n,44.732,-110.0939,2407.9,2000,gr,2,9,199,166.3274,84.46,15.54,94.81865285,5.18134715,0,199,16160,,98440,9703
n,44.732,-110.0939,2407.9,2000,gr,2,10,199,145.6442,81.66,18.34,89.9408284,10.0591716,0,199,16160,,98440,9703
n,44.732,-110.0939,2407.9,2000,gr,2,11,199,186.1488,84.72,15.28,91.2037037,8.796296296,0,199,16160,,98440,9703
n,44.732,-110.0939,2407.9,2000,gr,2,12,199,133.579,93.55,6.45,80.64516129,19.35483871,0,199,16160,,98440,9703
n,44.732,-110.0939,2407.9,2000,gr,3,1,227,203.3848,45.76,54.24,94.91525424,5.084745763,0,227,12479,,98440,9703
n,44.732,-110.0939,2407.9,2000,gr,3,2,227,133.579,50.97,49.03,87.09677419,12.90322581,0,227,12479,,98440,9703
n,44.732,-110.0939,2407.9,2000,gr,3,3,227,124.961,51.03,48.97,86.20689655,13.79310345,0,227,12479,,98440,9703
n,44.732,-110.0939,2407.9,2000,gr,3,4,227,131.8554,50.33,49.67,94.11764706,5.882352941,0,227,12479,,98440,9703
n,44.732,-110.0939,2407.9,2000,gr,3,5,227,115.4812,70.15,29.85,90.29850746,9.701492537,0,227,12479,,98440,9703
n,44.732,-110.0939,2407.9,2000,gr,3,6,227,88.7654,61.17,38.83,87.37864078,12.62135922,0,227,12479,,98440,9703
n,44.732,-110.0939,2407.9,2000,gr,3,7,227,106.8632,56.45,43.55,92.74193548,7.258064516,0,227,12479,,98440,9703
n,44.732,-110.0939,2407.9,2000,gr,3,8,227,93.9362,55.96,44.04,78.89908257,21.10091743,0,227,12479,,98440,9703
n,44.732,-110.0939,2407.9,2000,gr,3,9,227,123.2374,55.94,44.06,93.70629371,6.293706294,0,227,12479,,98440,9703
n,44.732,-110.0939,2407.9,2000,gr,3,10,227,101.6924,50,50,85.59322034,14.40677966,0,227,12479,,98440,9703
n,44.732,-110.0939,2407.9,2000,gr,3,11,227,106.8632,62.1,37.9,81.4516129,18.5483871,0,227,12479,,98440,9703
n,44.732,-110.0939,2407.9,2000,gr,3,12,227,183.5634,43.66,56.34,91.54929577,8.450704225,0,227,12479,,98440,9703
n,44.732,-110.0939,2407.9,2000,gr,4,1,254,124.961,35.17,64.83,87.5862069,12.4137931,0,254,9534,,98440,9703
n,44.732,-110.0939,2407.9,2000,gr,4,2,254,122.3756,21.13,78.87,93.66197183,6.338028169,0,254,9534,,98440,9703
n,44.732,-110.0939,2407.9,2000,gr,4,3,254,150.815,22.29,77.71,97.71428571,2.285714286,0,254,9534,,98440,9703
n,44.732,-110.0939,2407.9,2000,gr,4,4,254,128.4082,19.46,80.54,96.6442953,3.355704698,0,254,9534,,98440,9703
n,44.732,-110.0939,2407.9,2000,gr,4,5,254,106.8632,54.84,45.16,87.09677419,12.90322581,0,254,9534,,98440,9703
n,44.732,-110.0939,2407.9,2000,gr,4,6,254,104.2778,52.89,47.11,80.99173554,19.00826446,0,254,9534,,98440,9703
n,44.732,-110.0939,2407.9,2000,gr,4,7,254,99.107,29.57,70.43,92.17391304,7.826086957,0,254,9534,,98440,9703
n,44.732,-110.0939,2407.9,2000,gr,4,8,254,102.5542,30.25,69.75,90.75630252,9.243697479,0,254,9534,,98440,9703
n,44.732,-110.0939,2407.9,2000,gr,4,9,254,118.0666,37.23,62.77,92.70072993,7.299270073,0,254,9534,,98440,9703
n,44.732,-110.0939,2407.9,2000,gr,4,10,254,100.8306,38.46,61.54,94.01709402,5.982905983,0,254,9534,,98440,9703
n,44.732,-110.0939,2407.9,2000,gr,4,11,254,90.489,44.76,55.24,77.14285714,22.85714286,0,254,9534,,98440,9703
n,44.732,-110.0939,2407.9,2000,gr,4,12,254,102.5542,37.82,62.18,94.95798319,5.042016807,0,254,9534,,98440,9703
n,44.732,-110.0939,2407.9,2000,gr,5,1,297,134.4408,7.69,92.31,92.30769231,7.692307692,0,297,6896,,98440,9703
n,44.732,-110.0939,2407.9,2000,gr,5,2,297,102.5542,17.65,82.35,89.07563025,10.92436975,0,297,6896,,98440,9703
n,44.732,-110.0939,2407.9,2000,gr,5,3,297,112.8958,6.87,93.13,100,0,0,297,6896,,98440,9703
n,44.732,-110.0939,2407.9,2000,gr,5,4,297,122.3756,7.04,92.96,97.88732394,2.112676056,0,297,6896,,98440,9703
n,44.732,-110.0939,2407.9,2000,gr,5,5,297,114.6194,9.02,90.98,97.7443609,2.255639098,0,297,6896,,98440,9703
n,44.732,-110.0939,2407.9,2000,gr,5,6,297,122.3756,11.27,88.73,99.29577465,0.704225352,0,297,6896,,98440,9703
n,44.732,-110.0939,2407.9,2000,gr,5,7,297,136.1644,3.8,96.2,94.93670886,5.063291139,0,297,6896,,98440,9703
n,44.732,-110.0939,2407.9,2000,gr,5,8,297,99.107,4.35,95.65,86.08695652,13.91304348,0,297,6896,,98440,9703
n,44.732,-110.0939,2407.9,2000,gr,5,9,297,147.3678,6.43,93.57,86.5497076,13.4502924,0,297,6896,,98440,9703
n,44.732,-110.0939,2407.9,2000,gr,5,10,297,124.961,2.07,97.93,86.89655172,13.10344828,0,297,6896,,98440,9703
n,44.732,-110.0939,2407.9,2000,gr,5,11,297,96.5216,0,100,83.92857143,16.07142857,0,297,6896,,98440,9703
n,44.732,-110.0939,2407.9,2000,gr,5,12,297,124.961,10.34,89.66,87.5862069,12.4137931,0,297,6896,,98440,9703
n,44.732,-110.0939,2407.9,2001,gr,1,1,158,75.8384,96.59,3.41,78.40909091,21.59090909,0,158,25200,,98440,9703
n,44.732,-110.0939,2407.9,2001,gr,1,2,158,79.2856,97.83,2.17,69.56521739,30.43478261,0,158,25200,,98440,9703
n,44.732,-110.0939,2407.9,2001,gr,1,3,158,89.6272,97.12,2.88,74.03846154,25.96153846,0,158,25200,,98440,9703
n,44.732,-110.0939,2407.9,2001,gr,1,4,158,112.034,93.85,6.15,70.76923077,29.23076923,0,158,25200,,98440,9703
n,44.732,-110.0939,2407.9,2001,gr,1,5,158,51.708,95,5,83.33333333,16.66666667,0,158,25200,,98440,9703
n,44.732,-110.0939,2407.9,2001,gr,1,6,158,71.5294,96.39,3.61,89.15662651,10.84337349,0,158,25200,,98440,9703
n,44.732,-110.0939,2407.9,2001,gr,1,7,158,103.416,95,5,60.83333333,39.16666667,0,158,25200,,98440,9703
n,44.732,-110.0939,2407.9,2001,gr,1,8,158,92.2126,90.65,9.35,74.76635514,25.23364486,0,158,25200,,98440,9703
n,44.732,-110.0939,2407.9,2001,gr,1,9,158,143.0588,99.4,0.6,75.90361446,24.09638554,0,158,25200,,98440,9703
n,44.732,-110.0939,2407.9,2001,gr,1,10,158,138.7498,97.52,2.48,57.14285714,42.85714286,0,158,25200,,98440,9703
n,44.732,-110.0939,2407.9,2001,gr,1,11,158,113.7576,92.42,7.58,87.12121212,12.87878788,0,158,25200,,98440,9703
n,44.732,-110.0939,2407.9,2001,gr,1,12,158,122.3756,97.89,2.11,60.56338028,39.43661972,0,158,25200,,98440,9703
n,44.732,-110.0939,2407.9,2001,gr,2,1,190,141.3352,89.63,10.37,77.43902439,22.56097561,0,190,20817,,98440,9703
n,44.732,-110.0939,2407.9,2001,gr,2,2,190,161.1566,90.91,9.09,80.21390374,19.78609626,0,190,20817,,98440,9703
n,44.732,-110.0939,2407.9,2001,gr,2,3,190,185.287,91.16,8.84,65.58139535,34.41860465,0,190,20817,,98440,9703
n,44.732,-110.0939,2407.9,2001,gr,2,4,190,138.7498,98.14,1.86,69.56521739,30.43478261,0,190,20817,,98440,9703
n,44.732,-110.0939,2407.9,2001,gr,2,5,190,106.8632,95.16,4.84,60.48387097,39.51612903,0,190,20817,,98440,9703
n,44.732,-110.0939,2407.9,2001,gr,2,6,190,131.8554,95.42,4.58,71.24183007,28.75816993,0,190,20817,,98440,9703
n,44.732,-110.0939,2407.9,2001,gr,2,7,190,154.2622,78.21,21.79,81.00558659,18.99441341,0,190,20817,,98440,9703
n,44.732,-110.0939,2407.9,2001,gr,2,8,190,166.3274,84.97,15.03,77.72020725,22.27979275,0,190,20817,,98440,9703
n,44.732,-110.0939,2407.9,2001,gr,2,9,190,182.7016,96.23,3.77,53.30188679,46.69811321,0,190,20817,,98440,9703
n,44.732,-110.0939,2407.9,2001,gr,2,10,190,185.287,98.6,1.4,46.51162791,53.48837209,0,190,20817,,98440,9703
n,44.732,-110.0939,2407.9,2001,gr,2,11,190,211.141,92.24,7.76,71.02040816,28.97959184,0,190,20817,,98440,9703
n,44.732,-110.0939,2407.9,2001,gr,2,12,190,213.7264,96.77,3.23,72.58064516,27.41935484,0,190,20817,,98440,9703
n,44.732,-110.0939,2407.9,2001,gr,3,1,220,156.8476,62.64,37.36,,,,220,12960,,98440,9703
n,44.732,-110.0939,2407.9,2001,gr,3,2,220,121.5138,44.68,55.32,,,,220,12960,,98440,9703
n,44.732,-110.0939,2407.9,2001,gr,3,3,220,159.433,48.65,51.35,,,,220,12960,,98440,9703
n,44.732,-110.0939,2407.9,2001,gr,3,4,220,124.0992,42.36,57.64,,,,220,12960,,98440,9703
n,44.732,-110.0939,2407.9,2001,gr,3,5,220,128.4082,44.3,55.7,,,,220,12960,,98440,9703
n,44.732,-110.0939,2407.9,2001,gr,3,6,220,131.8554,43.79,56.21,,,,220,12960,,98440,9703
n,44.732,-110.0939,2407.9,2001,gr,3,7,220,109.4486,57.48,42.52,,,,220,12960,,98440,9703
n,44.732,-110.0939,2407.9,2001,gr,3,8,220,136.1644,54.43,45.57,,,,220,12960,,98440,9703
n,44.732,-110.0939,2407.9,2001,gr,3,9,220,168.9128,53.06,46.94,,,,220,12960,,98440,9703
n,44.732,-110.0939,2407.9,2001,gr,3,10,220,151.6768,46.59,53.41,,,,220,12960,,98440,9703
n,44.732,-110.0939,2407.9,2001,gr,3,11,220,130.9936,50.66,49.34,,,,220,12960,,98440,9703
n,44.732,-110.0939,2407.9,2001,gr,3,12,220,111.1722,48.84,51.16,,,,220,12960,,98440,9703
n,44.732,-110.0939,2407.9,2001,gr,4,1,248,323.175,31.2,68.8,,,,248,10712,,98440,9703
n,44.732,-110.0939,2407.9,2001,gr,4,2,248,234.4096,28.68,71.32,,,,248,10712,,98440,9703
n,44.732,-110.0939,2407.9,2001,gr,4,3,248,141.3352,14.63,85.37,,,,248,10712,,98440,9703
n,44.732,-110.0939,2407.9,2001,gr,4,4,248,111.1722,21.71,78.29,,,,248,10712,,98440,9703
n,44.732,-110.0939,2407.9,2001,gr,4,5,248,176.669,25.37,74.63,,,,248,10712,,98440,9703
n,44.732,-110.0939,2407.9,2001,gr,4,6,248,215.45,25.2,74.8,,,,248,10712,,98440,9703
n,44.732,-110.0939,2407.9,2001,gr,4,7,248,88.7654,26.21,73.79,,,,248,10712,,98440,9703
n,44.732,-110.0939,2407.9,2001,gr,4,8,248,93.9362,16.51,83.49,,,,248,10712,,98440,9703
n,44.732,-110.0939,2407.9,2001,gr,4,9,248,130.1318,32.45,67.55,,,,248,10712,,98440,9703
n,44.732,-110.0939,2407.9,2001,gr,4,10,248,112.034,24.62,75.38,,,,248,10712,,98440,9703
n,44.732,-110.0939,2407.9,2001,gr,4,11,248,150.815,22.29,77.71,,,,248,10712,,98440,9703
n,44.732,-110.0939,2407.9,2001,gr,4,12,248,158.5712,25,75,,,,248,10712,,98440,9703
pereg,44.91,-110.36,1912.6,2012,gr,1,1,130,114.47664,100,0,88.23529412,11.76470588,0,,,,56300,4990
pereg,44.91,-110.36,1912.6,2012,gr,1,2,130,121.21056,98.61,1.39,87.5,12.5,0,,,,56300,4990
pereg,44.91,-110.36,1912.6,2012,gr,1,3,130,116.16012,94.2,5.8,92.75362319,7.246376812,0,,,,56300,4990
pereg,44.91,-110.36,1912.6,2012,gr,1,4,130,121.21056,97.22,2.78,83.33333333,16.66666667,0,,,,56300,4990
pereg,44.91,-110.36,1912.6,2012,gr,1,5,130,149.82972,89.89,10.11,85.39325843,14.60674157,0,,,,56300,4990
pereg,44.91,-110.36,1912.6,2012,gr,1,6,130,138.04536,89.02,10.98,76.82926829,23.17073171,0,,,,56300,4990
pereg,44.91,-110.36,1912.6,2012,gr,1,7,130,94.27488,91.07,8.93,71.42857143,25,3.448275862,,,,56300,4990
pereg,44.91,-110.36,1912.6,2012,gr,1,8,130,84.174,94,6,62,38,0,,,,56300,4990
pereg,44.91,-110.36,1912.6,2012,gr,1,9,130,97.64184,96.55,3.45,70.68965517,29.31034483,0,,,,56300,4990
pereg,44.91,-110.36,1912.6,2012,gr,1,10,130,77.44008,93.48,6.52,65.2173913,34.7826087,0,,,,56300,4990
pereg,44.91,-110.36,1912.6,2012,gr,2,1,176,286.1916,55.29,44.71,81.17647059,18.82352941,0,,,,56300,4990
pereg,44.91,-110.36,1912.6,2012,gr,2,2,176,203.70108,52.89,47.11,89.25619835,10.74380165,0,,,,56300,4990
pereg,44.91,-110.36,1912.6,2012,gr,2,3,176,129.62796,75.32,24.68,80.51948052,19.48051948,0,,,,56300,4990
pereg,44.91,-110.36,1912.6,2012,gr,2,4,176,159.9306,67.37,32.63,68.42105263,31.57894737,0,,,,56300,4990
pereg,44.91,-110.36,1912.6,2012,gr,3,1,204,180.13236,77.57,22.43,73.8317757,26.1682243,0,,,,56300,4990
pereg,44.91,-110.36,1912.6,2012,gr,3,2,204,200.33412,52.1,47.9,89.07563025,10.92436975,0,,,,56300,4990
pereg,44.91,-110.36,1912.6,2012,gr,3,3,204,190.23324,50.44,49.56,94.69026549,5.309734513,0,,,,56300,4990
pereg,44.91,-110.36,1912.6,2012,gr,3,4,204,164.98104,56.12,43.88,90.81632653,9.183673469,0,,,,56300,4990
pereg,44.91,-110.36,1912.6,2012,gr,3,5,204,161.61408,51.04,48.96,85.41666667,14.58333333,0,,,,56300,4990
pereg,44.91,-110.36,1912.6,2012,gr,3,6,204,175.08192,48.08,51.92,88.46153846,11.53846154,0,,,,56300,4990
pereg,44.91,-110.36,1912.6,2012,gr,3,7,204,134.6784,48.75,51.25,83.75,16.25,0,,,,56300,4990
pereg,44.91,-110.36,1912.6,2012,gr,3,8,204,121.21056,52.78,47.22,72.22222222,27.77777778,0,,,,56300,4990
pereg,44.91,-110.36,1912.6,2012,gr,3,9,204,85.85748,56.86,43.14,56.8627451,43.1372549,0,,,,56300,4990
pereg,44.91,-110.36,1912.6,2012,gr,3,10,204,126.261,36,64,86.66666667,13.33333333,0,,,,56300,4990
pereg,44.91,-110.36,1912.6,2012,gr,4,1,232,143.0958,11.76,88.24,89.41176471,10.58823529,0,,,,56300,4990
pereg,44.91,-110.36,1912.6,2012,gr,4,2,232,180.13236,10.28,89.72,93.45794393,6.542056075,0,,,,56300,4990
pereg,44.91,-110.36,1912.6,2012,gr,4,3,232,260.9394,16.77,83.23,94.19354839,4.516129032,1.27388535,,,,56300,4990
pereg,44.91,-110.36,1912.6,2012,gr,4,4,232,198.65064,19.49,80.51,87.28813559,12.71186441,0,,,,56300,4990
pereg,44.91,-110.36,1912.6,2012,gr,4,5,232,198.65064,31.36,68.64,72.03389831,12.71186441,13.23529412,,,,56300,4990
pereg,44.91,-110.36,1912.6,2012,gr,4,6,232,202.0176,5,95,95,4.166666667,0.826446281,,,,56300,4990
pereg,44.91,-110.36,1912.6,2012,gr,4,7,232,132.99492,10.13,89.87,87.34177215,12.65822785,0,,,,56300,4990
pereg,44.91,-110.36,1912.6,2012,gr,4,8,232,132.99492,12.66,87.34,81.01265823,16.4556962,2.469135802,,,,56300,4990
pereg,44.91,-110.36,1912.6,2012,gr,4,9,232,94.27488,25,75,80.35714286,19.64285714,0,,,,56300,4990
pereg,44.91,-110.36,1912.6,2012,gr,4,10,232,70.70616,9.52,90.48,78.57142857,21.42857143,0,,,,56300,4990
pereg,44.91,-110.36,1912.6,2012,gr,5,1,260,154.88016,16.3,83.7,80.43478261,19.56521739,0,,,,56300,4990
pereg,44.91,-110.36,1912.6,2012,gr,5,2,260,117.8436,10,90,90,10,0,,,,56300,4990
pereg,44.91,-110.36,1912.6,2012,gr,5,3,260,234.00372,15.11,84.89,87.05035971,12.94964029,0,,,,56300,4990
pereg,44.91,-110.36,1912.6,2012,gr,5,4,260,173.39844,10.68,89.32,95.14563107,4.854368932,0,,,,56300,4990
pereg,44.91,-110.36,1912.6,2012,gr,5,5,260,180.13236,3.74,96.26,93.45794393,6.542056075,0,,,,56300,4990
pereg,44.91,-110.36,1912.6,2012,gr,5,6,260,144.77928,8.14,91.86,89.53488372,10.46511628,0,,,,56300,4990
pereg,44.91,-110.36,1912.6,2012,gr,5,7,260,77.44008,8.7,91.3,73.91304348,26.08695652,0,,,,56300,4990
pereg,44.91,-110.36,1912.6,2012,gr,5,8,260,180.13236,5.61,94.39,79.43925234,20.56074766,0,,,,56300,4990
pereg,44.91,-110.36,1912.6,2012,gr,5,9,260,114.47664,8.82,91.18,80.88235294,19.11764706,0,,,,56300,4990
pereg,44.91,-110.36,1912.6,2012,gr,5,10,260,95.95836,3.51,96.49,77.19298246,22.80701754,0,,,,56300,4990
pereg,44.91,-110.36,1912.6,2013,gr,1,1,126,75.7566,93.33,6.67,71.11111111,28.88888889,0,126,29900,3043,56300,4990
pereg,44.91,-110.36,1912.6,2013,gr,1,2,126,97.64184,84.48,15.52,82.75862069,17.24137931,0,126,29900,3043,56300,4990
pereg,44.91,-110.36,1912.6,2013,gr,1,3,126,114.47664,66.18,33.82,86.76470588,13.23529412,0,126,29900,3043,56300,4990
pereg,44.91,-110.36,1912.6,2013,gr,1,4,126,107.74272,85.94,14.06,82.8125,17.1875,0,126,29900,3043,56300,4990
pereg,44.91,-110.36,1912.6,2013,gr,1,5,126,215.48544,57.81,42.19,93.75,6.25,0,126,29900,3043,56300,4990
pereg,44.91,-110.36,1912.6,2013,gr,1,6,126,151.5132,73.33,26.67,64.44444444,35.55555556,0,126,29900,3043,56300,4990
pereg,44.91,-110.36,1912.6,2013,gr,1,7,126,171.71496,64.71,35.29,89.21568627,10.78431373,0,126,29900,3043,56300,4990
pereg,44.91,-110.36,1912.6,2013,gr,1,8,126,127.94448,73.68,26.32,84.21052632,15.78947368,0,126,29900,3043,56300,4990
pereg,44.91,-110.36,1912.6,2013,gr,1,9,126,69.02268,70.73,29.27,78.04878049,21.95121951,0,126,29900,3043,56300,4990
pereg,44.91,-110.36,1912.6,2013,gr,1,10,126,111.10968,84.85,15.15,75.75757576,24.24242424,0,126,29900,3043,56300,4990
pereg,44.91,-110.36,1912.6,2013,gr,2,1,156,153.19668,92.31,7.69,63.73626374,36.26373626,0,156,23800,3509,56300,4990
pereg,44.91,-110.36,1912.6,2013,gr,2,2,156,114.47664,89.71,10.29,95.58823529,4.411764706,0,156,23800,3509,56300,4990
pereg,44.91,-110.36,1912.6,2013,gr,2,3,156,126.261,92,8,68,32,0,156,23800,3509,56300,4990
pereg,44.91,-110.36,1912.6,2013,gr,2,4,156,217.16892,96.12,3.88,82.94573643,17.05426357,0,156,23800,3509,56300,4990
pereg,44.91,-110.36,1912.6,2013,gr,2,5,156,171.71496,94.12,5.88,72.54901961,27.45098039,0,156,23800,3509,56300,4990
pereg,44.91,-110.36,1912.6,2013,gr,2,6,156,188.54976,100,0,75,25,0,156,23800,3509,56300,4990
pereg,44.91,-110.36,1912.6,2013,gr,2,7,156,154.88016,94.57,5.43,89.13043478,10.86956522,0,156,23800,3509,56300,4990
pereg,44.91,-110.36,1912.6,2013,gr,2,8,156,161.61408,93.75,6.25,83.33333333,16.66666667,0,156,23800,3509,56300,4990
pereg,44.91,-110.36,1912.6,2013,gr,2,9,156,168.348,94,6,72,28,0,156,23800,3509,56300,4990
pereg,44.91,-110.36,1912.6,2013,gr,2,10,156,122.89404,94.52,5.48,83.56164384,16.43835616,0,156,23800,3509,56300,4990
pereg,44.91,-110.36,1912.6,2013,gr,3,1,183,69.02268,51.22,48.78,60.97560976,39.02439024,0,183,22300,2997,56300,4990
pereg,44.91,-110.36,1912.6,2013,gr,3,2,183,70.70616,45.24,54.76,71.42857143,28.57142857,0,183,22300,2997,56300,4990
pereg,44.91,-110.36,1912.6,2013,gr,3,3,183,144.77928,40.7,59.3,88.37209302,11.62790698,0,183,22300,2997,56300,4990
pereg,44.91,-110.36,1912.6,2013,gr,3,4,183,143.0958,62.35,37.65,85.88235294,14.11764706,0,183,22300,2997,56300,4990
pereg,44.91,-110.36,1912.6,2013,gr,3,5,183,136.36188,43.21,56.79,83.95061728,16.04938272,0,183,22300,2997,56300,4990
pereg,44.91,-110.36,1912.6,2013,gr,3,6,183,146.46276,40.23,59.77,82.75862069,17.24137931,0,183,22300,2997,56300,4990
pereg,44.91,-110.36,1912.6,2013,gr,3,7,183,106.05924,73.02,26.98,68.25396825,31.74603175,0,183,22300,2997,56300,4990
pereg,44.91,-110.36,1912.6,2013,gr,3,8,183,53.87136,59.38,40.63,78.125,21.875,0,183,22300,2997,56300,4990
pereg,44.91,-110.36,1912.6,2013,gr,3,9,183,75.7566,42.22,57.78,82.22222222,17.77777778,0,183,22300,2997,56300,4990
pereg,44.91,-110.36,1912.6,2013,gr,3,10,183,85.85748,37.25,62.75,72.54901961,23.52941176,3.773584906,183,22300,2997,56300,4990
pereg,44.91,-110.36,1912.6,2013,gr,4,1,213,47.13744,35.71,64.29,82.14285714,17.85714286,0,213,19800,2145,56300,4990
pereg,44.91,-110.36,1912.6,2013,gr,4,2,213,74.07312,47.73,52.27,63.63636364,36.36363636,0,213,19800,2145,56300,4990
pereg,44.91,-110.36,1912.6,2013,gr,4,3,213,67.3392,57.5,42.5,62.5,37.5,0,213,19800,2145,56300,4990
pereg,44.91,-110.36,1912.6,2013,gr,4,4,213,67.3392,45,55,62.5,37.5,0,213,19800,2145,56300,4990
pereg,44.91,-110.36,1912.6,2013,gr,4,5,213,124.57752,40.54,59.46,86.48648649,13.51351351,0,213,19800,2145,56300,4990
pereg,44.91,-110.36,1912.6,2013,gr,4,6,213,132.99492,29.11,70.89,92.40506329,7.594936709,0,213,19800,2145,56300,4990
pereg,44.91,-110.36,1912.6,2013,gr,4,7,213,136.36188,37.04,62.96,93.82716049,6.172839506,0,213,19800,2145,56300,4990
pereg,44.91,-110.36,1912.6,2013,gr,4,8,213,80.80704,33.33,66.67,87.5,12.5,0,213,19800,2145,56300,4990
pereg,44.91,-110.36,1912.6,2013,gr,4,9,213,52.18788,41.94,58.06,80.64516129,19.35483871,0,213,19800,2145,56300,4990
pereg,44.91,-110.36,1912.6,2013,gr,4,10,213,42.087,64,36,48,52,0,213,19800,2145,56300,4990
pereg,44.91,-110.36,1912.6,2013,gr,5,1,239,58.9218,40,60,68.57142857,31.42857143,0,239,18500,1969,56300,4990
pereg,44.91,-110.36,1912.6,2013,gr,5,2,239,70.70616,64.29,35.71,59.52380952,38.0952381,2.325581395,239,18500,1969,56300,4990
pereg,44.91,-110.36,1912.6,2013,gr,5,3,239,62.28876,21.62,78.38,83.78378378,16.21621622,0,239,18500,1969,56300,4990
pereg,44.91,-110.36,1912.6,2013,gr,5,4,239,82.49052,26.53,73.47,75.51020408,24.48979592,0,239,18500,1969,56300,4990
pereg,44.91,-110.36,1912.6,2013,gr,5,5,239,129.62796,35.06,64.94,74.02597403,25.97402597,0,239,18500,1969,56300,4990
pereg,44.91,-110.36,1912.6,2013,gr,5,6,239,94.27488,41.07,58.93,100,0,0,239,18500,1969,56300,4990
pereg,44.91,-110.36,1912.6,2013,gr,5,7,239,116.16012,20.29,79.71,94.20289855,5.797101449,0,239,18500,1969,56300,4990
pereg,44.91,-110.36,1912.6,2013,gr,5,8,239,85.85748,23.53,76.47,88.23529412,11.76470588,0,239,18500,1969,56300,4990
pereg,44.91,-110.36,1912.6,2013,gr,5,9,239,87.54096,32.69,67.31,78.84615385,21.15384615,0,239,18500,1969,56300,4990
pereg,44.91,-110.36,1912.6,2013,gr,5,10,239,37.03656,27.27,72.73,81.81818182,18.18181818,0,239,18500,1969,56300,4990
rbm,44.798,-110.0901,1912.6,1988,gr,1,1,181,80.80704,100,0,37.5,62.5,0,181,20162,2096,81200,6000
rbm,44.798,-110.0901,1912.6,1988,gr,1,2,181,141.41232,100,0,65.47619048,34.52380952,0,181,20162,2096,81200,6000
rbm,44.798,-110.0901,1912.6,1988,gr,1,3,181,99.32532,100,0,45.76271186,54.23728814,0,181,20162,2096,81200,6000
rbm,44.798,-110.0901,1912.6,1988,gr,1,4,181,170.03148,100,0,66.33663366,33.66336634,0,181,20162,2096,81200,6000
rbm,44.798,-110.0901,1912.6,1988,gr,1,5,181,75.33573,100,0,65.36312849,34.63687151,0,181,20162,2096,81200,6000
rbm,44.798,-110.0901,1912.6,1988,gr,1,6,181,127.10274,100,0,76.82119205,23.17880795,0,181,20162,2096,81200,6000
rbm,44.798,-110.0901,1912.6,1988,gr,1,7,181,85.01574,100,0,36.63366337,63.36633663,0,181,20162,2096,81200,6000
rbm,44.798,-110.0901,1912.6,1988,gr,1,8,181,127.94448,100,0,71.71052632,28.28947368,0,181,20162,2096,81200,6000
rbm,44.798,-110.0901,1912.6,1988,gr,1,9,181,81.64878,100,0,44.32989691,55.67010309,0,181,20162,2096,81200,6000
rbm,44.798,-110.0901,1912.6,1988,gr,1,10,181,155.7219,100,0,74.59459459,25.40540541,0,181,20162,2096,81200,6000
rbm,44.798,-110.0901,1912.6,1988,gr,1,11,181,100.16706,100,0,73.94957983,26.05042017,0,181,20162,2096,81200,6000
rbm,44.798,-110.0901,1912.6,1988,gr,1,12,181,149.82972,100,0,79.7752809,20.2247191,0,181,20162,2096,81200,6000
rbm,44.798,-110.0901,1912.6,1988,gr,2,1,215,90.90792,50.93,49.07,66.66666667,33.33333333,0,215,13906,1195,81200,6000
rbm,44.798,-110.0901,1912.6,1988,gr,2,2,215,69.02268,76.83,23.17,75.6097561,24.3902439,0,215,13906,1195,81200,6000
rbm,44.798,-110.0901,1912.6,1988,gr,2,3,215,74.91486,83.15,16.85,68.53932584,31.46067416,0,215,13906,1195,81200,6000
rbm,44.798,-110.0901,1912.6,1988,gr,2,4,215,104.37576,52.42,47.58,83.87096774,16.12903226,0,215,13906,1195,81200,6000
rbm,44.798,-110.0901,1912.6,1988,gr,2,5,215,94.27488,58.93,41.07,79.46428571,20.53571429,0,215,13906,1195,81200,6000
rbm,44.798,-110.0901,1912.6,1988,gr,2,6,215,77.44008,78.26,21.74,66.30434783,33.69565217,0,215,13906,1195,81200,6000
rbm,44.798,-110.0901,1912.6,1988,gr,2,7,215,85.85748,34.31,65.69,64.70588235,35.29411765,0,215,13906,1195,81200,6000
rbm,44.798,-110.0901,1912.6,1988,gr,2,8,215,58.08006,76.81,23.19,55.07246377,44.92753623,0,215,13906,1195,81200,6000
rbm,44.798,-110.0901,1912.6,1988,gr,2,9,215,74.91486,83.15,16.85,68.53932584,31.46067416,0,215,13906,1195,81200,6000
rbm,44.798,-110.0901,1912.6,1988,gr,2,10,215,80.80704,55.21,44.79,48.95833333,51.04166667,0,215,13906,1195,81200,6000
rbm,44.798,-110.0901,1912.6,1988,gr,2,11,215,98.48358,58.97,41.03,85.47008547,14.52991453,0,215,13906,1195,81200,6000
rbm,44.798,-110.0901,1912.6,1988,gr,2,12,215,107.74272,36.72,63.28,75,25,0,215,13906,1195,81200,6000
rbm,44.798,-110.0901,1912.6,1988,gr,3,1,242,40.40352,25,75,75,25,0,242,9887,906,81200,6000
rbm,44.798,-110.0901,1912.6,1988,gr,3,2,242,94.27488,19.64,80.36,70.53571429,29.46428571,0,242,9887,906,81200,6000
rbm,44.798,-110.0901,1912.6,1988,gr,3,3,242,62.28876,10.81,89.19,81.08108108,18.91891892,0,242,9887,906,81200,6000
rbm,44.798,-110.0901,1912.6,1988,gr,3,4,242,85.01574,14.85,85.15,75.24752475,24.75247525,0,242,9887,906,81200,6000
rbm,44.798,-110.0901,1912.6,1988,gr,3,5,242,66.49746,27.85,72.15,81.01265823,18.98734177,0,242,9887,906,81200,6000
rbm,44.798,-110.0901,1912.6,1988,gr,3,6,242,106.05924,10.32,89.68,77.77777778,22.22222222,0,242,9887,906,81200,6000
rbm,44.798,-110.0901,1912.6,1988,gr,3,7,242,80.80704,7.29,92.71,85.41666667,14.58333333,0,242,9887,906,81200,6000
rbm,44.798,-110.0901,1912.6,1988,gr,3,8,242,67.3392,41.25,58.75,72.5,27.5,0,242,9887,906,81200,6000
rbm,44.798,-110.0901,1912.6,1988,gr,3,9,242,62.28876,10.81,89.19,81.08108108,18.91891892,0,242,9887,906,81200,6000
rbm,44.798,-110.0901,1912.6,1988,gr,3,10,242,69.02268,18.29,81.71,68.29268293,31.70731707,0,242,9887,906,81200,6000
rbm,44.798,-110.0901,1912.6,1988,gr,3,11,242,99.32532,35.59,64.41,94.91525424,5.084745763,0,242,9887,906,81200,6000
rbm,44.798,-110.0901,1912.6,1988,gr,3,12,242,69.86442,24.1,75.9,78.31325301,21.68674699,0,242,9887,906,81200,6000
rbm,44.798,-110.0901,1912.6,1988,gr,4,1,278,44.61222,0,100,98.11320755,1.886792453,0,278,9309,686,81200,6000
rbm,44.798,-110.0901,1912.6,1988,gr,4,2,278,54.7131,7.69,92.31,70.76923077,29.23076923,0,278,9309,686,81200,6000
rbm,44.798,-110.0901,1912.6,1988,gr,4,3,278,42.92874,0,100,94.11764706,5.882352941,0,278,9309,686,81200,6000
rbm,44.798,-110.0901,1912.6,1988,gr,4,4,278,52.18788,1.61,98.39,77.41935484,22.58064516,0,278,9309,686,81200,6000
rbm,44.798,-110.0901,1912.6,1988,gr,4,5,278,45.45396,7.41,92.59,94.44444444,5.555555556,0,278,9309,686,81200,6000
rbm,44.798,-110.0901,1912.6,1988,gr,4,6,278,90.06618,0.93,99.07,83.17757009,16.82242991,0,278,9309,686,81200,6000
rbm,44.798,-110.0901,1912.6,1989,gr,1,1,178,75.7566,100,0,64.44444444,35.55555556,0,178,31114,,81178,6000
rbm,44.798,-110.0901,1912.6,1989,gr,1,2,178,65.65572,98.72,1.28,21.79487179,78.20512821,0,178,31114,,81178,6000
rbm,44.798,-110.0901,1912.6,1989,gr,1,3,178,91.74966,100,0,46.78899083,53.21100917,0,178,31114,,81178,6000
rbm,44.798,-110.0901,1912.6,1989,gr,1,4,178,79.12356,100,0,34.04255319,65.95744681,0,178,31114,,81178,6000
rbm,44.798,-110.0901,1912.6,1989,gr,1,5,178,79.12356,97.87,2.13,84.04255319,15.95744681,0,178,31114,,81178,6000
rbm,44.798,-110.0901,1912.6,1989,gr,1,6,178,102.69228,100,0,46.72131148,53.27868852,0,178,31114,,81178,6000
rbm,44.798,-110.0901,1912.6,1989,gr,1,7,178,98.48358,100,0,56.41025641,43.58974359,0,178,31114,,81178,6000
rbm,44.798,-110.0901,1912.6,1989,gr,1,8,178,79.9653,100,0,47.36842105,52.63157895,0,178,31114,,81178,6000
rbm,44.798,-110.0901,1912.6,1989,gr,1,9,178,99.32532,100,0,66.94915254,33.05084746,0,178,31114,,81178,6000
rbm,44.798,-110.0901,1912.6,1989,gr,1,10,178,92.5914,100,0,56.36363636,43.63636364,0,178,31114,,81178,6000
rbm,44.798,-110.0901,1912.6,1989,gr,1,11,178,103.53402,100,0,52.84552846,47.15447154,0,178,31114,,81178,6000
rbm,44.798,-110.0901,1912.6,1989,gr,1,12,178,77.44008,100,0,53.26086957,46.73913043,0,178,31114,,81178,6000
rbm,44.798,-110.0901,1912.6,1989,gr,2,1,206,48.82092,89.66,10.34,44.82758621,55.17241379,0,206,20863,,81178,6000
rbm,44.798,-110.0901,1912.6,1989,gr,2,2,206,95.11662,96.46,3.54,48.67256637,51.32743363,0,206,20863,,81178,6000
rbm,44.798,-110.0901,1912.6,1989,gr,2,3,206,77.44008,84.78,15.22,50,50,0,206,20863,,81178,6000
rbm,44.798,-110.0901,1912.6,1989,gr,2,4,206,74.07312,88.64,11.36,50,50,0,206,20863,,81178,6000
rbm,44.798,-110.0901,1912.6,1989,gr,2,5,206,47.97918,82.46,17.54,47.36842105,52.63157895,0,206,20863,,81178,6000
rbm,44.798,-110.0901,1912.6,1989,gr,2,6,206,77.44008,66.3,33.7,69.56521739,30.43478261,0,206,20863,,81178,6000
rbm,44.798,-110.0901,1912.6,1989,gr,2,7,206,62.28876,85.14,14.86,54.05405405,45.94594595,0,206,20863,,81178,6000
rbm,44.798,-110.0901,1912.6,1989,gr,2,8,206,70.70616,79.76,20.24,58.33333333,41.66666667,0,206,20863,,81178,6000
rbm,44.798,-110.0901,1912.6,1989,gr,2,9,206,62.28876,78.38,21.62,64.86486486,35.13513514,0,206,20863,,81178,6000
rbm,44.798,-110.0901,1912.6,1989,gr,2,10,206,62.28876,71.62,28.38,78.37837838,21.62162162,0,206,20863,,81178,6000
rbm,44.798,-110.0901,1912.6,1989,gr,2,11,206,62.28876,74.32,25.68,52.7027027,47.2972973,0,206,20863,,81178,6000
rbm,44.798,-110.0901,1912.6,1989,gr,2,12,206,80.80704,84.38,15.63,55.20833333,44.79166667,0,206,20863,,81178,6000
rbm,44.798,-110.0901,1912.6,1989,gr,3,1,234,54.7131,86.15,13.85,53.84615385,46.15384615,0,234,18456,,81178,6000
rbm,44.798,-110.0901,1912.6,1989,gr,3,2,234,42.087,82,18,60,40,0,234,18456,,81178,6000
rbm,44.798,-110.0901,1912.6,1989,gr,3,3,234,79.9653,89.47,10.53,69.47368421,30.52631579,0,234,18456,,81178,6000
rbm,44.798,-110.0901,1912.6,1989,gr,3,4,234,58.08006,79.71,20.29,63.76811594,36.23188406,0,234,18456,,81178,6000
rbm,44.798,-110.0901,1912.6,1989,gr,3,5,234,62.28876,82.43,17.57,44.59459459,55.40540541,0,234,18456,,81178,6000
rbm,44.798,-110.0901,1912.6,1989,gr,3,6,234,51.34614,75.41,24.59,72.13114754,27.86885246,0,234,18456,,81178,6000
rbm,44.798,-110.0901,1912.6,1989,gr,3,7,234,69.86442,71.08,28.92,81.92771084,18.07228916,0,234,18456,,81178,6000
rbm,44.798,-110.0901,1912.6,1989,gr,3,8,234,71.5479,78.82,21.18,51.76470588,48.23529412,0,234,18456,,81178,6000
rbm,44.798,-110.0901,1912.6,1989,gr,4,1,262,53.02962,46.03,53.97,85.71428571,14.28571429,0,262,12947,,81178,6000
rbm,44.798,-110.0901,1912.6,1989,gr,4,2,262,38.72004,39.13,60.87,47.82608696,52.17391304,0,262,12947,,81178,6000
rbm,44.798,-110.0901,1912.6,1989,gr,4,3,262,59.76354,42.25,57.75,63.38028169,36.61971831,0,262,12947,,81178,6000
rbm,44.798,-110.0901,1912.6,1989,gr,4,4,262,68.18094,43.21,56.79,76.54320988,23.45679012,0,262,12947,,81178,6000
rbm,44.798,-110.0901,1912.6,1989,gr,4,5,262,41.24526,12.24,87.76,83.67346939,16.32653061,0,262,12947,,81178,6000
rbm,44.798,-110.0901,1912.6,1989,gr,4,6,262,29.4609,25.71,74.29,57.14285714,42.85714286,0,262,12947,,81178,6000
rbm,44.798,-110.0901,1912.6,1989,gr,4,7,262,32.82786,30.77,69.23,94.87179487,5.128205128,0,262,12947,,81178,6000
rbm,44.798,-110.0901,1912.6,1989,gr,4,8,262,39.56178,27.66,72.34,63.82978723,36.17021277,0,262,12947,,81178,6000
rbm,44.798,-110.0901,1912.6,1989,gr,4,9,262,82.49052,38.78,61.22,84.69387755,15.30612245,0,262,12947,,81178,6000
rbm,44.798,-110.0901,1912.6,1989,gr,4,10,262,62.28876,51.35,48.65,64.86486486,35.13513514,0,262,12947,,81178,6000
rbm,44.798,-110.0901,1912.6,1989,gr,4,11,262,47.97918,19.3,80.7,77.19298246,22.80701754,0,262,12947,,81178,6000
rbm,44.798,-110.0901,1912.6,1989,gr,4,12,262,51.34614,11.48,88.52,78.68852459,21.31147541,0,262,12947,,81178,6000
sc,45.036,-110.7479,1603,1999,gr,1,1,124,33.728,100,0,83.78378378,16.21621622,0,124,34340,,29030.85,2571.55
sc,45.036,-110.7479,1603,1999,gr,1,2,124,48.484,100,0,100,0,0,124,34340,,29030.85,2571.55
sc,45.036,-110.7479,1603,1999,gr,1,3,124,27.404,96.15,3.85,96.2962963,3.703703704,0,124,34340,,29030.85,2571.55
sc,45.036,-110.7479,1603,1999,gr,1,4,124,35.836,100,0,94.44444444,5.555555556,0,124,34340,,29030.85,2571.55
sc,45.036,-110.7479,1603,1999,gr,1,5,124,22.134,100,0,55.17241379,44.82758621,0,124,34340,,29030.85,2571.55
sc,45.036,-110.7479,1603,1999,gr,1,6,124,27.404,92.31,7.69,81.25,18.75,0,124,34340,,29030.85,2571.55
sc,45.036,-110.7479,1603,1999,gr,1,7,124,20.026,94.74,5.26,100,0,0,124,34340,,29030.85,2571.55
sc,45.036,-110.7479,1603,1999,gr,1,8,124,25.296,87.5,12.5,96,4,0,124,34340,,29030.85,2571.55
sc,45.036,-110.7479,1603,1999,gr,1,9,124,16.864,93.75,6.25,73.68421053,26.31578947,0,124,34340,,29030.85,2571.55
sc,45.036,-110.7479,1603,1999,gr,1,10,124,28.458,100,0,68.42105263,31.57894737,0,124,34340,,29030.85,2571.55
sc,45.036,-110.7479,1603,1999,gr,1,11,124,26.35,100,0,96.15384615,3.846153846,0,124,34340,,29030.85,2571.55
sc,45.036,-110.7479,1603,1999,gr,1,12,124,21.08,100,0,63.33333333,36.66666667,0,124,34340,,29030.85,2571.55
sc,45.036,-110.7479,1603,1999,gr,2,1,146,22.134,100,0,71.42857143,28.57142857,0,146,32620,,29030.85,2571.55
sc,45.036,-110.7479,1603,1999,gr,2,2,146,38.998,97.3,2.7,100,0,0,146,32620,,29030.85,2571.55
sc,45.036,-110.7479,1603,1999,gr,2,3,146,27.404,84.62,15.38,80,20,0,146,32620,,29030.85,2571.55
sc,45.036,-110.7479,1603,1999,gr,2,4,146,53.754,94.12,5.88,84.21052632,15.78947368,0,146,32620,,29030.85,2571.55
sc,45.036,-110.7479,1603,1999,gr,2,5,146,68.51,100,0,100,0,0,146,32620,,29030.85,2571.55
sc,45.036,-110.7479,1603,1999,gr,2,6,146,41.106,100,0,0,100,0,146,32620,,29030.85,2571.55
sc,45.036,-110.7479,1603,1999,gr,2,7,146,21.08,85,15,100,0,0,146,32620,,29030.85,2571.55
sc,45.036,-110.7479,1603,1999,gr,2,8,146,27.404,84.62,15.38,100,0,0,146,32620,,29030.85,2571.55
sc,45.036,-110.7479,1603,1999,gr,2,9,146,50.592,89.58,10.42,80.95238095,19.04761905,0,146,32620,,29030.85,2571.55
sc,45.036,-110.7479,1603,1999,gr,2,10,146,48.484,100,0,77.77777778,22.22222222,0,146,32620,,29030.85,2571.55
sc,45.036,-110.7479,1603,1999,gr,2,11,146,65.348,95.16,4.84,85.71428571,14.28571429,0,146,32620,,29030.85,2571.55
sc,45.036,-110.7479,1603,1999,gr,2,12,146,59.024,98.21,1.79,100,0,0,146,32620,,29030.85,2571.55
sc,45.036,-110.7479,1603,1999,gr,3,1,181,204.476,92.27,7.73,100,0,0,181,16330,,29030.85,2571.55
sc,45.036,-110.7479,1603,1999,gr,3,2,181,128.588,71.31,28.69,100,0,0,181,16330,,29030.85,2571.55
sc,45.036,-110.7479,1603,1999,gr,3,3,181,115.94,90.91,9.09,100,0,0,181,16330,,29030.85,2571.55
sc,45.036,-110.7479,1603,1999,gr,3,4,181,121.21,92.17,7.83,97.39130435,2.608695652,0,181,16330,,29030.85,2571.55
sc,45.036,-110.7479,1603,1999,gr,3,5,181,111.724,86.79,13.21,98.11320755,1.886792453,0,181,16330,,29030.85,2571.55
sc,45.036,-110.7479,1603,1999,gr,3,6,181,271.932,90.31,9.69,85.65891473,14.34108527,0,181,16330,,29030.85,2571.55
sc,45.036,-110.7479,1603,1999,gr,3,7,181,83.266,97.47,2.53,98.73417722,1.265822785,0,181,16330,,29030.85,2571.55
sc,45.036,-110.7479,1603,1999,gr,3,8,181,99.076,96.81,3.19,98.93617021,1.063829787,0,181,16330,,29030.85,2571.55
sc,45.036,-110.7479,1603,1999,gr,3,9,181,91.698,94.25,5.75,88.50574713,11.49425287,0,181,16330,,29030.85,2571.55
sc,45.036,-110.7479,1603,1999,gr,3,10,181,72.726,95.65,4.35,98.55072464,1.449275362,0,181,16330,,29030.85,2571.55
sc,45.036,-110.7479,1603,1999,gr,3,11,181,94.86,96.67,3.33,96.66666667,3.333333333,0,181,16330,,29030.85,2571.55
sc,45.036,-110.7479,1603,1999,gr,3,12,181,95.914,95.6,4.4,97.8021978,2.197802198,0,181,16330,,29030.85,2571.55
sc,45.036,-110.7479,1603,1999,gr,4,1,214,75.888,41.67,58.33,100,0,0,214,8586,,29030.85,2571.55
sc,45.036,-110.7479,1603,1999,gr,4,2,214,112.778,12.15,87.85,99.06542056,0.934579439,0,214,8586,,29030.85,2571.55
sc,45.036,-110.7479,1603,1999,gr,4,3,214,109.616,35.58,64.42,99.03846154,0.961538462,0,214,8586,,29030.85,2571.55
sc,45.036,-110.7479,1603,1999,gr,4,4,214,94.86,37.78,62.22,100,0,0,214,8586,,29030.85,2571.55
sc,45.036,-110.7479,1603,1999,gr,4,5,214,105.4,43,57,100,0,0,214,8586,,29030.85,2571.55
sc,45.036,-110.7479,1603,1999,gr,4,6,214,108.562,42.72,57.28,97.08737864,2.912621359,0,214,8586,,29030.85,2571.55
sc,45.036,-110.7479,1603,1999,gr,4,7,214,95.914,18.68,81.32,94.50549451,5.494505495,0,214,8586,,29030.85,2571.55
sc,45.036,-110.7479,1603,1999,gr,4,8,214,98.022,23.66,76.34,100,0,0,214,8586,,29030.85,2571.55
sc,45.036,-110.7479,1603,1999,gr,4,9,214,72.726,23.19,76.81,89.85507246,10.14492754,0,214,8586,,29030.85,2571.55
sc,45.036,-110.7479,1603,1999,gr,4,10,214,59.024,19.64,80.36,85.71428571,14.28571429,0,214,8586,,29030.85,2571.55
sc,45.036,-110.7479,1603,1999,gr,4,11,214,83.266,17.72,82.28,97.46835443,2.53164557,0,214,8586,,29030.85,2571.55
sc,45.036,-110.7479,1603,1999,gr,4,12,214,105.4,40,60,86,14,0,214,8586,,29030.85,2571.55
sc,45.036,-110.7479,1603,1999,gr,5,1,242,34.782,42.42,57.58,100,0,0,242,8866,,29030.85,2571.55
sc,45.036,-110.7479,1603,1999,gr,5,2,242,55.862,26.42,73.58,100,0,0,242,8866,,29030.85,2571.55
sc,45.036,-110.7479,1603,1999,gr,5,3,242,80.104,35.53,64.47,100,0,0,242,8866,,29030.85,2571.55
sc,45.036,-110.7479,1603,1999,gr,5,4,242,86.428,21.95,78.05,100,0,0,242,8866,,29030.85,2571.55
sc,45.036,-110.7479,1603,1999,gr,5,5,242,37.944,16.67,83.33,100,0,0,242,8866,,29030.85,2571.55
sc,45.036,-110.7479,1603,1999,gr,5,6,242,59.024,23.21,76.79,100,0,0,242,8866,,29030.85,2571.55
sc,45.036,-110.7479,1603,1999,gr,5,7,242,52.7,24,76,98,2,0,242,8866,,29030.85,2571.55
sc,45.036,-110.7479,1603,1999,gr,5,8,242,75.888,45.83,54.17,98.61111111,1.388888889,0,242,8866,,29030.85,2571.55
sc,45.036,-110.7479,1603,1999,gr,5,9,242,67.456,57.81,42.19,93.75,6.25,0,242,8866,,29030.85,2571.55
sc,45.036,-110.7479,1603,1999,gr,5,10,242,62.186,44.07,55.93,96.61016949,3.389830508,0,242,8866,,29030.85,2571.55
sc,45.036,-110.7479,1603,1999,gr,5,11,242,47.43,37.78,62.22,100,0,0,242,8866,,29030.85,2571.55
sc,45.036,-110.7479,1603,1999,gr,5,12,242,47.43,33.33,66.67,100,0,0,242,8866,,29030.85,2571.55
sc,45.036,-110.7479,1603,2000,gr,1,1,123,20.026,84.21,15.79,100,0,0,123,31446,,29030,2570
sc,45.036,-110.7479,1603,2000,gr,1,2,123,25.296,70.83,29.17,100,0,0,123,31446,,29030,2570
sc,45.036,-110.7479,1603,2000,gr,1,3,123,34.782,93.94,6.06,96.96969697,3.03030303,0,123,31446,,29030,2570
sc,45.036,-110.7479,1603,2000,gr,1,4,123,21.08,90,10,90,10,0,123,31446,,29030,2570
sc,45.036,-110.7479,1603,2000,gr,1,5,123,23.188,100,0,100,0,0,123,31446,,29030,2570
sc,45.036,-110.7479,1603,2000,gr,1,6,123,28.458,77.78,22.22,92.59259259,7.407407407,0,123,31446,,29030,2570
sc,45.036,-110.7479,1603,2000,gr,1,7,123,8.432,100,0,62.5,37.5,0,123,31446,,29030,2570
sc,45.036,-110.7479,1603,2000,gr,1,8,123,9.486,88.89,11.11,77.77777778,22.22222222,0,123,31446,,29030,2570
sc,45.036,-110.7479,1603,2000,gr,1,9,123,22.134,85.71,14.29,66.66666667,33.33333333,0,123,31446,,29030,2570
sc,45.036,-110.7479,1603,2000,gr,1,10,123,17.918,100,0,82.35294118,17.64705882,0,123,31446,,29030,2570
sc,45.036,-110.7479,1603,2000,gr,1,11,123,20.026,100,0,100,0,0,123,31446,,29030,2570
sc,45.036,-110.7479,1603,2000,gr,1,12,123,28.458,100,0,100,0,0,123,31446,,29030,2570
sc,45.036,-110.7479,1603,2000,gr,2,1,151,37.944,94.44,5.56,100,0,0,151,24538,,29030,2570
sc,45.036,-110.7479,1603,2000,gr,2,2,151,27.404,96.15,3.85,100,0,0,151,24538,,29030,2570
sc,45.036,-110.7479,1603,2000,gr,2,3,151,61.132,100,0,91.37931034,8.620689655,0,151,24538,,29030,2570
sc,45.036,-110.7479,1603,2000,gr,2,4,151,76.942,100,0,97.26027397,2.739726027,0,151,24538,,29030,2570
sc,45.036,-110.7479,1603,2000,gr,2,5,151,34.782,96.97,3.03,87.87878788,12.12121212,0,151,24538,,29030,2570
sc,45.036,-110.7479,1603,2000,gr,2,6,151,49.538,93.62,6.38,100,0,0,151,24538,,29030,2570
sc,45.036,-110.7479,1603,2000,gr,2,7,151,35.836,94.12,5.88,91.17647059,8.823529412,0,151,24538,,29030,2570
sc,45.036,-110.7479,1603,2000,gr,2,8,151,63.24,98.33,1.67,88.33333333,11.66666667,0,151,24538,,29030,2570
sc,45.036,-110.7479,1603,2000,gr,2,9,151,67.456,100,0,85.9375,14.0625,0,151,24538,,29030,2570
sc,45.036,-110.7479,1603,2000,gr,2,10,151,66.402,96.83,3.17,95.23809524,4.761904762,0,151,24538,,29030,2570
sc,45.036,-110.7479,1603,2000,gr,2,11,151,83.266,100,0,83.5443038,16.4556962,0,151,24538,,29030,2570
sc,45.036,-110.7479,1603,2000,gr,2,12,151,63.24,96.67,3.33,86.66666667,13.33333333,0,151,24538,,29030,2570
sc,45.036,-110.7479,1603,2000,gr,3,1,179,29.512,53.57,46.43,100,0,0,179,16530,,29030,2570
sc,45.036,-110.7479,1603,2000,gr,3,2,179,44.268,57.14,42.86,90.47619048,9.523809524,0,179,16530,,29030,2570
sc,45.036,-110.7479,1603,2000,gr,3,3,179,42.16,72.5,27.5,100,0,0,179,16530,,29030,2570
sc,45.036,-110.7479,1603,2000,gr,3,4,179,63.24,66.67,33.33,100,0,0,179,16530,,29030,2570
sc,45.036,-110.7479,1603,2000,gr,3,5,179,47.43,35.56,64.44,100,0,0,179,16530,,29030,2570
sc,45.036,-110.7479,1603,2000,gr,3,6,179,43.214,78.05,21.95,100,0,0,179,16530,,29030,2570
sc,45.036,-110.7479,1603,2000,gr,3,7,179,38.998,35.14,64.86,91.89189189,8.108108108,0,179,16530,,29030,2570
sc,45.036,-110.7479,1603,2000,gr,3,8,179,22.134,42.86,57.14,95.23809524,4.761904762,0,179,16530,,29030,2570
sc,45.036,-110.7479,1603,2000,gr,3,9,179,74.834,57.75,42.25,87.32394366,12.67605634,0,179,16530,,29030,2570
sc,45.036,-110.7479,1603,2000,gr,3,10,179,63.24,51.67,48.33,96.66666667,3.333333333,0,179,16530,,29030,2570
sc,45.036,-110.7479,1603,2000,gr,3,11,179,30.566,62.07,37.93,100,0,0,179,16530,,29030,2570
sc,45.036,-110.7479,1603,2000,gr,3,12,179,45.322,60.47,39.53,100,0,0,179,16530,,29030,2570
sc,45.036,-110.7479,1603,2000,gr,4,1,205,24.242,0,100,100,0,0,205,8348,,29030,2570
sc,45.036,-110.7479,1603,2000,gr,4,2,205,14.756,0,100,100,0,0,205,8348,,29030,2570
sc,45.036,-110.7479,1603,2000,gr,4,3,205,20.026,0,100,94.73684211,5.263157895,0,205,8348,,29030,2570
sc,45.036,-110.7479,1603,2000,gr,4,4,205,16.864,0,100,100,0,0,205,8348,,29030,2570
sc,45.036,-110.7479,1603,2000,gr,4,5,205,20.026,0,100,42.10526316,57.89473684,0,205,8348,,29030,2570
sc,45.036,-110.7479,1603,2000,gr,4,6,205,20.026,0,100,100,0,0,205,8348,,29030,2570
sc,45.036,-110.7479,1603,2000,gr,4,7,205,9.486,0,100,100,0,0,205,8348,,29030,2570
sc,45.036,-110.7479,1603,2000,gr,4,8,205,15.81,0,100,73.33333333,26.66666667,0,205,8348,,29030,2570
sc,45.036,-110.7479,1603,2000,gr,4,9,205,23.188,0,100,81.81818182,18.18181818,0,205,8348,,29030,2570
sc,45.036,-110.7479,1603,2000,gr,4,10,205,23.188,0,100,100,0,0,205,8348,,29030,2570
sc,45.036,-110.7479,1603,2000,gr,4,11,205,14.756,0,100,100,0,0,205,8348,,29030,2570
sc,45.036,-110.7479,1603,2000,gr,4,12,205,14.756,0,100,78.57142857,21.42857143,0,205,8348,,29030,2570
sc,45.036,-110.7479,1603,2000,gr,5,1,236,12.648,0,100,100,0,0,236,8345,,29030,2570
sc,45.036,-110.7479,1603,2000,gr,5,2,236,7.378,0,100,100,0,0,236,8345,,29030,2570
sc,45.036,-110.7479,1603,2000,gr,5,3,236,18.972,0,100,100,0,0,236,8345,,29030,2570
sc,45.036,-110.7479,1603,2000,gr,5,4,236,16.864,0,100,93.75,6.25,0,236,8345,,29030,2570
sc,45.036,-110.7479,1603,2000,gr,5,5,236,12.648,0,100,100,0,0,236,8345,,29030,2570
sc,45.036,-110.7479,1603,2000,gr,5,6,236,11.594,0,100,90.90909091,9.090909091,0,236,8345,,29030,2570
sc,45.036,-110.7479,1603,2000,gr,5,7,236,3.162,0,100,66.66666667,33.33333333,0,236,8345,,29030,2570
sc,45.036,-110.7479,1603,2000,gr,5,8,236,13.702,0,100,100,0,0,236,8345,,29030,2570
sc,45.036,-110.7479,1603,2000,gr,5,9,236,8.432,25,75,75,25,0,236,8345,,29030,2570
sc,45.036,-110.7479,1603,2000,gr,5,10,236,10.54,0,100,90,10,0,236,8345,,29030,2570
sc,45.036,-110.7479,1603,2000,gr,5,11,236,6.324,0,100,100,0,0,236,8345,,29030,2570
sc,45.036,-110.7479,1603,2000,gr,5,12,236,23.188,4.55,95.45,100,0,0,236,8345,,29030,2570
sc,45.036,-110.7479,1603,2000,gr,6,1,267,10.54,0,100,100,0,0,267,10110,,29030,2570
sc,45.036,-110.7479,1603,2000,gr,6,2,267,4.216,0,100,100,0,0,267,10110,,29030,2570
sc,45.036,-110.7479,1603,2000,gr,6,3,267,9.486,0,100,100,0,0,267,10110,,29030,2570
sc,45.036,-110.7479,1603,2000,gr,6,4,267,8.432,0,100,100,0,0,267,10110,,29030,2570
sc,45.036,-110.7479,1603,2000,gr,6,5,267,7.378,0,100,100,0,0,267,10110,,29030,2570
sc,45.036,-110.7479,1603,2000,gr,6,6,267,9.486,0,100,100,0,0,267,10110,,29030,2570
sc,45.036,-110.7479,1603,2000,gr,6,7,267,6.324,0,100,100,0,0,267,10110,,29030,2570
sc,45.036,-110.7479,1603,2000,gr,6,8,267,11.594,0,100,100,0,0,267,10110,,29030,2570
sc,45.036,-110.7479,1603,2000,gr,6,9,267,11.594,18.18,81.82,81.81818182,18.18181818,0,267,10110,,29030,2570
sc,45.036,-110.7479,1603,2000,gr,6,10,267,9.486,33.33,66.67,66.66666667,33.33333333,0,267,10110,,29030,2570
sc,45.036,-110.7479,1603,2000,gr,6,11,267,12.648,8.33,91.67,91.66666667,8.333333333,0,267,10110,,29030,2570
sc,45.036,-110.7479,1603,2000,gr,6,12,267,10.54,10,90,80,20,0,267,10110,,29030,2570
sc,45.036,-110.7479,1603,2000,gr,7,1,300,7.378,42.86,57.14,100,0,0,300,10580,,29030,2570
sc,45.036,-110.7479,1603,2000,gr,7,2,300,10.54,0,100,100,0,0,300,10580,,29030,2570
sc,45.036,-110.7479,1603,2000,gr,7,3,300,11.594,9.09,90.91,100,0,0,300,10580,,29030,2570
sc,45.036,-110.7479,1603,2000,gr,7,4,300,6.324,0,100,100,0,0,300,10580,,29030,2570
sc,45.036,-110.7479,1603,2000,gr,7,5,300,12.648,8.33,91.67,100,0,0,300,10580,,29030,2570
sc,45.036,-110.7479,1603,2000,gr,7,6,300,7.378,0,100,100,0,0,300,10580,,29030,2570
sc,45.036,-110.7479,1603,2000,gr,7,7,300,7.378,0,100,100,0,0,300,10580,,29030,2570
sc,45.036,-110.7479,1603,2000,gr,7,8,300,10.54,0,100,100,0,0,300,10580,,29030,2570
sc,45.036,-110.7479,1603,2000,gr,7,9,300,2.108,50,50,50,50,0,300,10580,,29030,2570
sc,45.036,-110.7479,1603,2000,gr,7,10,300,10.54,0,100,100,0,0,300,10580,,29030,2570
sc,45.036,-110.7479,1603,2000,gr,7,11,300,1.054,0,100,100,0,0,300,10580,,29030,2570
sc,45.036,-110.7479,1603,2000,gr,7,12,300,8.432,0,100,100,0,0,300,10580,,29030,2570
sc,45.036,-110.7479,1603,2001,gr,1,1,138,16.864,81.25,18.75,43.75,56.25,0,138,49042,,29030,2570
sc,45.036,-110.7479,1603,2001,gr,1,2,138,29.512,67.86,32.14,96.42857143,3.571428571,0,138,49042,,29030,2570
sc,45.036,-110.7479,1603,2001,gr,1,3,138,10.54,100,0,20,80,0,138,49042,,29030,2570
sc,45.036,-110.7479,1603,2001,gr,1,4,138,25.296,79.17,20.83,58.33333333,41.66666667,0,138,49042,,29030,2570
sc,45.036,-110.7479,1603,2001,gr,1,5,138,29.512,82.14,17.86,78.57142857,21.42857143,0,138,49042,,29030,2570
sc,45.036,-110.7479,1603,2001,gr,1,6,138,31.62,96.67,3.33,66.66666667,33.33333333,0,138,49042,,29030,2570
sc,45.036,-110.7479,1603,2001,gr,1,7,138,11.594,63.64,36.36,81.81818182,18.18181818,0,138,49042,,29030,2570
sc,45.036,-110.7479,1603,2001,gr,1,8,138,21.08,45,55,95,5,0,138,49042,,29030,2570
sc,45.036,-110.7479,1603,2001,gr,1,9,138,9.486,88.89,11.11,11.11111111,88.88888889,0,138,49042,,29030,2570
sc,45.036,-110.7479,1603,2001,gr,1,10,138,18.972,61.11,38.89,44.44444444,55.55555556,0,138,49042,,29030,2570
sc,45.036,-110.7479,1603,2001,gr,1,11,138,23.188,68.18,31.82,95.45454545,4.545454545,0,138,49042,,29030,2570
sc,45.036,-110.7479,1603,2001,gr,1,12,138,48.484,86.96,13.04,100,0,0,138,49042,,29030,2570
sc,45.036,-110.7479,1603,2001,gr,2,1,163,9.486,33.33,66.67,66.66666667,33.33333333,0,163,38999,,29030,2570
sc,45.036,-110.7479,1603,2001,gr,2,2,163,15.81,20,80,100,0,0,163,38999,,29030,2570
sc,45.036,-110.7479,1603,2001,gr,2,3,163,17.918,88.24,11.76,0,100,0,163,38999,,29030,2570
sc,45.036,-110.7479,1603,2001,gr,2,4,163,11.594,72.73,27.27,18.18181818,81.81818182,0,163,38999,,29030,2570
sc,45.036,-110.7479,1603,2001,gr,2,5,163,3.162,100,0,33.33333333,66.66666667,0,163,38999,,29030,2570
sc,45.036,-110.7479,1603,2001,gr,2,6,163,7.378,71.43,28.57,14.28571429,85.71428571,0,163,38999,,29030,2570
sc,45.036,-110.7479,1603,2001,gr,2,7,163,2.108,100,0,0,100,0,163,38999,,29030,2570
sc,45.036,-110.7479,1603,2001,gr,2,8,163,2.108,100,0,0,100,0,163,38999,,29030,2570
sc,45.036,-110.7479,1603,2001,gr,2,9,163,0,,,,,,163,38999,,29030,2570
sc,45.036,-110.7479,1603,2001,gr,2,10,163,2.108,50,50,50,50,0,163,38999,,29030,2570
sc,45.036,-110.7479,1603,2001,gr,2,11,163,6.324,50,50,16.66666667,83.33333333,0,163,38999,,29030,2570
sc,45.036,-110.7479,1603,2001,gr,2,12,163,3.162,0,100,100,0,0,163,38999,,29030,2570
sc,45.036,-110.7479,1603,2001,gr,3,1,191,20.026,100,0,0,100,0,191,54390,,29030,2570
sc,45.036,-110.7479,1603,2001,gr,3,2,191,0,,,,,,191,54390,,29030,2570
sc,45.036,-110.7479,1603,2001,gr,3,3,191,9.486,77.78,22.22,0,100,0,191,54390,,29030,2570
sc,45.036,-110.7479,1603,2001,gr,3,4,191,0,,,,,,191,54390,,29030,2570
sc,45.036,-110.7479,1603,2001,gr,3,5,191,18.972,100,0,0,100,0,191,54390,,29030,2570
sc,45.036,-110.7479,1603,2001,gr,3,6,191,25.296,100,0,0,100,0,191,54390,,29030,2570
sc,45.036,-110.7479,1603,2001,gr,3,7,191,2.108,100,0,0,100,0,191,54390,,29030,2570
sc,45.036,-110.7479,1603,2001,gr,3,8,191,6.324,100,0,0,100,0,191,54390,,29030,2570
sc,45.036,-110.7479,1603,2001,gr,3,9,191,18.972,100,0,0,100,0,191,54390,,29030,2570
sc,45.036,-110.7479,1603,2001,gr,3,10,191,1.054,100,0,0,100,0,191,54390,,29030,2570
sc,45.036,-110.7479,1603,2001,gr,3,11,191,18.972,100,0,0,100,0,191,54390,,29030,2570
sc,45.036,-110.7479,1603,2001,gr,3,12,191,25.296,100,0,0,100,0,191,54390,,29030,2570
sc,45.036,-110.7479,1603,2001,gr,4,1,225,3.162,33.33,66.67,,,,225,28618,,29030,2570
sc,45.036,-110.7479,1603,2001,gr,4,2,225,2.108,50,50,,,,225,28618,,29030,2570
sc,45.036,-110.7479,1603,2001,gr,4,3,225,3.162,33.33,66.67,,,,225,28618,,29030,2570
sc,45.036,-110.7479,1603,2001,gr,4,4,225,3.162,100,0,,,,225,28618,,29030,2570
sc,45.036,-110.7479,1603,2001,gr,4,5,225,0,,,,,,225,28618,,29030,2570
sc,45.036,-110.7479,1603,2001,gr,4,6,225,2.108,0,100,,,,225,28618,,29030,2570
sc,45.036,-110.7479,1603,2001,gr,4,7,225,6.324,33.33,66.67,,,,225,28618,,29030,2570
sc,45.036,-110.7479,1603,2001,gr,4,8,225,3.162,0,100,,,,225,28618,,29030,2570
sc,45.036,-110.7479,1603,2001,gr,4,9,225,0,,,,,,225,28618,,29030,2570
sc,45.036,-110.7479,1603,2001,gr,4,10,225,7.378,14.29,85.71,,,,225,28618,,29030,2570
sc,45.036,-110.7479,1603,2001,gr,4,11,225,4.216,50,50,,,,225,28618,,29030,2570
sc,45.036,-110.7479,1603,2001,gr,4,12,225,1.054,0,100,,,,225,28618,,29030,2570
sc,45.036,-110.7479,1603,2001,gr,5,1,254,,,,,,,,,,29030,2570
sc,45.036,-110.7479,1603,2001,gr,6,1,276,,,,,,,,,,29030,2570
sr,44.906,-110.3872,1912.6,1999,gr,1,1,158,91.6082,94.17,5.83,97.08737864,2.912621359,0,158,26570,,55480,4420
sr,44.906,-110.3872,1912.6,1999,gr,1,2,158,90.7188,98.04,1.96,89.21568627,10.78431373,0,158,26570,,55480,4420
sr,44.906,-110.3872,1912.6,1999,gr,1,3,158,168.0966,99.47,0.53,86.77248677,13.22751323,0,158,26570,,55480,4420
sr,44.906,-110.3872,1912.6,1999,gr,1,4,158,122.7372,97.83,2.17,79.71014493,20.28985507,0,158,26570,,55480,4420
sr,44.906,-110.3872,1912.6,1999,gr,1,5,158,152.9768,96.51,3.49,87.79069767,12.20930233,0,158,26570,,55480,4420
sr,44.906,-110.3872,1912.6,1999,gr,1,6,158,168.0966,95.24,4.76,93.12169312,6.878306878,0,158,26570,,55480,4420
sr,44.906,-110.3872,1912.6,1999,gr,1,7,158,192.1104,100,0,79.62962963,20.37037037,0,158,26570,,55480,4420
sr,44.906,-110.3872,1912.6,1999,gr,1,8,158,177.88,99.5,0.5,80.5,19.5,0,158,26570,,55480,4420
sr,44.906,-110.3872,1912.6,1999,gr,1,9,158,281.0504,98.73,1.27,93.35443038,6.64556962,0,158,26570,,55480,4420
sr,44.906,-110.3872,1912.6,1999,gr,1,10,158,230.3546,99.23,0.77,81.85328185,18.14671815,0,158,26570,,55480,4420
sr,44.906,-110.3872,1912.6,1999,gr,1,11,158,243.6956,97.08,2.92,92.33576642,7.664233577,0,158,26570,,55480,4420
sr,44.906,-110.3872,1912.6,1999,gr,1,12,158,267.7094,98.01,1.99,92.35880399,7.641196013,0,158,26570,,55480,4420
sr,44.906,-110.3872,1912.6,1999,gr,2,1,198,261.4836,92.18,7.82,70.40816327,29.59183673,0,198,17890,,55480,4420
sr,44.906,-110.3872,1912.6,1999,gr,2,2,198,240.138,98.52,1.48,78.51851852,21.48148148,0,198,17890,,55480,4420
sr,44.906,-110.3872,1912.6,1999,gr,2,3,198,220.5712,94.35,5.65,97.58064516,2.419354839,0,198,17890,,55480,4420
sr,44.906,-110.3872,1912.6,1999,gr,2,4,198,289.9444,93.87,6.13,91.10429448,8.895705521,0,198,17890,,55480,4420
sr,44.906,-110.3872,1912.6,1999,gr,2,5,198,201.0044,95.58,4.42,64.60176991,35.39823009,0,198,17890,,55480,4420
sr,44.906,-110.3872,1912.6,1999,gr,2,6,198,264.1518,94.95,5.05,69.02356902,30.97643098,0,198,17890,,55480,4420
sr,44.906,-110.3872,1912.6,1999,gr,2,7,198,222.35,99.2,0.8,80.8,19.2,0,198,17890,,55480,4420
sr,44.906,-110.3872,1912.6,1999,gr,2,8,198,213.456,99.17,0.83,75.41666667,24.58333333,0,198,17890,,55480,4420
sr,44.906,-110.3872,1912.6,1999,gr,2,9,198,371.7692,95.22,4.78,77.51196172,22.48803828,0,198,17890,,55480,4420
sr,44.906,-110.3872,1912.6,1999,gr,2,10,198,345.0872,98.71,1.29,76.03092784,23.96907216,0,198,17890,,55480,4420
sr,44.906,-110.3872,1912.6,1999,gr,2,11,198,236.5804,95.86,4.14,93.98496241,6.015037594,0,198,17890,,55480,4420
sr,44.906,-110.3872,1912.6,1999,gr,2,12,198,186.774,97.14,2.86,98.0952381,1.904761905,0,198,17890,,55480,4420
sr,44.906,-110.3872,1912.6,1999,gr,3,1,223,271.267,68.2,31.8,99.01639344,0.983606557,0,223,15310,,55480,4420
sr,44.906,-110.3872,1912.6,1999,gr,3,2,223,276.6034,52.41,47.59,99.35691318,0.643086817,0,223,15310,,55480,4420
sr,44.906,-110.3872,1912.6,1999,gr,3,3,223,297.949,52.54,47.46,87.46268657,12.53731343,0,223,15310,,55480,4420
sr,44.906,-110.3872,1912.6,1999,gr,3,4,223,355.76,71,29,69.75,30.25,0,223,15310,,55480,4420
sr,44.906,-110.3872,1912.6,1999,gr,3,5,223,304.1748,69.01,30.99,89.18128655,10.81871345,0,223,15310,,55480,4420
sr,44.906,-110.3872,1912.6,1999,gr,3,6,223,330.8568,71.24,28.76,84.13978495,15.86021505,0,223,15310,,55480,4420
sr,44.906,-110.3872,1912.6,1999,gr,3,7,223,226.797,80.78,19.22,91.37254902,8.62745098,0,223,15310,,55480,4420
sr,44.906,-110.3872,1912.6,1999,gr,3,8,223,274.8246,78.64,21.36,80.25889968,19.74110032,0,223,15310,,55480,4420
sr,44.906,-110.3872,1912.6,1999,gr,3,9,223,310.4006,74.21,25.79,93.40974212,6.59025788,0,223,15310,,55480,4420
sr,44.906,-110.3872,1912.6,1999,gr,3,10,223,284.608,75.63,24.38,87.5,12.5,0,223,15310,,55480,4420
sr,44.906,-110.3872,1912.6,1999,gr,3,11,223,205.4514,75.76,24.24,90.90909091,9.090909091,0,223,15310,,55480,4420
sr,44.906,-110.3872,1912.6,1999,gr,3,12,223,190.3316,74.3,25.7,96.26168224,3.738317757,0,223,15310,,55480,4420
sr,44.906,-110.3872,1912.6,1999,gr,4,1,252,214.3454,65.15,34.85,100,0,0,252,11532,,68550,5720
sr,44.906,-110.3872,1912.6,1999,gr,4,2,252,171.6542,46.63,53.37,96.89119171,3.10880829,0,252,11532,,55480,4420
sr,44.906,-110.3872,1912.6,1999,gr,4,3,252,176.1012,72.22,27.78,93.93939394,6.060606061,0,252,11532,,55480,4420
sr,44.906,-110.3872,1912.6,1999,gr,4,4,252,190.3316,73.36,26.64,99.06542056,0.934579439,0,252,11532,,55480,4420
sr,44.906,-110.3872,1912.6,1999,gr,4,5,252,214.3454,81.33,18.67,89.21161826,10.78838174,0,252,11532,,55480,4420
sr,44.906,-110.3872,1912.6,1999,gr,4,6,252,207.2302,79.4,20.6,85.40772532,14.59227468,0,252,11532,,55480,4420
sr,44.906,-110.3872,1912.6,1999,gr,4,7,252,214.3454,68.88,31.12,98.34024896,1.659751037,0,252,11532,,55480,4420
sr,44.906,-110.3872,1912.6,1999,gr,4,8,252,242.8062,73.63,26.37,96.33699634,3.663003663,0,252,11532,,55480,4420
sr,44.906,-110.3872,1912.6,1999,gr,4,9,252,214.3454,63.9,36.1,93.36099585,6.639004149,0,252,11532,,55480,4420
sr,44.906,-110.3872,1912.6,1999,gr,4,10,252,152.0874,59.65,40.35,90.05847953,9.941520468,0,252,11532,,55480,4420
sr,44.906,-110.3872,1912.6,1999,gr,4,11,252,201.8938,58.59,41.41,98.23788546,1.762114537,0,252,11532,,55480,4420
sr,44.906,-110.3872,1912.6,1999,gr,4,12,252,244.585,78.18,21.82,91.27272727,8.727272727,0,252,11532,,55480,4420
sr,44.906,-110.3872,1912.6,1999,gr,5,1,278,,,,,,,,,,55480,4420
sr,44.906,-110.3872,1912.6,2000,gr,1,1,142,71.152,92.5,7.5,96.38554217,3.614457831,0,142,23990,,55480,4420
sr,44.906,-110.3872,1912.6,2000,gr,1,2,142,120.9584,97.79,2.21,94.85294118,5.147058824,0,142,23990,,55480,4420
sr,44.906,-110.3872,1912.6,2000,gr,1,3,142,148.5298,98.8,1.2,97.00598802,2.994011976,0,142,23990,,55480,4420
sr,44.906,-110.3872,1912.6,2000,gr,1,4,142,146.751,98.18,1.82,97.57575758,2.424242424,0,142,23990,,55480,4420
sr,44.906,-110.3872,1912.6,2000,gr,1,5,142,148.5298,94.01,5.99,88.62275449,11.37724551,0,142,23990,,55480,4420
sr,44.906,-110.3872,1912.6,2000,gr,1,6,142,136.0782,96.73,3.27,92.81045752,7.189542484,0,142,23990,,55480,4420
sr,44.906,-110.3872,1912.6,2000,gr,1,7,142,177.88,100,0,82,18,0,142,23990,,55480,4420
sr,44.906,-110.3872,1912.6,2000,gr,1,8,142,188.5528,100,0,91.03773585,8.962264151,0,142,23990,,55480,4420
sr,44.906,-110.3872,1912.6,2000,gr,1,9,142,110.2856,96.77,3.23,95.96774194,4.032258065,0,142,23990,,55480,4420
sr,44.906,-110.3872,1912.6,2000,gr,1,10,142,109.3962,98.37,1.63,96.74796748,3.25203252,0,142,23990,,55480,4420
sr,44.906,-110.3872,1912.6,2000,gr,1,11,142,98.7234,98.2,1.8,90.99099099,9.009009009,0,142,23990,,55480,4420
sr,44.906,-110.3872,1912.6,2000,gr,1,12,142,123.6266,97.84,2.16,95.68345324,4.316546763,0,142,23990,,55480,4420
sr,44.906,-110.3872,1912.6,2000,gr,2,1,171,178.7694,99.5,0.5,97.01492537,2.985074627,0,171,18338,,55480,4420
sr,44.906,-110.3872,1912.6,2000,gr,2,2,171,205.4514,99.13,0.87,99.13419913,0.865800866,0,171,18338,,55480,4420
sr,44.906,-110.3872,1912.6,2000,gr,2,3,171,241.0274,95.2,4.8,94.46494465,5.535055351,0,171,18338,,55480,4420
sr,44.906,-110.3872,1912.6,2000,gr,2,4,171,282.8292,99.37,0.63,92.45283019,7.547169811,0,171,18338,,55480,4420
sr,44.906,-110.3872,1912.6,2000,gr,2,5,171,347.7554,100,0,89.00255754,10.99744246,0,171,18338,,55480,4420
sr,44.906,-110.3872,1912.6,2000,gr,2,6,171,344.1978,99.22,0.78,83.97932817,16.02067183,0,171,18338,,55480,4420
sr,44.906,-110.3872,1912.6,2000,gr,2,7,171,383.3314,99.07,0.93,91.87935035,8.120649652,0,171,18338,,55480,4420
sr,44.906,-110.3872,1912.6,2000,gr,2,8,171,482.0548,98.52,1.48,97.78597786,2.21402214,0,171,18338,,55480,4420
sr,44.906,-110.3872,1912.6,2000,gr,2,9,171,489.17,98.18,1.82,82.72727273,17.27272727,0,171,18338,,55480,4420
sr,44.906,-110.3872,1912.6,2000,gr,2,10,171,456.2622,98.64,1.36,80.50682261,19.49317739,0,171,18338,,55480,4420
sr,44.906,-110.3872,1912.6,2000,gr,2,11,171,350.4236,97.97,2.03,81.47208122,18.52791878,0,171,18338,,55480,4420
sr,44.906,-110.3872,1912.6,2000,gr,2,12,171,333.525,95.47,4.53,83.73333333,16.26666667,0,171,18338,,55480,4420
sr,44.906,-110.3872,1912.6,2000,gr,3,1,187,268.5988,93.71,6.29,98.67549669,1.324503311,0,187,13546,,55480,4420
sr,44.906,-110.3872,1912.6,2000,gr,3,2,187,185.8846,99.52,0.48,100,0,0,187,13546,,55480,4420
sr,44.906,-110.3872,1912.6,2000,gr,3,3,187,305.9536,95.93,4.07,93.60465116,6.395348837,0,187,13546,,55480,4420
sr,44.906,-110.3872,1912.6,2000,gr,3,4,187,270.3776,97.37,2.63,95.06578947,4.934210526,0,187,13546,,55480,4420
sr,44.906,-110.3872,1912.6,2000,gr,3,5,187,251.7002,99.29,0.71,87.63250883,12.36749117,0,187,13546,,55480,4420
sr,44.906,-110.3872,1912.6,2000,gr,3,6,187,262.373,100,0,89.15254237,10.84745763,0,187,13546,,55480,4420
sr,44.906,-110.3872,1912.6,2000,gr,3,7,187,281.9398,99.68,0.32,90.85173502,9.148264984,0,187,13546,,55480,4420
sr,44.906,-110.3872,1912.6,2000,gr,3,8,187,234.8016,94.32,5.68,77.65151515,22.34848485,0,187,13546,,55480,4420
sr,44.906,-110.3872,1912.6,2000,gr,3,9,187,497.1746,94.99,5.01,86.94096601,13.05903399,0,187,13546,,55480,4420
sr,44.906,-110.3872,1912.6,2000,gr,3,10,187,275.714,97.74,2.26,85.48387097,14.51612903,0,187,13546,,55480,4420
sr,44.906,-110.3872,1912.6,2000,gr,3,11,187,421.5756,99.79,0.21,97.25738397,2.742616034,0,187,13546,,55480,4420
sr,44.906,-110.3872,1912.6,2000,gr,3,12,187,288.1656,98.46,1.54,85.80246914,14.19753086,0,187,13546,,55480,4420
sr,44.906,-110.3872,1912.6,2000,gr,4,1,215,165.4284,57.53,42.47,95.28795812,4.712041885,0,215,11506,,55480,4420
sr,44.906,-110.3872,1912.6,2000,gr,4,2,215,146.751,49.7,50.3,100,0,0,215,11506,,55480,4420
sr,44.906,-110.3872,1912.6,2000,gr,4,3,215,213.456,69.58,30.42,91.66666667,8.333333333,0,215,11506,,55480,4420
sr,44.906,-110.3872,1912.6,2000,gr,4,4,215,199.2256,77.23,22.77,95.08928571,4.910714286,0,215,11506,,55480,4420
sr,44.906,-110.3872,1912.6,2000,gr,4,5,215,249.9214,80.43,19.57,85.76512456,14.23487544,0,215,11506,,55480,4420
sr,44.906,-110.3872,1912.6,2000,gr,4,6,215,221.4606,75.1,24.9,83.53413655,16.46586345,0,215,11506,,55480,4420
sr,44.906,-110.3872,1912.6,2000,gr,4,7,215,235.691,76.98,23.02,84.52830189,15.47169811,0,215,11506,,55480,4420
sr,44.906,-110.3872,1912.6,2000,gr,4,8,215,245.4744,71.01,28.99,91.66666667,8.333333333,0,215,11506,,55480,4420
sr,44.906,-110.3872,1912.6,2000,gr,4,9,215,225.9076,75.59,24.41,89.76377953,10.23622047,0,215,11506,,55480,4420
sr,44.906,-110.3872,1912.6,2000,gr,4,10,215,282.8292,72.64,27.36,82.38993711,17.61006289,0,215,11506,,55480,4420
sr,44.906,-110.3872,1912.6,2000,gr,4,11,215,209.8984,69.92,30.08,85.16949153,14.83050847,0,215,11506,,55480,4420
sr,44.906,-110.3872,1912.6,2000,gr,4,12,215,231.244,72.31,27.69,89.61538462,10.38461538,0,215,11506,,55480,4420
sr,44.906,-110.3872,1912.6,2000,gr,5,1,241,193.8892,22.02,77.98,100,0,0,241,7882,,55480,4420
sr,44.906,-110.3872,1912.6,2000,gr,5,2,241,225.9076,20.47,79.53,100,0,0,241,7882,,55480,4420
sr,44.906,-110.3872,1912.6,2000,gr,5,3,241,297.0596,55.09,44.91,98.80239521,1.19760479,0,241,7882,,55480,4420
sr,44.906,-110.3872,1912.6,2000,gr,5,4,241,251.7002,70.67,29.33,95.75971731,4.240282686,0,241,7882,,55480,4420
sr,44.906,-110.3872,1912.6,2000,gr,5,5,241,233.9122,67.3,32.7,97.71863118,2.281368821,0,241,7882,,55480,4420
sr,44.906,-110.3872,1912.6,2000,gr,5,6,241,189.4422,67.14,32.86,94.36619718,5.633802817,0,241,7882,,55480,4420
sr,44.906,-110.3872,1912.6,2000,gr,5,7,241,287.2762,49.23,50.77,91.9504644,8.049535604,0,241,7882,,55480,4420
sr,44.906,-110.3872,1912.6,2000,gr,5,8,241,252.5896,28.17,71.83,90.49295775,9.507042254,0,241,7882,,55480,4420
sr,44.906,-110.3872,1912.6,2000,gr,5,9,241,256.1472,30.9,69.1,97.91666667,2.083333333,0,241,7882,,55480,4420
sr,44.906,-110.3872,1912.6,2000,gr,5,10,241,272.1564,47.39,52.61,94.11764706,5.882352941,0,241,7882,,55480,4420
sr,44.906,-110.3872,1912.6,2000,gr,5,11,241,336.1932,72.49,27.51,95.76719577,4.232804233,0,241,7882,,55480,4420
sr,44.906,-110.3872,1912.6,2000,gr,5,12,241,263.2624,72.3,27.7,92.22972973,7.77027027,0,241,7882,,55480,4420
sr,44.906,-110.3872,1912.6,2000,gr,6,1,270,246.3638,10.47,89.53,100,0,0,270,8028,,55480,4420
sr,44.906,-110.3872,1912.6,2000,gr,6,2,270,242.8062,10.26,89.74,100,0,0,270,8028,,55480,4420
sr,44.906,-110.3872,1912.6,2000,gr,6,3,270,248.1426,15.41,84.59,99.64157706,0.358422939,0,270,8028,,55480,4420
sr,44.906,-110.3872,1912.6,2000,gr,6,4,270,212.5666,16.74,83.26,97.48953975,2.510460251,0,270,8028,,55480,4420
sr,44.906,-110.3872,1912.6,2000,gr,6,5,270,197.4468,21.17,78.83,93.69369369,6.306306306,0,270,8028,,55480,4420
sr,44.906,-110.3872,1912.6,2000,gr,6,6,270,197.4468,20.72,79.28,96.84684685,3.153153153,0,270,8028,,55480,4420
sr,44.906,-110.3872,1912.6,2000,gr,6,7,270,217.903,33.47,66.53,98.7755102,1.224489796,0,270,8028,,55480,4420
sr,44.906,-110.3872,1912.6,2000,gr,6,8,270,220.5712,20.16,79.84,96.37096774,3.629032258,0,270,8028,,55480,4420
sr,44.906,-110.3872,1912.6,2000,gr,6,9,270,324.631,26.85,73.15,94.24657534,5.753424658,0,270,8028,,55480,4420
sr,44.906,-110.3872,1912.6,2000,gr,6,10,270,339.7508,27.75,72.25,92.67015707,7.329842932,0,270,8028,,55480,4420
sr,44.906,-110.3872,1912.6,2000,gr,6,11,270,250.8108,17.02,82.98,97.87234043,2.127659574,0,270,8028,,55480,4420
sr,44.906,-110.3872,1912.6,2000,gr,6,12,270,254.3684,13.99,86.01,98.6013986,1.398601399,0,270,8028,,55480,4420
sr,44.906,-110.3872,1912.6,2000,gr,7,1,291,175.2118,6.6,93.4,100,0,0,291,6567,,55480,4420
sr,44.906,-110.3872,1912.6,2000,gr,7,2,291,177.88,3.5,96.5,98,2,0,291,6567,,55480,4420
sr,44.906,-110.3872,1912.6,2000,gr,7,3,291,173.433,0.51,99.49,99.48717949,0.512820513,0,291,6567,,55480,4420
sr,44.906,-110.3872,1912.6,2000,gr,7,4,291,188.5528,5.66,94.34,98.11320755,1.886792453,0,291,6567,,55480,4420
sr,44.906,-110.3872,1912.6,2000,gr,7,5,291,203.6726,0.44,99.56,97.81659389,2.183406114,0,291,6567,,55480,4420
sr,44.906,-110.3872,1912.6,2000,gr,7,6,291,226.797,3.53,96.47,98.43137255,1.568627451,0,291,6567,,55480,4420
sr,44.906,-110.3872,1912.6,2000,gr,7,7,291,261.4836,3.4,96.6,97.61904762,2.380952381,0,291,6567,,55480,4420
sr,44.906,-110.3872,1912.6,2000,gr,7,8,291,271.267,5.25,94.75,96.72131148,3.278688525,0,291,6567,,55480,4420
sr,44.906,-110.3872,1912.6,2000,gr,7,9,291,240.138,8.89,91.11,97.40740741,2.592592593,0,291,6567,,55480,4420
sr,44.906,-110.3872,1912.6,2000,gr,7,10,291,225.9076,2.76,97.24,99.60629921,0.393700787,0,291,6567,,55480,4420
sr,44.906,-110.3872,1912.6,2000,gr,7,11,291,250.8108,1.77,98.23,97.5177305,2.482269504,0,291,6567,,55480,4420
sr,44.906,-110.3872,1912.6,2000,gr,7,12,291,239.2486,2.6,97.4,95.53903346,4.460966543,0,291,6567,,55480,4420
sr,44.906,-110.3872,1912.6,2001,gr,1,1,143,162.7602,97.27,2.73,93.98907104,6.010928962,0,143,25111,,55480,4420
sr,44.906,-110.3872,1912.6,2001,gr,1,2,143,143.1934,99.38,0.62,78.26086957,21.73913043,0,143,25111,,55480,4420
sr,44.906,-110.3872,1912.6,2001,gr,1,3,143,97.834,97.27,2.73,99.09090909,0.909090909,0,143,25111,,55480,4420
sr,44.906,-110.3872,1912.6,2001,gr,1,4,143,141.4146,94.97,5.03,99.37106918,0.628930818,0,143,25111,,55480,4420
sr,44.906,-110.3872,1912.6,2001,gr,1,5,143,207.2302,97.42,2.58,91.41630901,8.583690987,0,143,25111,,55480,4420
sr,44.906,-110.3872,1912.6,2001,gr,1,6,143,169.8754,96.34,3.66,94.76439791,5.235602094,0,143,25111,,55480,4420
sr,44.906,-110.3872,1912.6,2001,gr,1,7,143,160.092,98.33,1.67,95,5,0,143,25111,,55480,4420
sr,44.906,-110.3872,1912.6,2001,gr,1,8,143,134.2994,97.35,2.65,98.67549669,1.324503311,0,143,25111,,55480,4420
sr,44.906,-110.3872,1912.6,2001,gr,1,9,143,141.4146,96.23,3.77,94.96855346,5.031446541,0,143,25111,,55480,4420
sr,44.906,-110.3872,1912.6,2001,gr,1,10,143,144.0828,100,0,91.97530864,8.024691358,0,143,25111,,55480,4420
sr,44.906,-110.3872,1912.6,2001,gr,1,11,143,145.8616,94.51,5.49,95.73170732,4.268292683,0,143,25111,,55480,4420
sr,44.906,-110.3872,1912.6,2001,gr,1,12,143,154.7556,97.13,2.87,97.12643678,2.873563218,0,143,25111,,55480,4420
sr,44.906,-110.3872,1912.6,2001,gr,2,1,178,230.3546,96.53,3.47,98.06949807,1.930501931,0,178,17773,,55480,4420
sr,44.906,-110.3872,1912.6,2001,gr,2,2,178,227.6864,96.88,3.13,98.828125,1.171875,0,178,17773,,55480,4420
sr,44.906,-110.3872,1912.6,2001,gr,2,3,178,289.055,99.38,0.62,88.92307692,11.07692308,0,178,17773,,55480,4420
sr,44.906,-110.3872,1912.6,2001,gr,2,4,178,321.9628,98.9,1.1,91.16022099,8.839779006,0,178,17773,,55480,4420
sr,44.906,-110.3872,1912.6,2001,gr,2,5,178,357.5388,98.26,1.74,81.34328358,18.65671642,0,178,17773,,55480,4420
sr,44.906,-110.3872,1912.6,2001,gr,2,6,178,306.843,97.97,2.03,96.23188406,3.768115942,0,178,17773,,55480,4420
sr,44.906,-110.3872,1912.6,2001,gr,2,7,178,331.7462,95.17,4.83,87.13136729,12.86863271,0,178,17773,,55480,4420
sr,44.906,-110.3872,1912.6,2001,gr,2,8,178,269.4882,97.69,2.31,78.87788779,21.12211221,0,178,17773,,55480,4420
sr,44.906,-110.3872,1912.6,2001,gr,2,9,178,339.7508,99.74,0.26,86.12565445,13.87434555,0,178,17773,,55480,4420
sr,44.906,-110.3872,1912.6,2001,gr,2,10,178,394.8936,99.55,0.45,87.61261261,12.38738739,0,178,17773,,55480,4420
sr,44.906,-110.3872,1912.6,2001,gr,2,11,178,364.654,99.51,0.49,94.63414634,5.365853659,0,178,17773,,55480,4420
sr,44.906,-110.3872,1912.6,2001,gr,2,12,178,307.7324,99.71,0.29,95.95375723,4.046242775,0,178,17773,,55480,4420
sr,44.906,-110.3872,1912.6,2001,gr,3,1,206,404.677,78.9,21.1,94.28571429,5.714285714,0,206,13219,,55480,4420
sr,44.906,-110.3872,1912.6,2001,gr,3,2,206,292.6126,89.06,10.94,95.74468085,4.255319149,0,206,13219,,55480,4420
sr,44.906,-110.3872,1912.6,2001,gr,3,3,206,246.3638,76.53,23.47,97.83393502,2.166064982,0,206,13219,,55480,4420
sr,44.906,-110.3872,1912.6,2001,gr,3,4,206,297.949,83.88,16.12,96.41791045,3.582089552,0,206,13219,,55480,4420
sr,44.906,-110.3872,1912.6,2001,gr,3,5,206,299.7278,83.98,16.02,91.39465875,8.605341246,0,206,13219,,55480,4420
sr,44.906,-110.3872,1912.6,2001,gr,3,6,206,377.995,84.94,15.06,93.41176471,6.588235294,0,206,13219,,55480,4420
sr,44.906,-110.3872,1912.6,2001,gr,3,7,206,236.5804,90.98,9.02,94.36090226,5.639097744,0,206,13219,,55480,4420
sr,44.906,-110.3872,1912.6,2001,gr,3,8,206,296.1702,81.08,18.92,86.48648649,13.51351351,0,206,13219,,55480,4420
sr,44.906,-110.3872,1912.6,2001,gr,3,9,206,541.6446,96.22,3.78,88.99835796,11.00164204,0,206,13219,,55480,4420
sr,44.906,-110.3872,1912.6,2001,gr,3,10,206,425.1332,89.33,10.67,84.72803347,15.27196653,0,206,13219,,55480,4420
sr,44.906,-110.3872,1912.6,2001,gr,3,11,206,296.1702,88.89,11.11,87.38738739,12.61261261,0,206,13219,,55480,4420
sr,44.906,-110.3872,1912.6,2001,gr,3,12,206,343.3084,93.52,6.48,95.59585492,4.404145078,0,206,13219,,55480,4420
sr,44.906,-110.3872,1912.6,2001,gr,4,1,234,281.9398,20.19,79.81,,,,234,11643,,55480,4420
sr,44.906,-110.3872,1912.6,2001,gr,4,2,234,234.8016,16.29,83.71,,,,234,11643,,55480,4420
sr,44.906,-110.3872,1912.6,2001,gr,4,3,234,271.267,33.11,66.89,,,,234,11643,,55480,4420
sr,44.906,-110.3872,1912.6,2001,gr,4,4,234,208.1196,31.62,68.38,,,,234,11643,,55480,4420
sr,44.906,-110.3872,1912.6,2001,gr,4,5,234,174.3224,25,75,,,,234,11643,,55480,4420
sr,44.906,-110.3872,1912.6,2001,gr,4,6,234,145.8616,18.29,81.71,,,,234,11643,,55480,4420
sr,44.906,-110.3872,1912.6,2001,gr,4,7,234,186.774,16.67,83.33,,,,234,11643,,55480,4420
sr,44.906,-110.3872,1912.6,2001,gr,4,8,234,237.4698,34.83,65.17,,,,234,11643,,55480,4420
sr,44.906,-110.3872,1912.6,2001,gr,4,9,234,269.4882,32.34,67.66,,,,234,11643,,55480,4420
sr,44.906,-110.3872,1912.6,2001,gr,4,10,234,250.8108,27.3,72.7,,,,234,11643,,55480,4420
sr,44.906,-110.3872,1912.6,2001,gr,4,11,234,250.8108,24.11,75.89,,,,234,11643,,55480,4420
sr,44.906,-110.3872,1912.6,2001,gr,4,12,234,257.926,16.21,83.79,,,,234,11643,,55480,4420
sr,44.906,-110.3872,1912.6,2001,gr,5,1,260,398.4512,17.41,82.59,,,,260,9643,,55480,4420
sr,44.906,-110.3872,1912.6,2001,gr,5,2,260,423.3544,25.21,74.79,,,,260,9643,,55480,4420
sr,44.906,-110.3872,1912.6,2001,gr,5,3,260,221.4606,8.84,91.16,,,,260,9643,,55480,4420
sr,44.906,-110.3872,1912.6,2001,gr,5,4,260,211.6772,7.14,92.86,,,,260,9643,,55480,4420
sr,44.906,-110.3872,1912.6,2001,gr,5,5,260,238.3592,11.19,88.81,,,,260,9643,,55480,4420
sr,44.906,-110.3872,1912.6,2001,gr,5,6,260,281.0504,7.91,92.09,,,,260,9643,,55480,4420
sr,44.906,-110.3872,1912.6,2001,gr,5,7,260,339.7508,15.18,84.82,,,,260,9643,,55480,4420
sr,44.906,-110.3872,1912.6,2001,gr,5,8,260,304.1748,14.04,85.96,,,,260,9643,,55480,4420
sr,44.906,-110.3872,1912.6,2001,gr,5,9,260,276.6034,20.58,79.42,,,,260,9643,,55480,4420
sr,44.906,-110.3872,1912.6,2001,gr,5,10,260,283.7186,24.14,75.86,,,,260,9643,,55480,4420
sr,44.906,-110.3872,1912.6,2001,gr,5,11,260,237.4698,16.85,83.15,,,,260,9643,,55480,4420
sr,44.906,-110.3872,1912.6,2001,gr,5,12,260,337.972,21.58,78.42,,,,260,9643,,55480,4420
sr,44.906,-110.3872,1912.6,2001,gr,6,1,283,,,,,,,,,,55480,4420
ssr,44.906,-110.3856,1912.6,2012,gr,1,1,129,65.8156,94.59,5.41,100,0,0,,,,47220,4190
ssr,44.906,-110.3856,1912.6,2012,gr,1,2,129,54.2534,95.08,4.92,98.36065574,1.639344262,0,,,,47220,4190
ssr,44.906,-110.3856,1912.6,2012,gr,1,3,129,46.2488,100,0,98.07692308,1.923076923,0,,,,47220,4190
ssr,44.906,-110.3856,1912.6,2012,gr,1,4,129,56.0322,100,0,100,0,0,,,,47220,4190
ssr,44.906,-110.3856,1912.6,2012,gr,1,5,129,72.0414,97.53,2.47,97.5308642,2.469135802,0,,,,47220,4190
ssr,44.906,-110.3856,1912.6,2012,gr,1,6,129,64.0368,87.5,12.5,95.83333333,4.166666667,0,,,,47220,4190
ssr,44.906,-110.3856,1912.6,2012,gr,1,7,129,78.2672,95.45,4.55,98.86363636,1.136363636,0,,,,47220,4190
ssr,44.906,-110.3856,1912.6,2012,gr,1,8,129,56.9216,98.44,1.56,84.375,15.625,0,,,,47220,4190
ssr,44.906,-110.3856,1912.6,2012,gr,1,9,129,55.1428,100,0,95.16129032,4.838709677,0,,,,47220,4190
ssr,44.906,-110.3856,1912.6,2012,gr,1,10,129,63.1474,100,0,100,0,0,,,,47220,4190
ssr,44.906,-110.3856,1912.6,2012,gr,1,11,129,77.3778,95.4,4.6,100,0,0,,,,47220,4190
ssr,44.906,-110.3856,1912.6,2012,gr,1,12,129,65.8156,97.3,2.7,98.64864865,1.351351351,0,,,,47220,4190
ssr,44.906,-110.3856,1912.6,2012,gr,2,1,176,122.7372,89.86,10.14,92.75362319,7.246376812,0,,,,47220,4190
ssr,44.906,-110.3856,1912.6,2012,gr,2,2,176,88.94,92,8,100,0,0,,,,47220,4190
ssr,44.906,-110.3856,1912.6,2012,gr,2,3,176,165.4284,81.72,18.28,98.92473118,1.075268817,0,,,,47220,4190
ssr,44.906,-110.3856,1912.6,2012,gr,2,4,176,161.8708,89.01,10.99,98.9010989,1.098901099,0,,,,47220,4190
ssr,44.906,-110.3856,1912.6,2012,gr,2,5,176,206.3408,85.34,14.66,93.10344828,6.896551724,0,,,,47220,4190
ssr,44.906,-110.3856,1912.6,2012,gr,2,6,176,170.7648,91.67,8.33,98.95833333,1.041666667,0,,,,47220,4190
ssr,44.906,-110.3856,1912.6,2012,gr,2,7,176,193.8892,75.23,24.77,96.33027523,3.669724771,0,,,,47220,4190
ssr,44.906,-110.3856,1912.6,2012,gr,2,8,176,135.1888,84.21,15.79,94.73684211,5.263157895,0,,,,47220,4190
ssr,44.906,-110.3856,1912.6,2012,gr,2,9,176,139.6358,80.25,19.75,100,0,0,,,,47220,4190
ssr,44.906,-110.3856,1912.6,2012,gr,2,10,176,114.7326,81.4,18.6,100,0,0,,,,47220,4190
ssr,44.906,-110.3856,1912.6,2012,gr,2,11,176,336.1932,73.02,26.98,94.70899471,5.291005291,0,,,,47220,4190
ssr,44.906,-110.3856,1912.6,2012,gr,2,12,176,240.138,78.52,21.48,94.81481481,5.185185185,0,,,,47220,4190
ssr,44.906,-110.3856,1912.6,2012,gr,3,1,206,259.7048,73.29,26.71,97.26027397,2.739726027,0,,,,47220,4190
ssr,44.906,-110.3856,1912.6,2012,gr,3,2,206,229.4652,69.77,30.23,97.6744186,2.325581395,0,,,,47220,4190
ssr,44.906,-110.3856,1912.6,2012,gr,3,3,206,236.5804,63.16,36.84,98.4962406,1.503759398,0,,,,47220,4190
ssr,44.906,-110.3856,1912.6,2012,gr,3,4,206,188.5528,63.21,36.79,100,0,0,,,,47220,4190
ssr,44.906,-110.3856,1912.6,2012,gr,3,5,206,277.4928,63.46,36.54,98.07692308,1.923076923,0,,,,47220,4190
ssr,44.906,-110.3856,1912.6,2012,gr,3,6,206,265.0412,75.17,24.83,100,0,0,,,,47220,4190
ssr,44.906,-110.3856,1912.6,2012,gr,3,7,206,284.608,65,35,93.125,6.875,0,,,,47220,4190
ssr,44.906,-110.3856,1912.6,2012,gr,3,8,206,241.9168,69.85,30.15,99.26470588,0.735294118,0,,,,47220,4190
ssr,44.906,-110.3856,1912.6,2012,gr,3,9,206,195.668,65.45,34.55,99.09090909,0.909090909,0,,,,47220,4190
ssr,44.906,-110.3856,1912.6,2012,gr,3,10,206,199.2256,66.07,33.93,99.10714286,0.892857143,0,,,,47220,4190
ssr,44.906,-110.3856,1912.6,2012,gr,3,11,206,313.0688,59.09,40.91,100,0,0,,,,47220,4190
ssr,44.906,-110.3856,1912.6,2012,gr,3,12,206,217.0136,46.72,53.28,96.72131148,3.278688525,0,,,,47220,4190
ssr,44.906,-110.3856,1912.6,2012,gr,4,1,234,117.4008,27.27,72.73,95.45454545,1.515151515,2.941176471,,,,47220,4190
ssr,44.906,-110.3856,1912.6,2012,gr,4,2,234,209.8984,13.56,86.44,99.15254237,0.847457627,0,,,,47220,4190
ssr,44.906,-110.3856,1912.6,2012,gr,4,3,234,145.8616,51.22,48.78,100,0,0,,,,47220,4190
ssr,44.906,-110.3856,1912.6,2012,gr,4,4,234,202.7832,36.84,63.16,96.49122807,3.50877193,0,,,,47220,4190
ssr,44.906,-110.3856,1912.6,2012,gr,4,5,234,115.622,21.54,78.46,100,0,0,,,,47220,4190
ssr,44.906,-110.3856,1912.6,2012,gr,4,6,234,99.6128,21.43,78.57,100,0,0,,,,47220,4190
ssr,44.906,-110.3856,1912.6,2012,gr,4,7,234,106.728,15,85,93.33333333,6.666666667,0,,,,47220,4190
ssr,44.906,-110.3856,1912.6,2012,gr,4,8,234,195.668,23.64,76.36,100,0,0,,,,47220,4190
ssr,44.906,-110.3856,1912.6,2012,gr,4,9,234,140.5252,29.11,70.89,100,0,0,,,,47220,4190
ssr,44.906,-110.3856,1912.6,2012,gr,4,10,234,104.9492,18.64,81.36,93.22033898,6.779661017,0,,,,47220,4190
ssr,44.906,-110.3856,1912.6,2012,gr,4,11,234,149.4192,32.14,67.86,97.61904762,2.380952381,0,,,,47220,4190
ssr,44.906,-110.3856,1912.6,2012,gr,4,12,234,112.0644,11.11,88.89,98.41269841,1.587301587,0,,,,47220,4190
ssr,44.906,-110.3856,1912.6,2012,gr,5,1,262,101.3916,12.28,87.72,100,0,0,,,,47220,4190
ssr,44.906,-110.3856,1912.6,2012,gr,5,2,262,69.3732,23.08,76.92,100,0,0,,,,47220,4190
ssr,44.906,-110.3856,1912.6,2012,gr,5,3,262,183.2164,11.65,88.35,100,0,0,,,,47220,4190
ssr,44.906,-110.3856,1912.6,2012,gr,5,4,262,131.6312,6.76,93.24,97.2972973,2.702702703,0,,,,47220,4190
ssr,44.906,-110.3856,1912.6,2012,gr,5,5,262,117.4008,4.55,95.45,100,0,0,,,,47220,4190
ssr,44.906,-110.3856,1912.6,2012,gr,5,6,262,184.9952,11.54,88.46,98.07692308,1.923076923,0,,,,47220,4190
ssr,44.906,-110.3856,1912.6,2013,gr,1,1,151,91.6082,97.09,2.91,95.14563107,4.854368932,0,151,26480,4084,47220,4190
ssr,44.906,-110.3856,1912.6,2013,gr,1,2,151,76.4884,97.67,2.33,93.02325581,6.976744186,0,151,26480,4084,47220,4190
ssr,44.906,-110.3856,1912.6,2013,gr,1,3,151,70.2626,100,0,97.46835443,2.53164557,0,151,26480,4084,47220,4190
ssr,44.906,-110.3856,1912.6,2013,gr,1,4,151,88.0506,100,0,89.8989899,10.1010101,0,151,26480,4084,47220,4190
ssr,44.906,-110.3856,1912.6,2013,gr,1,5,151,75.599,98.82,1.18,97.64705882,2.352941176,0,151,26480,4084,47220,4190
ssr,44.906,-110.3856,1912.6,2013,gr,1,6,151,94.2764,100,0,99.05660377,0.943396226,0,151,26480,4084,47220,4190
ssr,44.906,-110.3856,1912.6,2013,gr,1,7,151,64.0368,95.83,4.17,94.44444444,5.555555556,0,151,26480,4084,47220,4190
ssr,44.906,-110.3856,1912.6,2013,gr,1,8,151,56.9216,98.44,1.56,96.875,3.125,0,151,26480,4084,47220,4190
ssr,44.906,-110.3856,1912.6,2013,gr,2,1,178,40.9124,97.83,2.17,97.82608696,2.173913043,0,178,23300,2861,47220,4190
ssr,44.906,-110.3856,1912.6,2013,gr,2,2,178,54.2534,93.44,6.56,96.72131148,3.278688525,0,178,23300,2861,47220,4190
ssr,44.906,-110.3856,1912.6,2013,gr,2,3,178,57.811,89.23,10.77,98.46153846,1.538461538,0,178,23300,2861,47220,4190
ssr,44.906,-110.3856,1912.6,2013,gr,2,4,178,63.1474,90.14,9.86,100,0,0,178,23300,2861,47220,4190
ssr,44.906,-110.3856,1912.6,2013,gr,2,5,178,60.4792,82.35,17.65,97.05882353,2.941176471,0,178,23300,2861,47220,4190
ssr,44.906,-110.3856,1912.6,2013,gr,2,6,178,52.4746,94.92,5.08,91.52542373,8.474576271,0,178,23300,2861,47220,4190
ssr,44.906,-110.3856,1912.6,2013,gr,2,7,178,52.4746,93.22,6.78,98.30508475,1.694915254,0,178,23300,2861,47220,4190
ssr,44.906,-110.3856,1912.6,2013,gr,2,8,178,57.811,90.77,9.23,100,0,0,178,23300,2861,47220,4190
ssr,44.906,-110.3856,1912.6,2013,gr,2,9,178,88.94,92,8,83,17,0,178,23300,2861,47220,4190
ssr,44.906,-110.3856,1912.6,2013,gr,2,10,178,88.94,92,8,86,14,0,178,23300,2861,47220,4190
ssr,44.906,-110.3856,1912.6,2013,gr,2,11,178,90.7188,83.33,16.67,100,0,0,178,23300,2861,47220,4190
ssr,44.906,-110.3856,1912.6,2013,gr,2,12,178,102.281,92.17,7.83,80.86956522,19.13043478,0,178,23300,2861,47220,4190
ssr,44.906,-110.3856,1912.6,2013,gr,3,1,206,44.47,58,42,94,6,0,206,17600,2096,47220,4190
ssr,44.906,-110.3856,1912.6,2013,gr,3,2,206,52.4746,38.98,61.02,100,0,0,206,17600,2096,47220,4190
ssr,44.906,-110.3856,1912.6,2013,gr,3,3,206,52.4746,52.54,47.46,91.52542373,8.474576271,0,206,17600,2096,47220,4190
ssr,44.906,-110.3856,1912.6,2013,gr,3,4,206,56.0322,58.73,41.27,85.71428571,14.28571429,0,206,17600,2096,47220,4190
ssr,44.906,-110.3856,1912.6,2013,gr,3,5,206,53.364,56.67,43.33,96.66666667,3.333333333,0,206,17600,2096,47220,4190
ssr,44.906,-110.3856,1912.6,2013,gr,3,6,206,58.7004,66.67,33.33,78.78787879,21.21212121,0,206,17600,2096,47220,4190
ssr,44.906,-110.3856,1912.6,2013,gr,3,7,206,59.5898,55.22,44.78,100,0,0,206,17600,2096,47220,4190
ssr,44.906,-110.3856,1912.6,2013,gr,3,8,206,60.4792,55.88,44.12,98.52941176,1.470588235,0,206,17600,2096,47220,4190
ssr,44.906,-110.3856,1912.6,2013,gr,3,9,206,61.3686,52.17,47.83,95.65217391,4.347826087,0,206,17600,2096,47220,4190
ssr,44.906,-110.3856,1912.6,2013,gr,3,10,206,92.4976,35.58,64.42,100,0,0,206,17600,2096,47220,4190
ssr,44.906,-110.3856,1912.6,2013,gr,3,11,206,57.811,44.62,55.38,100,0,0,206,17600,2096,47220,4190
ssr,44.906,-110.3856,1912.6,2013,gr,3,12,206,55.1428,75.81,24.19,88.70967742,11.29032258,0,206,17600,2096,47220,4190
ssr,44.906,-110.3856,1912.6,2013,gr,4,1,233,31.129,22.86,77.14,100,0,0,233,16900,1807,47220,4190
ssr,44.906,-110.3856,1912.6,2013,gr,4,2,233,31.129,20,80,100,0,0,233,16900,1807,47220,4190
ssr,44.906,-110.3856,1912.6,2013,gr,4,3,233,46.2488,15.38,84.62,100,0,0,233,16900,1807,47220,4190
ssr,44.906,-110.3856,1912.6,2013,gr,4,4,233,45.3594,15.69,84.31,90.19607843,9.803921569,0,233,16900,1807,47220,4190
ssr,44.906,-110.3856,1912.6,2013,gr,4,5,233,38.2442,11.63,88.37,90.69767442,9.302325581,0,233,16900,1807,47220,4190
ssr,44.906,-110.3856,1912.6,2013,gr,4,6,233,39.1336,11.36,88.64,100,0,0,233,16900,1807,47220,4190
ssr,44.906,-110.3856,1912.6,2013,gr,4,7,233,55.1428,14.52,85.48,87.09677419,12.90322581,0,233,16900,1807,47220,4190
ssr,44.906,-110.3856,1912.6,2013,gr,4,8,233,46.2488,25,75,94.23076923,5.769230769,0,233,16900,1807,47220,4190
ssr,44.906,-110.3856,1912.6,2013,gr,4,9,233,48.0276,18.52,81.48,98.14814815,1.851851852,0,233,16900,1807,47220,4190
ssr,44.906,-110.3856,1912.6,2013,gr,4,10,233,36.4654,34.15,65.85,92.68292683,7.317073171,0,233,16900,1807,47220,4190
ssr,44.906,-110.3856,1912.6,2013,gr,4,11,233,16.0092,33.33,66.67,100,0,0,233,16900,1807,47220,4190
ssr,44.906,-110.3856,1912.6,2013,gr,4,12,233,56.0322,15.87,84.13,88.88888889,11.11111111,0,233,16900,1807,47220,4190
ssr,44.906,-110.3856,1912.6,2013,gr,5,1,261,40.9124,6.52,93.48,100,0,0,261,14200,1494,47220,4190
ssr,44.906,-110.3856,1912.6,2013,gr,5,2,261,63.1474,25.35,74.65,97.18309859,2.816901408,0,261,14200,1494,47220,4190
ssr,44.906,-110.3856,1912.6,2013,gr,5,3,261,54.2534,4.92,95.08,100,0,0,261,14200,1494,47220,4190
ssr,44.906,-110.3856,1912.6,2013,gr,5,4,261,27.5714,38.71,61.29,100,0,0,261,14200,1494,47220,4190
ssr,44.906,-110.3856,1912.6,2013,gr,5,5,261,16.8986,0,100,94.73684211,5.263157895,0,261,14200,1494,47220,4190
ssr,44.906,-110.3856,1912.6,2013,gr,5,6,261,37.3548,7.14,92.86,100,0,0,261,14200,1494,47220,4190
ssr,44.906,-110.3856,1912.6,2013,gr,5,7,261,30.2396,8.82,91.18,100,0,0,261,14200,1494,47220,4190
ssr,44.906,-110.3856,1912.6,2013,gr,5,8,261,24.0138,0,100,100,0,0,261,14200,1494,47220,4190
ssr,44.906,-110.3856,1912.6,2013,gr,5,9,261,21.3456,8.33,91.67,100,0,0,261,14200,1494,47220,4190
ssr,44.906,-110.3856,1912.6,2013,gr,5,10,261,25.7926,6.9,93.1,100,0,0,261,14200,1494,47220,4190
ssr,44.906,-110.3856,1912.6,2013,gr,5,11,261,23.1244,0,100,100,0,0,261,14200,1494,47220,4190
ssr,44.906,-110.3856,1912.6,2013,gr,5,12,261,11.5622,7.69,92.31,100,0,0,261,14200,1494,47220,4190
swale,44.818,-110.1288,1912.6,1988,gr,1,1,166,210.466,100,0,69.68085106,30.31914894,0,166,22864,2277,100660,7000
swale,44.818,-110.1288,1912.6,1988,gr,1,2,166,116.428,100,0,55.76923077,44.23076923,0,166,22864,2277,100660,7000
swale,44.818,-110.1288,1912.6,1988,gr,1,3,166,114.189,100,0,57.84313725,42.15686275,0,166,22864,2277,100660,7000
swale,44.818,-110.1288,1912.6,1988,gr,1,4,166,216.62325,100,0,68.4754522,31.5245478,0,166,22864,2277,100660,7000
swale,44.818,-110.1288,1912.6,1988,gr,1,5,166,109.711,100,0,67.34693878,32.65306122,0,166,22864,2277,100660,7000
swale,44.818,-110.1288,1912.6,1988,gr,1,6,166,156.17025,100,0,81.00358423,18.99641577,0,166,22864,2277,100660,7000
swale,44.818,-110.1288,1912.6,1988,gr,1,7,166,142.73625,100,0,60.78431373,39.21568627,0,166,22864,2277,100660,7000
swale,44.818,-110.1288,1912.6,1988,gr,1,8,166,111.95,100,0,76,24,0,166,22864,2277,100660,7000
swale,44.818,-110.1288,1912.6,1988,gr,1,9,166,98.516,100,0,75.56818182,24.43181818,0,166,22864,2277,100660,7000
swale,44.818,-110.1288,1912.6,1988,gr,1,10,166,185.837,100,0,78.61445783,21.38554217,0,166,22864,2277,100660,7000
swale,44.818,-110.1288,1912.6,1988,gr,1,11,166,155.6105,100,0,79.85611511,20.14388489,0,166,22864,2277,100660,7000
swale,44.818,-110.1288,1912.6,1988,gr,1,12,166,155.05075,100,0,77.97833935,22.02166065,0,166,22864,2277,100660,7000
swale,44.818,-110.1288,1912.6,1988,gr,2,1,194,106.3525,93.68,6.32,68.42105263,31.57894737,0,194,16722,1478,100660,7000
swale,44.818,-110.1288,1912.6,1988,gr,2,2,194,118.667,95.28,4.72,79.24528302,20.75471698,0,194,16722,1478,100660,7000
swale,44.818,-110.1288,1912.6,1988,gr,2,3,194,114.189,85.29,14.71,79.41176471,20.58823529,0,194,16722,1478,100660,7000
swale,44.818,-110.1288,1912.6,1988,gr,2,4,194,240.6925,96.74,3.26,81.39534884,18.60465116,0,194,16722,1478,100660,7000
swale,44.818,-110.1288,1912.6,1988,gr,2,5,194,77.2455,94.2,5.8,53.62318841,46.37681159,0,194,16722,1478,100660,7000
swale,44.818,-110.1288,1912.6,1988,gr,2,6,194,152.252,88.97,11.03,83.08823529,16.91176471,0,194,16722,1478,100660,7000
swale,44.818,-110.1288,1912.6,1988,gr,2,7,194,156.73,88.57,11.43,79.28571429,20.71428571,0,194,16722,1478,100660,7000
swale,44.818,-110.1288,1912.6,1988,gr,2,8,194,125.94375,91.11,8.89,86.22222222,13.77777778,0,194,16722,1478,100660,7000
swale,44.818,-110.1288,1912.6,1988,gr,2,9,194,134.34,97.5,2.5,65.83333333,34.16666667,0,194,16722,1478,100660,7000
swale,44.818,-110.1288,1912.6,1988,gr,2,10,194,169.0445,92.05,7.95,82.1192053,17.8807947,0,194,16722,1478,100660,7000
swale,44.818,-110.1288,1912.6,1988,gr,2,11,194,134.34,75,25,78.33333333,21.66666667,0,194,16722,1478,100660,7000
swale,44.818,-110.1288,1912.6,1988,gr,2,12,194,137.6985,91.87,8.13,74.79674797,25.20325203,0,194,16722,1478,100660,7000
swale,44.818,-110.1288,1912.6,1988,gr,3,1,236,62.13225,29.73,70.27,81.08108108,18.91891892,0,236,8465,696,100660,7000
swale,44.818,-110.1288,1912.6,1988,gr,3,2,236,111.95,23,77,89.5,10.5,0,236,8465,696,100660,7000
swale,44.818,-110.1288,1912.6,1988,gr,3,3,236,65.49075,12.82,87.18,84.61538462,15.38461538,0,236,8465,696,100660,7000
swale,44.818,-110.1288,1912.6,1988,gr,3,4,236,132.101,17.8,82.2,83.89830508,16.10169492,0,236,8465,696,100660,7000
swale,44.818,-110.1288,1912.6,1988,gr,3,5,236,78.365,20,80,90,10,0,236,8465,696,100660,7000
swale,44.818,-110.1288,1912.6,1988,gr,3,6,236,118.10725,19.91,80.09,85.78199052,14.21800948,0,236,8465,696,100660,7000
swale,44.818,-110.1288,1912.6,1988,gr,3,7,236,108.5915,25.77,74.23,89.69072165,10.30927835,0,236,8465,696,100660,7000
swale,44.818,-110.1288,1912.6,1988,gr,3,8,236,41.98125,24,76,84,16,0,236,8465,696,100660,7000
swale,44.818,-110.1288,1912.6,1988,gr,3,9,236,141.057,12.7,87.3,88.88888889,11.11111111,0,236,8465,696,100660,7000
swale,44.818,-110.1288,1912.6,1988,gr,3,10,236,83.9625,44,56,84,16,0,236,8465,696,100660,7000
swale,44.818,-110.1288,1912.6,1988,gr,3,11,236,96.277,18.6,81.4,87.20930233,12.79069767,0,236,8465,696,100660,7000
swale,44.818,-110.1288,1912.6,1988,gr,4,1,263,100.755,0,100,90,10,0,263,8491,713,100660,7000
swale,44.818,-110.1288,1912.6,1988,gr,4,2,263,60.453,7.41,92.59,92.59259259,7.407407407,0,263,8491,713,100660,7000
swale,44.818,-110.1288,1912.6,1988,gr,4,3,263,40.302,0,100,94.44444444,5.555555556,0,263,8491,713,100660,7000
swale,44.818,-110.1288,1912.6,1988,gr,4,4,263,144.4155,0,100,89.92248062,10.07751938,0,263,8491,713,100660,7000
swale,44.818,-110.1288,1912.6,1988,gr,4,5,263,95.1575,9.41,90.59,78.82352941,21.17647059,0,263,8491,713,100660,7000
swale,44.818,-110.1288,1912.6,1988,gr,4,6,263,69.409,0,100,96.77419355,3.225806452,0,263,8491,713,100660,7000
swale,44.818,-110.1288,1912.6,1989,gr,1,1,157,75.0065,100,0,55.2238806,44.7761194,0,157,40723,,100660,7000
swale,44.818,-110.1288,1912.6,1989,gr,1,2,157,75.0065,100,0,58.20895522,41.79104478,0,157,40723,,100660,7000
swale,44.818,-110.1288,1912.6,1989,gr,1,3,157,161.208,100,0,59.72222222,40.27777778,0,157,40723,,100660,7000
swale,44.818,-110.1288,1912.6,1989,gr,1,4,157,52.6165,100,0,57.44680851,42.55319149,0,157,40723,,100660,7000
swale,44.818,-110.1288,1912.6,1989,gr,1,5,157,86.2015,100,0,54.54545455,45.45454545,0,157,40723,,100660,7000
swale,44.818,-110.1288,1912.6,1989,gr,1,6,157,58.214,100,0,61.53846154,38.46153846,0,157,40723,,100660,7000
swale,44.818,-110.1288,1912.6,1989,gr,1,7,157,164.5665,100,0,71.42857143,28.57142857,0,157,40723,,100660,7000
swale,44.818,-110.1288,1912.6,1989,gr,1,8,157,144.4155,100,0,54.26356589,45.73643411,0,157,40723,,100660,7000
swale,44.818,-110.1288,1912.6,1989,gr,1,9,157,85.082,100,0,69.73684211,30.26315789,0,157,40723,,100660,7000
swale,44.818,-110.1288,1912.6,1989,gr,1,10,157,79.4845,100,0,67.6056338,32.3943662,0,157,40723,,100660,7000
swale,44.818,-110.1288,1912.6,1989,gr,2,1,184,187.51625,100,0,74.92537313,25.07462687,0,184,25440,,100660,7000
swale,44.818,-110.1288,1912.6,1989,gr,2,2,184,217.74275,100,0,79.17737789,20.82262211,0,184,25440,,100660,7000
swale,44.818,-110.1288,1912.6,1989,gr,2,3,184,120.906,96.3,3.7,67.59259259,32.40740741,0,184,25440,,100660,7000
swale,44.818,-110.1288,1912.6,1989,gr,2,4,184,127.623,98.25,1.75,45.61403509,54.38596491,0,184,25440,,100660,7000
swale,44.818,-110.1288,1912.6,1989,gr,2,5,184,142.1765,98.43,1.57,65.35433071,34.64566929,0,184,25440,,100660,7000
swale,44.818,-110.1288,1912.6,1989,gr,2,6,184,164.5665,97.28,2.72,74.14965986,25.85034014,0,184,25440,,100660,7000
swale,44.818,-110.1288,1912.6,1989,gr,2,7,184,183.598,100,0,70.12195122,29.87804878,0,184,25440,,100660,7000
swale,44.818,-110.1288,1912.6,1989,gr,2,8,184,237.334,100,0,56.13207547,43.86792453,0,184,25440,,100660,7000
swale,44.818,-110.1288,1912.6,1989,gr,2,9,184,144.4155,91.47,8.53,54.26356589,45.73643411,0,184,25440,,100660,7000
swale,44.818,-110.1288,1912.6,1989,gr,2,10,184,120.906,99.07,0.93,62.03703704,37.96296296,0,184,25440,,100660,7000
swale,44.818,-110.1288,1912.6,1989,gr,2,11,184,143.296,99.22,0.78,70.3125,29.6875,0,184,25440,,100660,7000
swale,44.818,-110.1288,1912.6,1989,gr,2,12,184,158.969,99.3,0.7,51.4084507,48.5915493,0,184,25440,,100660,7000
swale,44.818,-110.1288,1912.6,1989,gr,3,1,213,209.3465,69.52,30.48,73.79679144,26.20320856,0,213,17277,,100660,7000
swale,44.818,-110.1288,1912.6,1989,gr,3,2,213,117.5475,84.76,15.24,60.95238095,39.04761905,0,213,17277,,100660,7000
swale,44.818,-110.1288,1912.6,1989,gr,3,3,213,114.189,83.33,16.67,86.2745098,13.7254902,0,213,17277,,100660,7000
swale,44.818,-110.1288,1912.6,1989,gr,3,4,213,100.755,90,10,55.55555556,44.44444444,0,213,17277,,100660,7000
swale,44.818,-110.1288,1912.6,1989,gr,3,5,213,118.667,96.23,3.77,49.05660377,50.94339623,0,213,17277,,100660,7000
swale,44.818,-110.1288,1912.6,1989,gr,3,6,213,116.428,91.35,8.65,64.42307692,35.57692308,0,213,17277,,100660,7000
swale,44.818,-110.1288,1912.6,1989,gr,3,7,213,138.818,87.9,12.1,70.16129032,29.83870968,0,213,17277,,100660,7000
swale,44.818,-110.1288,1912.6,1989,gr,3,8,213,109.711,81.63,18.37,71.42857143,28.57142857,0,213,17277,,100660,7000
swale,44.818,-110.1288,1912.6,1989,gr,3,9,213,109.711,93.88,6.12,47.95918367,52.04081633,0,213,17277,,100660,7000
swale,44.818,-110.1288,1912.6,1989,gr,3,10,213,109.711,78.57,21.43,75.51020408,24.48979592,0,213,17277,,100660,7000
swale,44.818,-110.1288,1912.6,1989,gr,4,1,241,96.277,81.4,18.6,63.95348837,36.04651163,0,241,11583,,100660,7000
swale,44.818,-110.1288,1912.6,1989,gr,4,2,241,147.774,77.27,22.73,67.42424242,32.57575758,0,241,11583,,100660,7000
swale,44.818,-110.1288,1912.6,1989,gr,4,3,241,160.0885,79.02,20.98,74.82517483,25.17482517,0,241,11583,,100660,7000
swale,44.818,-110.1288,1912.6,1989,gr,4,4,241,111.95,80,20,61,39,0,241,11583,,100660,7000
swale,44.818,-110.1288,1912.6,1989,gr,4,5,241,165.686,77.03,22.97,70.94594595,29.05405405,0,241,11583,,100660,7000
swale,44.818,-110.1288,1912.6,1989,gr,4,6,241,108.5915,64.95,35.05,79.3814433,20.6185567,0,241,11583,,100660,7000
swale,44.818,-110.1288,1912.6,1989,gr,4,7,241,81.7235,68.49,31.51,82.19178082,17.80821918,0,241,11583,,100660,7000
swale,44.818,-110.1288,1912.6,1989,gr,4,8,241,76.126,64.71,35.29,85.29411765,14.70588235,0,241,11583,,100660,7000
swale,44.818,-110.1288,1912.6,1989,gr,5,1,269,72.7675,76.92,23.08,86.15384615,13.84615385,0,269,9855,,100660,7000
swale,44.818,-110.1288,1912.6,1989,gr,5,2,269,94.038,71.43,28.57,89.28571429,10.71428571,0,269,9855,,100660,7000
swale,44.818,-110.1288,1912.6,1989,gr,5,3,269,122.58525,67.12,32.88,83.56164384,16.43835616,0,269,9855,,100660,7000
swale,44.818,-110.1288,1912.6,1989,gr,5,4,269,77.2455,73.91,26.09,86.95652174,13.04347826,0,269,9855,,100660,7000
swale,44.818,-110.1288,1912.6,1989,gr,5,5,269,78.92475,76.6,23.4,82.9787234,17.0212766,0,269,9855,,100660,7000
swale,44.818,-110.1288,1912.6,1989,gr,5,6,269,100.19525,71.51,28.49,93.29608939,6.703910615,0,269,9855,,100660,7000
swale,44.818,-110.1288,1912.6,1989,gr,5,7,269,78.92475,74.47,25.53,74.46808511,25.53191489,0,269,9855,,100660,7000
swale,44.818,-110.1288,1912.6,1989,gr,5,8,269,136.579,87.7,12.3,82.78688525,17.21311475,0,269,9855,,100660,7000
swale,44.818,-110.1288,1912.6,1989,gr,5,9,269,83.9625,74,26,84,16,0,269,9855,,100660,7000
swale,44.818,-110.1288,1912.6,1989,gr,5,10,269,78.92475,65.96,34.04,80.85106383,19.14893617,0,269,9855,,100660,7000
swale,44.818,-110.1288,1912.6,1989,gr,5,11,269,70.5285,78.57,21.43,90.47619048,9.523809524,0,269,9855,,100660,7000
swale,44.818,-110.1288,1912.6,1989,gr,5,12,269,43.6605,61.54,38.46,50,50,0,269,9855,,100660,7000
ucm,44.809,-110.1127,1912.6,1988,gr,1,1,179,149.82579,100,0,86.73835125,13.26164875,0,,,,98980,8000
ucm,44.809,-110.1127,1912.6,1988,gr,1,2,179,200.84174,100,0,78.07486631,21.92513369,0,,,,98980,8000
ucm,44.809,-110.1127,1912.6,1988,gr,1,3,179,186.87948,100,0,92.52873563,7.471264368,0,,,,98980,8000
ucm,44.809,-110.1127,1912.6,1988,gr,1,4,179,151.43682,100,0,67.37588652,32.62411348,0,,,,98980,8000
ucm,44.809,-110.1127,1912.6,1988,gr,1,5,179,223.39616,100,0,72.11538462,27.88461538,0,,,,98980,8000
ucm,44.809,-110.1127,1912.6,1988,gr,1,6,179,299.65158,100,0,90.32258065,9.677419355,0,,,,98980,8000
ucm,44.809,-110.1127,1912.6,1988,gr,1,7,179,138.01157,100,0,78.21011673,21.78988327,0,,,,98980,8000
ucm,44.809,-110.1127,1912.6,1988,gr,1,8,179,179.36134,100,0,91.61676647,8.383233533,0,,,,98980,8000
ucm,44.809,-110.1127,1912.6,1988,gr,1,9,179,143.91868,100,0,83.20895522,16.79104478,0,,,,98980,8000
ucm,44.809,-110.1127,1912.6,1988,gr,1,10,179,191.17556,100,0,82.58426966,17.41573034,0,,,,98980,8000
ucm,44.809,-110.1127,1912.6,1988,gr,1,11,179,121.36426,100,0,73.45132743,26.54867257,0,,,,98980,8000
ucm,44.809,-110.1127,1912.6,1988,gr,1,12,179,146.06672,100,0,89.70588235,10.29411765,0,,,,98980,8000
ucm,44.809,-110.1127,1912.6,1988,gr,2,1,216,102.0319,18.95,81.05,78.72340426,21.27659574,0,,,,98980,8000
ucm,44.809,-110.1127,1912.6,1988,gr,2,2,216,175.06526,19.02,80.98,97.54601227,2.45398773,0,,,,98980,8000
ucm,44.809,-110.1127,1912.6,1988,gr,2,3,216,161.103,79.33,20.67,93.33333333,6.666666667,0,,,,98980,8000
ucm,44.809,-110.1127,1912.6,1988,gr,2,4,216,84.84758,89.87,10.13,79.74683544,20.25316456,0,,,,98980,8000
ucm,44.809,-110.1127,1912.6,1988,gr,2,5,216,69.8113,75.38,24.62,64.61538462,35.38461538,0,,,,98980,8000
ucm,44.809,-110.1127,1912.6,1988,gr,2,6,216,113.84612,24.53,75.47,91.50943396,8.490566038,0,,,,98980,8000
ucm,44.809,-110.1127,1912.6,1988,gr,2,7,216,146.06672,8.82,91.18,97.05882353,2.941176471,0,,,,98980,8000
ucm,44.809,-110.1127,1912.6,1988,gr,2,8,216,135.32652,14.29,85.71,96.03174603,3.968253968,0,,,,98980,8000
ucm,44.809,-110.1127,1912.6,1988,gr,2,9,216,183.65742,85.96,14.04,94.15204678,5.847953216,0,,,,98980,8000
ucm,44.809,-110.1127,1912.6,1988,gr,2,10,216,204.0638,92.63,7.37,96.31578947,3.684210526,0,,,,98980,8000
ucm,44.809,-110.1127,1912.6,1988,gr,2,11,216,151.43682,75.18,24.82,92.19858156,7.80141844,0,,,,98980,8000
ucm,44.809,-110.1127,1912.6,1988,gr,2,12,216,149.28878,47.48,52.52,89.20863309,10.79136691,0,,,,98980,8000
ucm,44.809,-110.1127,1912.6,1988,gr,3,1,243,155.7329,2.07,97.93,97.93103448,2.068965517,0,,,,98980,8000
ucm,44.809,-110.1127,1912.6,1988,gr,3,2,243,108.47602,1.98,98.02,97.02970297,2.97029703,0,,,,98980,8000
ucm,44.809,-110.1127,1912.6,1988,gr,3,3,243,179.36134,23.95,76.05,98.20359281,1.796407186,0,,,,98980,8000
ucm,44.809,-110.1127,1912.6,1988,gr,3,4,243,135.32652,29.37,70.63,98.41269841,1.587301587,0,,,,98980,8000
ucm,44.809,-110.1127,1912.6,1988,gr,3,5,243,118.1422,26.36,73.64,94.54545455,5.454545455,0,,,,98980,8000
ucm,44.809,-110.1127,1912.6,1988,gr,3,6,243,151.43682,1.42,98.58,92.90780142,7.092198582,0,,,,98980,8000
ucm,44.809,-110.1127,1912.6,1988,gr,3,7,243,144.9927,8.15,91.85,97.03703704,2.962962963,0,,,,98980,8000
ucm,44.809,-110.1127,1912.6,1988,gr,3,8,243,185.80546,16.76,83.24,98.26589595,1.734104046,0,,,,98980,8000
ucm,44.809,-110.1127,1912.6,1988,gr,3,9,243,117.06818,26.61,73.39,88.0733945,11.9266055,0,,,,98980,8000
ucm,44.809,-110.1127,1912.6,1988,gr,3,10,243,100.95788,22.34,77.66,98.93617021,1.063829787,0,,,,98980,8000
ucm,44.809,-110.1127,1912.6,1988,gr,3,11,243,171.8432,25.63,74.38,96.875,3.125,0,,,,98980,8000
ucm,44.809,-110.1127,1912.6,1988,gr,3,12,243,146.06672,0,100,100,0,0,,,,98980,8000
ucm,44.809,-110.1127,1912.6,1988,gr,4,1,277,135.32652,0,100,96.82539683,3.174603175,0,,,,98980,8000
ucm,44.809,-110.1127,1912.6,1988,gr,4,2,277,106.32798,5.05,94.95,100,0,0,,,,98980,8000
ucm,44.809,-110.1127,1912.6,1988,gr,4,3,277,93.43974,1.15,98.85,93.10344828,6.896551724,0,,,,98980,8000
ucm,44.809,-110.1127,1912.6,1988,gr,4,4,277,65.51522,6.56,93.44,98.36065574,1.639344262,0,,,,98980,8000
ucm,44.809,-110.1127,1912.6,1988,gr,4,5,277,77.32944,5.56,94.44,100,0,0,,,,98980,8000
ucm,44.809,-110.1127,1912.6,1988,gr,4,6,277,112.7721,0,100,97.14285714,2.857142857,0,,,,98980,8000
ucm,44.809,-110.1127,1912.6,1989,gr,1,1,177,75.71841,100,0,68.08510638,31.91489362,0,,,,98980,8000
ucm,44.809,-110.1127,1912.6,1989,gr,1,2,177,89.14366,98.19,1.81,87.34939759,12.65060241,0,,,,98980,8000
ucm,44.809,-110.1127,1912.6,1989,gr,1,3,177,163.25104,100,0,76.31578947,23.68421053,0,,,,98980,8000
ucm,44.809,-110.1127,1912.6,1989,gr,1,4,177,139.08559,100,0,79.15057915,20.84942085,0,,,,98980,8000
ucm,44.809,-110.1127,1912.6,1989,gr,1,5,177,167.01011,99.04,0.96,59.16398714,40.83601286,0,,,,98980,8000
ucm,44.809,-110.1127,1912.6,1989,gr,1,6,177,173.45423,100,0,81.42414861,18.57585139,0,,,,98980,8000
ucm,44.809,-110.1127,1912.6,1989,gr,1,7,177,134.78951,100,0,70.11952191,29.88047809,0,,,,98980,8000
ucm,44.809,-110.1127,1912.6,1989,gr,1,8,177,86.99562,100,0,70.37037037,29.62962963,0,,,,98980,8000
ucm,44.809,-110.1127,1912.6,1989,gr,1,9,177,136.40054,100,0,59.4488189,40.5511811,0,,,,98980,8000
ucm,44.809,-110.1127,1912.6,1989,gr,1,10,177,148.75177,96.75,3.25,66.42599278,33.57400722,0,,,,98980,8000
ucm,44.809,-110.1127,1912.6,1989,gr,1,11,177,163.25104,100,0,83.22368421,16.77631579,0,,,,98980,8000
ucm,44.809,-110.1127,1912.6,1989,gr,1,12,177,156.80692,100,0,88.69863014,11.30136986,0,,,,98980,8000
ucm,44.809,-110.1127,1912.6,1989,gr,2,1,205,110.62406,83.5,16.5,78.6407767,21.3592233,0,,,,98980,8000
ucm,44.809,-110.1127,1912.6,1989,gr,2,2,205,148.21476,74.64,25.36,91.30434783,8.695652174,0,,,,98980,8000
ucm,44.809,-110.1127,1912.6,1989,gr,2,3,205,122.43828,78.95,21.05,90.78947368,9.210526316,0,,,,98980,8000
ucm,44.809,-110.1127,1912.6,1989,gr,2,4,205,156.26991,78.35,21.65,82.81786942,17.18213058,0,,,,98980,8000
ucm,44.809,-110.1127,1912.6,1989,gr,2,5,205,121.36426,93.81,6.19,59.2920354,40.7079646,0,,,,98980,8000
ucm,44.809,-110.1127,1912.6,1989,gr,2,6,205,131.03044,92.62,7.38,94.26229508,5.737704918,0,,,,98980,8000
ucm,44.809,-110.1127,1912.6,1989,gr,2,7,205,158.41795,83.73,16.27,70.16949153,29.83050847,0,,,,98980,8000
ucm,44.809,-110.1127,1912.6,1989,gr,2,8,205,91.82871,92.98,7.02,50.87719298,49.12280702,0,,,,98980,8000
ucm,44.809,-110.1127,1912.6,1989,gr,2,9,205,107.402,93,7,74,26,0,,,,98980,8000
ucm,44.809,-110.1127,1912.6,1989,gr,2,10,205,124.58632,81.9,18.1,70.25862069,29.74137931,0,,,,98980,8000
ucm,44.809,-110.1127,1912.6,1989,gr,2,11,205,172.38021,85.98,14.02,82.24299065,17.75700935,0,,,,98980,8000
ucm,44.809,-110.1127,1912.6,1989,gr,2,12,205,151.97383,88.34,11.66,81.97879859,18.02120141,0,,,,98980,8000
ucm,44.809,-110.1127,1912.6,1989,gr,3,1,233,59.0711,69.09,30.91,92.72727273,7.272727273,0,,,,98980,8000
ucm,44.809,-110.1127,1912.6,1989,gr,3,2,233,98.80984,79.35,20.65,83.69565217,16.30434783,0,,,,98980,8000
ucm,44.809,-110.1127,1912.6,1989,gr,3,3,233,112.7721,71.43,28.57,83.80952381,16.19047619,0,,,,98980,8000
ucm,44.809,-110.1127,1912.6,1989,gr,3,4,233,94.51376,78.41,21.59,97.72727273,2.272727273,0,,,,98980,8000
ucm,44.809,-110.1127,1912.6,1989,gr,3,5,233,113.84612,82.08,17.92,78.30188679,21.69811321,0,,,,98980,8000
ucm,44.809,-110.1127,1912.6,1989,gr,3,6,233,107.402,75,25,85,15,0,,,,98980,8000
ucm,44.809,-110.1127,1912.6,1989,gr,3,7,233,104.17994,79.38,20.62,59.79381443,40.20618557,0,,,,98980,8000
ucm,44.809,-110.1127,1912.6,1989,gr,3,8,233,120.29024,76.79,23.21,92.85714286,7.142857143,0,,,,98980,8000
ucm,44.809,-110.1127,1912.6,1989,gr,4,1,262,109.55004,19.61,80.39,91.17647059,8.823529412,0,,,,98980,8000
ucm,44.809,-110.1127,1912.6,1989,gr,4,2,262,91.2917,9.41,90.59,87.05882353,12.94117647,0,,,,98980,8000
ucm,44.809,-110.1127,1912.6,1989,gr,4,3,262,119.21622,38.74,61.26,94.59459459,5.405405405,0,,,,98980,8000
ucm,44.809,-110.1127,1912.6,1989,gr,4,4,262,90.21768,45.24,54.76,90.47619048,9.523809524,0,,,,98980,8000
ucm,44.809,-110.1127,1912.6,1989,gr,4,5,262,115.99416,12.04,87.96,79.62962963,20.37037037,0,,,,98980,8000
ucm,44.809,-110.1127,1912.6,1989,gr,4,6,262,68.73728,23.44,76.56,93.75,6.25,0,,,,98980,8000
ucm,44.809,-110.1127,1912.6,1989,gr,4,7,262,82.69954,25.97,74.03,63.63636364,36.36363636,0,,,,98980,8000
ucm,44.809,-110.1127,1912.6,1989,gr,4,8,262,119.21622,30.63,69.37,87.38738739,12.61261261,0,,,,98980,8000
ucm,44.809,-110.1127,1912.6,1989,gr,4,9,262,77.32944,20.83,79.17,81.94444444,18.05555556,0,,,,98980,8000
ucm,44.809,-110.1127,1912.6,1989,gr,4,10,262,42.9608,20,80,90,10,0,,,,98980,8000
ucm,44.809,-110.1127,1912.6,1989,gr,4,11,262,100.95788,35.11,64.89,85.10638298,14.89361702,0,,,,98980,8000
ucm,44.809,-110.1127,1912.6,1989,gr,4,12,262,94.51376,48.86,51.14,81.81818182,18.18181818,0,,,,98980,8000
ucr,44.812,-110.1127,1912.6,1988,gr,1,1,179,11.82897,92.59,7.41,59.25925926,40.74074074,0,,,,29630,1000
ucr,44.812,-110.1127,1912.6,1988,gr,1,2,179,18.40062,90.48,9.52,0,100,0,,,,29630,1000
ucr,44.812,-110.1127,1912.6,1988,gr,1,3,179,16.64818,94.74,5.26,42.10526316,57.89473684,0,,,,29630,1000
ucr,44.812,-110.1127,1912.6,1988,gr,1,4,179,8.7622,90,10,0,100,0,,,,29630,1000
ucr,44.812,-110.1127,1912.6,1988,gr,1,5,179,10.51464,100,0,8.333333333,91.66666667,0,,,,29630,1000
ucr,44.812,-110.1127,1912.6,1988,gr,1,6,179,5.25732,66.67,33.33,0,100,0,,,,29630,1000
ucr,44.812,-110.1127,1912.6,1988,gr,1,7,179,34.17258,71.79,28.21,23.07692308,76.92307692,0,,,,29630,1000
ucr,44.812,-110.1127,1912.6,1988,gr,1,8,179,34.17258,46.15,53.85,38.46153846,61.53846154,0,,,,29630,1000
ucr,44.812,-110.1127,1912.6,1988,gr,1,9,179,21.02928,45.83,54.17,37.5,62.5,0,,,,29630,1000
ucr,44.812,-110.1127,1912.6,1988,gr,1,10,179,18.40062,57.14,42.86,14.28571429,85.71428571,0,,,,29630,1000
ucr,44.812,-110.1127,1912.6,1988,gr,2,1,216,17.5244,15,85,37.5,62.5,0,,,,29630,1000
ucr,44.812,-110.1127,1912.6,1988,gr,2,2,216,18.40062,4.76,95.24,45.23809524,54.76190476,0,,,,29630,1000
ucr,44.812,-110.1127,1912.6,1988,gr,2,3,216,29.79148,0,100,67.64705882,32.35294118,0,,,,29630,1000
ucr,44.812,-110.1127,1912.6,1988,gr,2,4,216,29.79148,5.88,94.12,44.11764706,55.88235294,0,,,,29630,1000
ucr,44.812,-110.1127,1912.6,1988,gr,2,5,216,22.78172,15.38,84.62,46.15384615,53.84615385,0,,,,29630,1000
ucr,44.812,-110.1127,1912.6,1988,gr,2,6,216,27.16282,19.35,80.65,41.93548387,58.06451613,0,,,,29630,1000
ucr,44.812,-110.1127,1912.6,1988,gr,2,7,216,29.79148,5.88,94.12,35.29411765,64.70588235,0,,,,29630,1000
ucr,44.812,-110.1127,1912.6,1988,gr,2,8,216,17.5244,0,100,35,65,0,,,,29630,1000
ucr,44.812,-110.1127,1912.6,1988,gr,2,9,216,14.01952,0,100,43.75,56.25,0,,,,29630,1000
ucr,44.812,-110.1127,1912.6,1988,gr,2,10,216,20.15306,0,100,34.7826087,65.2173913,0,,,,29630,1000
ucr,44.812,-110.1127,1912.6,1988,gr,3,1,243,14.01952,6.25,93.75,12.5,87.5,0,,,,29630,1000
ucr,44.812,-110.1127,1912.6,1988,gr,3,2,243,17.5244,5,95,25,75,0,,,,29630,1000
ucr,44.812,-110.1127,1912.6,1988,gr,3,3,243,35.92502,14.63,85.37,46.34146341,53.65853659,0,,,,29630,1000
ucr,44.812,-110.1127,1912.6,1988,gr,3,4,243,37.67746,0,100,60.46511628,39.53488372,0,,,,29630,1000
ucr,44.812,-110.1127,1912.6,1988,gr,3,5,243,35.0488,37.5,62.5,32.5,67.5,0,,,,29630,1000
ucr,44.812,-110.1127,1912.6,1988,gr,3,6,243,28.91526,0,100,57.57575758,42.42424242,0,,,,29630,1000
ucr,44.812,-110.1127,1912.6,1988,gr,3,7,243,7.00976,0,100,100,0,0,,,,29630,1000
ucr,44.812,-110.1127,1912.6,1988,gr,3,8,243,48.1921,1.82,98.18,74.54545455,25.45454545,0,,,,29630,1000
ucr,44.812,-110.1127,1912.6,1988,gr,3,9,243,22.78172,7.69,92.31,61.53846154,38.46153846,0,,,,29630,1000
ucr,44.812,-110.1127,1912.6,1988,gr,3,10,243,30.6677,0,100,68.57142857,31.42857143,0,,,,29630,1000
ucr,44.812,-110.1127,1912.6,1988,gr,3,11,243,20.15306,0,100,78.26086957,21.73913043,0,,,,29630,1000
ucr,44.812,-110.1127,1912.6,1988,gr,3,12,243,23.65794,0,100,88.88888889,11.11111111,0,,,,29630,1000
ucr,44.812,-110.1127,1912.6,1988,gr,4,1,279,10.51464,0,100,25,75,0,,,,29630,1000
ucr,44.812,-110.1127,1912.6,1988,gr,4,2,279,24.53416,0,100,17.85714286,82.14285714,0,,,,29630,1000
ucr,44.812,-110.1127,1912.6,1988,gr,4,3,279,9.63842,0,100,27.27272727,72.72727273,0,,,,29630,1000
ucr,44.812,-110.1127,1912.6,1988,gr,4,4,279,20.15306,13.04,86.96,26.08695652,73.91304348,0,,,,29630,1000
ucr,44.812,-110.1127,1912.6,1988,gr,4,5,279,19.27684,0,100,18.18181818,81.81818182,0,,,,29630,1000
ucr,44.812,-110.1127,1912.6,1988,gr,4,6,279,22.78172,0,100,84.61538462,15.38461538,0,,,,29630,1000
ucr,44.812,-110.1127,1912.6,1988,gr,4,7,279,24.53416,10.71,89.29,53.57142857,46.42857143,0,,,,29630,1000
ucr,44.812,-110.1127,1912.6,1988,gr,4,8,279,25.41038,3.45,96.55,62.06896552,37.93103448,0,,,,29630,1000
ucr,44.812,-110.1127,1912.6,1988,gr,4,9,279,10.51464,0,100,100,0,0,,,,29630,1000
ucr,44.812,-110.1127,1912.6,1988,gr,4,10,279,17.5244,0,100,70,30,0,,,,29630,1000
ucr,44.812,-110.1127,1912.6,1989,gr,1,1,178,10.51464,83.33,16.67,50,50,0,,,,75690,1000
ucr,44.812,-110.1127,1912.6,1989,gr,1,2,178,7.88598,100,0,88.88888889,11.11111111,0,,,,75690,1000
ucr,44.812,-110.1127,1912.6,1989,gr,1,3,178,13.1433,93.33,6.67,26.66666667,73.33333333,0,,,,75690,1000
ucr,44.812,-110.1127,1912.6,1989,gr,1,4,178,6.13354,57.14,42.86,14.28571429,85.71428571,0,,,,75690,1000
ucr,44.812,-110.1127,1912.6,1989,gr,1,5,178,21.02928,100,0,37.5,62.5,0,,,,75690,1000
ucr,44.812,-110.1127,1912.6,1989,gr,1,6,178,18.40062,100,0,52.38095238,47.61904762,0,,,,75690,1000
ucr,44.812,-110.1127,1912.6,1989,gr,1,7,178,14.01952,87.5,12.5,43.75,56.25,0,,,,75690,1000
ucr,44.812,-110.1127,1912.6,1989,gr,1,8,178,19.27684,68.18,31.82,40.90909091,59.09090909,0,,,,75690,1000
ucr,44.812,-110.1127,1912.6,1989,gr,2,1,205,23.65794,11.11,88.89,70.37037037,29.62962963,0,,,,75690,1000
ucr,44.812,-110.1127,1912.6,1989,gr,2,2,205,20.15306,17.39,82.61,47.82608696,52.17391304,0,,,,75690,1000
ucr,44.812,-110.1127,1912.6,1989,gr,2,3,205,38.55368,9.09,90.91,81.81818182,18.18181818,0,,,,75690,1000
ucr,44.812,-110.1127,1912.6,1989,gr,2,4,205,17.5244,35,65,55,45,0,,,,75690,1000
ucr,44.812,-110.1127,1912.6,1989,gr,2,5,205,14.01952,31.25,68.75,56.25,43.75,0,,,,75690,1000
ucr,44.812,-110.1127,1912.6,1989,gr,2,6,205,12.26708,0,100,64.28571429,35.71428571,0,,,,75690,1000
ucr,44.812,-110.1127,1912.6,1989,gr,2,7,205,12.26708,28.57,71.43,42.85714286,57.14285714,0,,,,75690,1000
ucr,44.812,-110.1127,1912.6,1989,gr,2,8,205,37.67746,37.21,62.79,65.11627907,34.88372093,0,,,,75690,1000
ucr,44.812,-110.1127,1912.6,1989,gr,3,1,233,11.39086,69.23,30.77,53.84615385,46.15384615,0,,,,75690,1000
ucr,44.812,-110.1127,1912.6,1989,gr,3,2,233,14.01952,62.5,37.5,50,50,0,,,,75690,1000
ucr,44.812,-110.1127,1912.6,1989,gr,3,3,233,18.40062,42.86,57.14,66.66666667,33.33333333,0,,,,75690,1000
ucr,44.812,-110.1127,1912.6,1989,gr,3,4,233,14.89574,35.29,64.71,64.70588235,35.29411765,0,,,,75690,1000
ucr,44.812,-110.1127,1912.6,1989,gr,3,5,233,19.27684,27.27,72.73,90.90909091,9.090909091,0,,,,75690,1000
ucr,44.812,-110.1127,1912.6,1989,gr,3,6,233,17.5244,55,45,45,55,0,,,,75690,1000
ucr,44.812,-110.1127,1912.6,1989,gr,3,7,233,27.16282,38.71,61.29,48.38709677,51.61290323,0,,,,75690,1000
ucr,44.812,-110.1127,1912.6,1989,gr,3,8,233,22.78172,61.54,38.46,38.46153846,61.53846154,0,,,,75690,1000
ucr,44.812,-110.1127,1912.6,1989,gr,4,1,261,17.5244,55,45,30,70,0,,,,75690,1000
ucr,44.812,-110.1127,1912.6,1989,gr,4,2,261,34.17258,56.41,43.59,53.84615385,46.15384615,0,,,,75690,1000
ucr,44.812,-110.1127,1912.6,1989,gr,4,3,261,25.41038,58.62,41.38,68.96551724,31.03448276,0,,,,75690,1000
ucr,44.812,-110.1127,1912.6,1989,gr,4,4,261,36.80124,47.62,52.38,73.80952381,26.19047619,0,,,,75690,1000
ucr,44.812,-110.1127,1912.6,1989,gr,4,5,261,31.54392,58.33,41.67,36.11111111,63.88888889,0,,,,75690,1000
ucr,44.812,-110.1127,1912.6,1989,gr,4,6,261,22.78172,80.77,19.23,42.30769231,57.69230769,0,,,,75690,1000
ucr,44.812,-110.1127,1912.6,1989,gr,4,7,261,34.17258,33.33,66.67,84.61538462,15.38461538,0,,,,75690,1000
ucr,44.812,-110.1127,1912.6,1989,gr,4,8,261,22.78172,46.15,53.85,96.15384615,3.846153846,0,,,,75690,1000
usg,44.81,-110.1127,1912.6,1988,gr,1,1,182,106.89076,100,0,85.11450382,14.88549618,0,,,,66370,5000
usg,44.81,-110.1127,1912.6,1988,gr,1,2,182,53.85336,100,0,34.84848485,65.15151515,0,,,,66370,5000
usg,44.81,-110.1127,1912.6,1988,gr,1,3,182,88.53166,100,0,61.29032258,38.70967742,0,,,,66370,5000
usg,44.81,-110.1127,1912.6,1988,gr,1,4,182,37.53416,100,0,44.56521739,55.43478261,0,,,,66370,5000
usg,44.81,-110.1127,1912.6,1988,gr,1,5,182,73.4364,100,0,69.44444444,30.55555556,0,,,,66370,5000
usg,44.81,-110.1127,1912.6,1988,gr,1,6,182,97.09924,98.74,1.26,42.01680672,57.98319328,0,,,,66370,5000
usg,44.81,-110.1127,1912.6,1988,gr,1,7,182,73.4364,100,0,54.44444444,45.55555556,0,,,,66370,5000
usg,44.81,-110.1127,1912.6,1988,gr,1,8,182,36.31022,100,0,28.08988764,71.91011236,0,,,,66370,5000
usg,44.81,-110.1127,1912.6,1988,gr,1,9,182,88.12368,100,0,84.72222222,15.27777778,0,,,,66370,5000
usg,44.81,-110.1127,1912.6,1988,gr,1,10,182,40.798,98,2,50,49,0.99009901,,,,66370,5000
usg,44.81,-110.1127,1912.6,1988,gr,1,11,182,54.26134,100,0,25.56390977,74.43609023,0,,,,66370,5000
usg,44.81,-110.1127,1912.6,1988,gr,1,12,182,57.1172,100,0,59.28571429,40.71428571,0,,,,66370,5000
usg,44.81,-110.1127,1912.6,1988,gr,2,1,216,48.9576,86.67,13.33,55,45,0,,,,66370,5000
usg,44.81,-110.1127,1912.6,1988,gr,2,2,216,30.19052,86.49,13.51,56.75675676,43.24324324,0,,,,66370,5000
usg,44.81,-110.1127,1912.6,1988,gr,2,3,216,60.38104,33.78,66.22,90.54054054,9.459459459,0,,,,66370,5000
usg,44.81,-110.1127,1912.6,1988,gr,2,4,216,39.16608,45.83,54.17,72.91666667,27.08333333,0,,,,66370,5000
usg,44.81,-110.1127,1912.6,1988,gr,2,5,216,48.9576,65,35,23.33333333,76.66666667,0,,,,66370,5000
usg,44.81,-110.1127,1912.6,1988,gr,2,6,216,71.80448,48.86,51.14,68.18181818,31.81818182,0,,,,66370,5000
usg,44.81,-110.1127,1912.6,1988,gr,2,7,216,50.58952,67.74,32.26,88.70967742,11.29032258,0,,,,66370,5000
usg,44.81,-110.1127,1912.6,1988,gr,2,8,216,52.22144,73.44,26.56,65.625,34.375,0,,,,66370,5000
usg,44.81,-110.1127,1912.6,1988,gr,2,9,216,39.16608,62.5,37.5,89.58333333,10.41666667,0,,,,66370,5000
usg,44.81,-110.1127,1912.6,1988,gr,2,10,216,39.16608,45.83,54.17,72.91666667,27.08333333,0,,,,66370,5000
usg,44.81,-110.1127,1912.6,1988,gr,2,11,216,70.98852,74.71,25.29,77.01149425,22.98850575,0,,,,66370,5000
usg,44.81,-110.1127,1912.6,1988,gr,2,12,216,53.85336,51.52,48.48,62.12121212,37.87878788,0,,,,66370,5000
usg,44.81,-110.1127,1912.6,1988,gr,3,1,243,39.98204,30.61,69.39,87.75510204,12.24489796,0,,,,66370,5000
usg,44.81,-110.1127,1912.6,1988,gr,3,2,243,31.82244,25.64,74.36,72.72727273,27.27272727,0,,,,66370,5000
usg,44.81,-110.1127,1912.6,1988,gr,3,3,243,19.58304,62.5,37.5,84.31372549,15.68627451,0,,,,66370,5000
usg,44.81,-110.1127,1912.6,1988,gr,3,4,243,39.98204,16.33,83.67,81.63265306,18.36734694,0,,,,66370,5000
usg,44.81,-110.1127,1912.6,1988,gr,3,5,243,53.0374,44.62,55.38,93.84615385,6.153846154,0,,,,66370,5000
usg,44.81,-110.1127,1912.6,1988,gr,3,6,243,15.50324,63.16,36.84,77.08333333,22.91666667,0,,,,66370,5000
usg,44.81,-110.1127,1912.6,1988,gr,3,7,243,29.37456,27.78,72.22,92.15686275,7.843137255,0,,,,66370,5000
usg,44.81,-110.1127,1912.6,1988,gr,3,8,243,38.35012,48.94,51.06,85.10638298,14.89361702,0,,,,66370,5000
usg,44.81,-110.1127,1912.6,1988,gr,3,9,243,44.8778,30.91,69.09,87.27272727,12.72727273,0,,,,66370,5000
usg,44.81,-110.1127,1912.6,1988,gr,3,10,243,42.42992,32.69,67.31,50,50,0,,,,66370,5000
usg,44.81,-110.1127,1912.6,1988,gr,3,11,243,28.5586,77.14,22.86,88.23529412,11.76470588,0,,,,66370,5000
usg,44.81,-110.1127,1912.6,1988,gr,3,12,243,63.64488,19.23,80.77,91.66666667,8.333333333,0,,,,66370,5000
usg,44.81,-110.1127,1912.6,1988,gr,4,1,279,39.57406,3.09,96.91,97.93814433,2.06185567,0,,,,66370,5000
usg,44.81,-110.1127,1912.6,1988,gr,4,2,279,19.58304,4.17,95.83,75,25,0,,,,66370,5000
usg,44.81,-110.1127,1912.6,1988,gr,4,3,279,79.14812,5.15,94.85,88.65979381,11.34020619,0,,,,66370,5000
usg,44.81,-110.1127,1912.6,1988,gr,4,4,279,36.7182,4.44,95.56,62.22222222,37.77777778,0,,,,66370,5000
usg,44.81,-110.1127,1912.6,1988,gr,4,5,279,31.00648,2.63,97.37,89.47368421,10.52631579,0,,,,66370,5000
usg,44.81,-110.1127,1912.6,1988,gr,4,6,279,53.85336,0,100,87.87878788,12.12121212,0,,,,66370,5000
usg,44.81,-110.1127,1912.6,1989,gr,1,1,180,91.38752,99.11,0.89,62.5,37.5,0,,,,66370,5000
usg,44.81,-110.1127,1912.6,1989,gr,1,2,180,76.70024,100,0,26.59574468,73.40425532,0,,,,66370,5000
usg,44.81,-110.1127,1912.6,1989,gr,1,3,180,103.62692,98.43,1.57,46.45669291,53.54330709,0,,,,66370,5000
usg,44.81,-110.1127,1912.6,1989,gr,1,4,180,75.88428,100,0,38.70967742,61.29032258,0,,,,66370,5000
usg,44.81,-110.1127,1912.6,1989,gr,1,5,180,82.41196,99.01,0.99,54.45544554,45.54455446,0,,,,66370,5000
usg,44.81,-110.1127,1912.6,1989,gr,1,6,180,76.70024,100,0,37.23404255,62.76595745,0,,,,66370,5000
usg,44.81,-110.1127,1912.6,1989,gr,1,7,180,55.48528,100,0,42.64705882,57.35294118,0,,,,66370,5000
usg,44.81,-110.1127,1912.6,1989,gr,1,8,180,59.56508,98.63,1.37,36.98630137,63.01369863,0,,,,66370,5000
usg,44.81,-110.1127,1912.6,1989,gr,1,9,180,52.22144,100,0,50,48.4375,1.538461538,,,,66370,5000
usg,44.81,-110.1127,1912.6,1989,gr,1,10,180,54.66932,95.52,4.48,67.1641791,28.35820896,4.285714286,,,,66370,5000
usg,44.81,-110.1127,1912.6,1989,gr,1,11,180,67.72468,100,0,59.03614458,40.96385542,0,,,,66370,5000
usg,44.81,-110.1127,1912.6,1989,gr,1,12,180,95.46732,100,0,61.53846154,38.46153846,0,,,,66370,5000
usg,44.81,-110.1127,1912.6,1989,gr,2,1,207,62.82892,74.03,25.97,40.25974026,59.74025974,0,,,,66370,5000
usg,44.81,-110.1127,1912.6,1989,gr,2,2,207,59.56508,72.6,27.4,61.64383562,38.35616438,0,,,,66370,5000
usg,44.81,-110.1127,1912.6,1989,gr,2,3,207,98.73116,78.51,21.49,60.33057851,39.66942149,0,,,,66370,5000
usg,44.81,-110.1127,1912.6,1989,gr,2,4,207,57.93316,67.61,32.39,61.97183099,38.02816901,0,,,,66370,5000
usg,44.81,-110.1127,1912.6,1989,gr,2,5,207,52.22144,79.69,20.31,40.625,59.375,0,,,,66370,5000
usg,44.81,-110.1127,1912.6,1989,gr,2,6,207,82.41196,63.37,36.63,64.35643564,35.64356436,0,,,,66370,5000
usg,44.81,-110.1127,1912.6,1989,gr,2,7,207,55.48528,83.82,16.18,70.58823529,29.41176471,0,,,,66370,5000
usg,44.81,-110.1127,1912.6,1989,gr,2,8,207,74.25236,87.91,12.09,72.52747253,27.47252747,0,,,,66370,5000
usg,44.81,-110.1127,1912.6,1989,gr,2,9,207,70.98852,90.8,9.2,47.12643678,52.87356322,0,,,,66370,5000
usg,44.81,-110.1127,1912.6,1989,gr,2,10,207,63.64488,94.87,5.13,52.56410256,47.43589744,0,,,,66370,5000
usg,44.81,-110.1127,1912.6,1989,gr,2,11,207,37.53416,89.13,10.87,36.95652174,58.69565217,4.166666667,,,,66370,5000
usg,44.81,-110.1127,1912.6,1989,gr,2,12,207,26.11072,84.38,15.63,25,75,0,,,,66370,5000
usg,44.81,-110.1127,1912.6,1989,gr,3,1,234,62.01296,81.58,18.42,69.73684211,30.26315789,0,,,,66370,5000
usg,44.81,-110.1127,1912.6,1989,gr,3,2,234,56.30124,82.61,17.39,66.66666667,31.88405797,1.428571429,,,,66370,5000
usg,44.81,-110.1127,1912.6,1989,gr,3,3,234,35.08628,79.07,20.93,48.8372093,51.1627907,0,,,,66370,5000
usg,44.81,-110.1127,1912.6,1989,gr,3,4,234,56.30124,68.12,31.88,49.27536232,50.72463768,0,,,,66370,5000
usg,44.81,-110.1127,1912.6,1989,gr,3,5,234,65.2768,82.5,17.5,57.5,42.5,0,,,,66370,5000
usg,44.81,-110.1127,1912.6,1989,gr,3,6,234,41.61396,88.24,11.76,62.74509804,37.25490196,0,,,,66370,5000
usg,44.81,-110.1127,1912.6,1989,gr,3,7,234,38.35012,89.36,10.64,72.34042553,27.65957447,0,,,,66370,5000
usg,44.81,-110.1127,1912.6,1989,gr,3,8,234,55.48528,72.06,27.94,75,25,0,,,,66370,5000
usg,44.81,-110.1127,1912.6,1989,gr,4,1,263,45.69376,28.57,71.43,67.85714286,32.14285714,0,,,,66370,5000
usg,44.81,-110.1127,1912.6,1989,gr,4,2,263,57.93316,28.17,71.83,84.50704225,15.49295775,0,,,,66370,5000
usg,44.81,-110.1127,1912.6,1989,gr,4,3,263,36.7182,46.67,53.33,68.88888889,31.11111111,0,,,,66370,5000
usg,44.81,-110.1127,1912.6,1989,gr,4,4,263,47.32568,24.14,75.86,70.68965517,29.31034483,0,,,,66370,5000
usg,44.81,-110.1127,1912.6,1989,gr,4,5,263,36.7182,44.44,55.56,40,44.44444444,13.46153846,,,,66370,5000
usg,44.81,-110.1127,1912.6,1989,gr,4,6,263,33.45436,31.71,68.29,60.97560976,39.02439024,0,,,,66370,5000
usg,44.81,-110.1127,1912.6,1989,gr,4,7,263,22.03092,18.52,81.48,48.14814815,51.85185185,0,,,,66370,5000
usg,44.81,-110.1127,1912.6,1989,gr,4,8,263,44.8778,21.82,78.18,85.45454545,14.54545455,0,,,,66370,5000
usg,44.81,-110.1127,1912.6,1989,gr,4,9,263,58.74912,30.56,69.44,66.66666667,33.33333333,0,,,,66370,5000
usg,44.81,-110.1127,1912.6,1989,gr,4,10,263,57.1172,11.43,88.57,74.28571429,25.71428571,0,,,,66370,5000
usg,44.81,-110.1127,1912.6,1989,gr,4,11,263,41.61396,27.45,72.55,74.50980392,25.49019608,0,,,,66370,5000
usg,44.81,-110.1127,1912.6,1989,gr,4,12,263,36.7182,48.89,51.11,75.55555556,24.44444444,0,,,,66370,5000
wden,44.903,-110.3535,1912.6,2012,gr,1,1,157,53.8087,94.21,5.79,76.85950413,23.14049587,0,,,,34160,2850
wden,44.903,-110.3535,1912.6,2012,gr,1,2,157,46.6935,83.81,16.19,73.33333333,26.66666667,0,,,,34160,2850
wden,44.903,-110.3535,1912.6,2012,gr,1,3,157,67.1497,95.36,4.64,76.1589404,23.8410596,0,,,,34160,2850
wden,44.903,-110.3535,1912.6,2012,gr,1,4,157,55.1428,97.58,2.42,84.67741935,15.32258065,0,,,,34160,2850
wden,44.903,-110.3535,1912.6,2012,gr,1,5,157,40.9124,88.04,11.96,70.65217391,29.34782609,0,,,,34160,2850
wden,44.903,-110.3535,1912.6,2012,gr,1,6,157,53.8087,85.95,14.05,71.90082645,28.09917355,0,,,,34160,2850
wden,44.903,-110.3535,1912.6,2012,gr,1,7,157,57.811,90,10,89.23076923,10.76923077,0,,,,34160,2850
wden,44.903,-110.3535,1912.6,2012,gr,1,8,157,58.2557,90.84,9.16,77.86259542,22.13740458,0,,,,34160,2850
wden,44.903,-110.3535,1912.6,2012,gr,1,9,157,90.2741,94.58,5.42,90.14778325,9.852216749,0,,,,34160,2850
wden,44.903,-110.3535,1912.6,2012,gr,1,10,157,72.9308,96.34,3.66,95.73170732,4.268292683,0,,,,34160,2850
wden,44.903,-110.3535,1912.6,2012,gr,1,11,157,46.6935,96.19,3.81,91.42857143,8.571428571,0,,,,34160,2850
wden,44.903,-110.3535,1912.6,2012,gr,1,12,157,48.4723,96.33,3.67,88.99082569,11.00917431,0,,,,34160,2850
wden,44.903,-110.3535,1912.6,2012,gr,2,1,208,40.4677,76.92,23.08,79.12087912,20.87912088,0,,,,34160,2850
wden,44.903,-110.3535,1912.6,2012,gr,2,2,208,36.4654,75.61,24.39,90.24390244,9.756097561,0,,,,34160,2850
wden,44.903,-110.3535,1912.6,2012,gr,2,3,208,33.7972,51.32,48.68,81.57894737,18.42105263,0,,,,34160,2850
wden,44.903,-110.3535,1912.6,2012,gr,2,4,208,47.1382,63.21,36.79,81.13207547,18.86792453,0,,,,34160,2850
wden,44.903,-110.3535,1912.6,2012,gr,2,5,208,30.6843,71.01,28.99,68.11594203,31.88405797,0,,,,34160,2850
wden,44.903,-110.3535,1912.6,2012,gr,2,6,208,33.7972,64.47,35.53,84.21052632,15.78947368,0,,,,34160,2850
wden,44.903,-110.3535,1912.6,2012,gr,2,7,208,52.9193,58.82,41.18,89.07563025,10.92436975,0,,,,34160,2850
wden,44.903,-110.3535,1912.6,2012,gr,2,8,208,55.1428,58.87,41.13,96.77419355,3.225806452,0,,,,34160,2850
wden,44.903,-110.3535,1912.6,2012,gr,2,9,208,36.9101,48.19,51.81,80.72289157,19.27710843,0,,,,34160,2850
wden,44.903,-110.3535,1912.6,2012,gr,2,10,208,36.4654,62.2,37.8,95.12195122,4.87804878,0,,,,34160,2850
wden,44.903,-110.3535,1912.6,2012,gr,3,1,235,33.7972,31.58,68.42,88.15789474,11.84210526,0,,,,34160,2850
wden,44.903,-110.3535,1912.6,2012,gr,3,2,235,36.4654,41.46,58.54,76.82926829,23.17073171,0,,,,34160,2850
wden,44.903,-110.3535,1912.6,2012,gr,3,3,235,26.682,21.67,78.33,85,15,0,,,,34160,2850
wden,44.903,-110.3535,1912.6,2012,gr,3,4,235,51.5852,43.1,56.9,93.96551724,6.034482759,0,,,,34160,2850
wden,44.903,-110.3535,1912.6,2012,gr,3,5,235,28.0161,50.79,49.21,90.47619048,9.523809524,0,,,,34160,2850
wden,44.903,-110.3535,1912.6,2012,gr,3,6,235,18.2327,36.59,63.41,82.92682927,17.07317073,0,,,,34160,2850
wden,44.903,-110.3535,1912.6,2012,gr,3,7,235,55.1428,29.84,70.16,94.35483871,5.64516129,0,,,,34160,2850
wden,44.903,-110.3535,1912.6,2012,gr,3,8,235,40.023,45.56,54.44,63.33333333,36.66666667,0,,,,34160,2850
wden,44.903,-110.3535,1912.6,2012,gr,3,9,235,32.4631,35.62,64.38,93.15068493,6.849315068,0,,,,34160,2850
wden,44.903,-110.3535,1912.6,2012,gr,3,10,235,48.4723,30.28,69.72,98.16513761,1.834862385,0,,,,34160,2850
wden,44.903,-110.3535,1912.6,2012,gr,3,11,235,44.0253,24.24,75.76,90.90909091,9.090909091,0,,,,34160,2850
wden,44.903,-110.3535,1912.6,2012,gr,3,12,235,42.2465,28.42,71.58,89.47368421,10.52631579,0,,,,34160,2850
wden,44.903,-110.3535,1912.6,2012,gr,4,1,261,47.5829,16.82,83.18,85.04672897,14.95327103,0,,,,34160,2850
wden,44.903,-110.3535,1912.6,2012,gr,4,2,261,35.576,11.25,88.75,91.25,8.75,0,,,,34160,2850
wden,44.903,-110.3535,1912.6,2012,gr,4,3,261,40.4677,16.48,83.52,94.50549451,5.494505495,0,,,,34160,2850
wden,44.903,-110.3535,1912.6,2012,gr,4,4,261,32.9078,17.57,82.43,72.97297297,27.02702703,0,,,,34160,2850
wden,44.903,-110.3535,1912.6,2012,gr,4,5,261,13.341,33.33,66.67,66.66666667,33.33333333,0,,,,34160,2850
wden,44.903,-110.3535,1912.6,2012,gr,4,6,261,16.4539,18.92,81.08,78.37837838,21.62162162,0,,,,34160,2850
wden,44.903,-110.3535,1912.6,2012,gr,4,7,261,56.4769,21.26,78.74,95.27559055,4.724409449,0,,,,34160,2850
wden,44.903,-110.3535,1912.6,2012,gr,4,8,261,33.3525,32,68,89.33333333,10.66666667,0,,,,34160,2850
wden,44.903,-110.3535,1912.6,2012,gr,4,9,261,29.7949,22.39,77.61,94.02985075,5.970149254,0,,,,34160,2850
wden,44.903,-110.3535,1912.6,2012,gr,4,10,261,29.3502,16.67,83.33,86.36363636,13.63636364,0,,,,34160,2850
wden,44.903,-110.3535,1912.6,2012,gr,4,11,261,35.576,17.5,82.5,92.5,7.5,0,,,,34160,2850
wden,44.903,-110.3535,1912.6,2012,gr,4,12,261,48.0276,18.52,81.48,97.22222222,2.777777778,0,,,,34160,2850
wden,44.903,-110.3535,1912.6,2013,gr,1,1,127,15.5645,91.43,8.57,88.57142857,11.42857143,0,127,41500,3830,34160,2850
wden,44.903,-110.3535,1912.6,2013,gr,1,2,127,12.0069,81.48,18.52,96.2962963,3.703703704,0,127,41500,3830,34160,2850
wden,44.903,-110.3535,1912.6,2013,gr,1,3,127,20.9009,74.47,25.53,93.61702128,6.382978723,0,127,41500,3830,34160,2850
wden,44.903,-110.3535,1912.6,2013,gr,1,4,127,30.6843,89.86,10.14,92.75362319,7.246376812,0,127,41500,3830,34160,2850
wden,44.903,-110.3535,1912.6,2013,gr,1,5,127,8.4493,89.47,10.53,100,0,0,127,41500,3830,34160,2850
wden,44.903,-110.3535,1912.6,2013,gr,1,6,127,13.341,96.67,3.33,100,0,0,127,41500,3830,34160,2850
wden,44.903,-110.3535,1912.6,2013,gr,1,7,127,20.4562,76.09,23.91,97.82608696,2.173913043,0,127,41500,3830,34160,2850
wden,44.903,-110.3535,1912.6,2013,gr,1,8,127,11.5622,100,0,92.30769231,7.692307692,0,127,41500,3830,34160,2850
wden,44.903,-110.3535,1912.6,2013,gr,1,9,127,23.1244,90.38,9.62,76.92307692,23.07692308,0,127,41500,3830,34160,2850
wden,44.903,-110.3535,1912.6,2013,gr,1,10,127,17.3433,94.87,5.13,89.74358974,10.25641026,0,127,41500,3830,34160,2850
wden,44.903,-110.3535,1912.6,2013,gr,1,11,127,21.7903,93.88,6.12,83.67346939,16.32653061,0,127,41500,3830,34160,2850
wden,44.903,-110.3535,1912.6,2013,gr,1,12,127,14.2304,96.88,3.13,81.25,18.75,0,127,41500,3830,34160,2850
wden,44.903,-110.3535,1912.6,2013,gr,2,1,164,38.6889,95.4,4.6,89.65517241,10.34482759,0,164,26200,2557,34160,2850
wden,44.903,-110.3535,1912.6,2013,gr,2,2,164,22.235,98,2,78,22,0,164,26200,2557,34160,2850
wden,44.903,-110.3535,1912.6,2013,gr,2,3,164,45.3594,97.06,2.94,87.25490196,12.74509804,0,164,26200,2557,34160,2850
wden,44.903,-110.3535,1912.6,2013,gr,2,4,164,25.7926,94.83,5.17,91.37931034,8.620689655,0,164,26200,2557,34160,2850
wden,44.903,-110.3535,1912.6,2013,gr,2,5,164,45.3594,99.02,0.98,89.21568627,10.78431373,0,164,26200,2557,34160,2850
wden,44.903,-110.3535,1912.6,2013,gr,2,6,164,80.9354,98.9,1.1,89.01098901,10.98901099,0,164,26200,2557,34160,2850
wden,44.903,-110.3535,1912.6,2013,gr,2,7,164,36.4654,98.78,1.22,90.24390244,9.756097561,0,164,26200,2557,34160,2850
wden,44.903,-110.3535,1912.6,2013,gr,2,8,164,31.5737,98.59,1.41,88.73239437,11.26760563,0,164,26200,2557,34160,2850
wden,44.903,-110.3535,1912.6,2013,gr,2,9,164,40.023,98.89,1.11,77.77777778,22.22222222,0,164,26200,2557,34160,2850
wden,44.903,-110.3535,1912.6,2013,gr,2,10,164,37.3548,96.43,3.57,77.38095238,22.61904762,0,164,26200,2557,34160,2850
wden,44.903,-110.3535,1912.6,2013,gr,2,11,164,48.0276,100,0,88.88888889,11.11111111,0,164,26200,2557,34160,2850
wden,44.903,-110.3535,1912.6,2013,gr,2,12,164,43.5806,100,0,84.69387755,15.30612245,0,164,26200,2557,34160,2850
wden,44.903,-110.3535,1912.6,2013,gr,3,1,184,31.5737,76.06,23.94,83.09859155,16.90140845,0,184,16100,1418,34160,2850
wden,44.903,-110.3535,1912.6,2013,gr,3,2,184,26.682,71.67,28.33,96.66666667,3.333333333,0,184,16100,1418,34160,2850
wden,44.903,-110.3535,1912.6,2013,gr,3,3,184,25.7926,48.28,51.72,87.93103448,12.06896552,0,184,16100,1418,34160,2850
wden,44.903,-110.3535,1912.6,2013,gr,3,4,184,26.682,51.67,48.33,96.66666667,3.333333333,0,184,16100,1418,34160,2850
wden,44.903,-110.3535,1912.6,2013,gr,3,5,184,41.3571,74.19,25.81,91.39784946,8.602150538,0,184,16100,1418,34160,2850
wden,44.903,-110.3535,1912.6,2013,gr,3,6,184,35.1313,59.49,40.51,100,0,0,184,16100,1418,34160,2850
wden,44.903,-110.3535,1912.6,2013,gr,3,7,184,24.0138,90.74,9.26,87.03703704,12.96296296,0,184,16100,1418,34160,2850
wden,44.903,-110.3535,1912.6,2013,gr,3,8,184,29.7949,89.55,10.45,89.55223881,10.44776119,0,184,16100,1418,34160,2850
wden,44.903,-110.3535,1912.6,2013,gr,3,9,184,48.917,85.45,14.55,94.54545455,5.454545455,0,184,16100,1418,34160,2850
wden,44.903,-110.3535,1912.6,2013,gr,3,10,184,32.9078,85.14,14.86,94.59459459,5.405405405,0,184,16100,1418,34160,2850
wden,44.903,-110.3535,1912.6,2013,gr,3,11,184,32.4631,79.45,20.55,86.30136986,13.69863014,0,184,16100,1418,34160,2850
wden,44.903,-110.3535,1912.6,2013,gr,3,12,184,15.1198,76.47,23.53,73.52941176,26.47058824,0,184,16100,1418,34160,2850
wden,44.903,-110.3535,1912.6,2013,gr,4,1,213,32.0184,50,50,86.11111111,13.88888889,0,213,14700,1954,34160,2850
wden,44.903,-110.3535,1912.6,2013,gr,4,2,213,13.7857,51.61,48.39,96.77419355,3.225806452,0,213,14700,1954,34160,2850
wden,44.903,-110.3535,1912.6,2013,gr,4,3,213,22.235,58,42,76,24,0,213,14700,1954,34160,2850
wden,44.903,-110.3535,1912.6,2013,gr,4,4,213,18.6774,42.86,57.14,83.33333333,16.66666667,0,213,14700,1954,34160,2850
wden,44.903,-110.3535,1912.6,2013,gr,4,5,213,25.3479,40.35,59.65,92.98245614,7.01754386,0,213,14700,1954,34160,2850
wden,44.903,-110.3535,1912.6,2013,gr,4,6,213,24.0138,22.22,77.78,96.2962963,3.703703704,0,213,14700,1954,34160,2850
wden,44.903,-110.3535,1912.6,2013,gr,4,7,213,18.2327,39.02,60.98,90.24390244,9.756097561,0,213,14700,1954,34160,2850
wden,44.903,-110.3535,1912.6,2013,gr,4,8,213,21.3456,60.42,39.58,75,25,0,213,14700,1954,34160,2850
wden,44.903,-110.3535,1912.6,2013,gr,4,9,213,22.235,22,78,90,10,0,213,14700,1954,34160,2850
wden,44.903,-110.3535,1912.6,2013,gr,4,10,213,25.3479,47.37,52.63,94.73684211,5.263157895,0,213,14700,1954,34160,2850
wden,44.903,-110.3535,1912.6,2013,gr,4,11,213,21.3456,47.92,52.08,91.66666667,8.333333333,0,213,14700,1954,34160,2850
wden,44.903,-110.3535,1912.6,2013,gr,4,12,213,11.1175,60,40,84,16,0,213,14700,1954,34160,2850
wden,44.903,-110.3535,1912.6,2013,gr,5,1,240,33.7972,38.16,61.84,94.73684211,5.263157895,0,240,12200,1294,34160,2850
wden,44.903,-110.3535,1912.6,2013,gr,5,2,240,28.0161,20.63,79.37,100,0,0,240,12200,1294,34160,2850
wden,44.903,-110.3535,1912.6,2013,gr,5,3,240,26.682,30,70,88.33333333,11.66666667,0,240,12200,1294,34160,2850
wden,44.903,-110.3535,1912.6,2013,gr,5,4,240,22.235,24,76,92,8,0,240,12200,1294,34160,2850
wden,44.903,-110.3535,1912.6,2013,gr,5,5,240,21.7903,26.53,73.47,100,0,0,240,12200,1294,34160,2850
wden,44.903,-110.3535,1912.6,2013,gr,5,6,240,16.4539,27.03,72.97,100,0,0,240,12200,1294,34160,2850
wden,44.903,-110.3535,1912.6,2013,gr,5,7,240,20.9009,46.81,53.19,89.36170213,10.63829787,0,240,12200,1294,34160,2850
wden,44.903,-110.3535,1912.6,2013,gr,5,8,240,17.788,22.5,77.5,100,0,0,240,12200,1294,34160,2850
wden,44.903,-110.3535,1912.6,2013,gr,5,9,240,18.2327,14.63,85.37,95.12195122,4.87804878,0,240,12200,1294,34160,2850
wden,44.903,-110.3535,1912.6,2013,gr,5,10,240,23.1244,15.38,84.62,94.23076923,5.769230769,0,240,12200,1294,34160,2850
wden,44.903,-110.3535,1912.6,2013,gr,5,11,240,21.7903,32.65,67.35,100,0,0,240,12200,1294,34160,2850
wden,44.903,-110.3535,1912.6,2013,gr,5,12,240,16.4539,54.05,45.95,89.18918919,10.81081081,0,240,12200,1294,34160,2850
becca,44.908,-110.2629,1912.6,2012,pe,3,1,197,92.914,92.37,7.63,72.88135593,27.11864407,0,,,,53000,5000
becca,44.908,-110.2629,1912.6,2012,pe,3,2,197,97.474,89.52,10.48,83.06451613,16.93548387,0,,,,53000,5000
becca,44.908,-110.2629,1912.6,2012,pe,3,3,197,98.234,92.8,7.2,71.2,28.8,0,,,,53000,5000
becca,44.908,-110.2629,1912.6,2012,pe,3,4,197,95.954,91.8,8.2,83.60655738,16.39344262,0,,,,53000,5000
becca,44.908,-110.2629,1912.6,2012,pe,3,5,197,90.634,94.78,5.22,76.52173913,23.47826087,0,,,,53000,5000
becca,44.908,-110.2629,1912.6,2012,pe,3,6,197,119.514,93.46,6.54,86.2745098,13.7254902,0,,,,53000,5000
becca,44.908,-110.2629,1912.6,2012,pe,3,7,197,105.834,94.81,5.19,69.62962963,30.37037037,0,,,,53000,5000
becca,44.908,-110.2629,1912.6,2012,pe,3,8,197,100.514,92.97,7.03,66.40625,33.59375,0,,,,53000,5000
becca,44.908,-110.2629,1912.6,2012,pe,4,1,227,83.034,81.9,18.1,55.23809524,44.76190476,0,,,,53000,5000
becca,44.908,-110.2629,1912.6,2012,pe,4,2,227,94.434,84.17,15.83,88.33333333,11.66666667,0,,,,53000,5000
becca,44.908,-110.2629,1912.6,2012,pe,4,3,227,113.434,86.9,13.1,68.27586207,31.72413793,0,,,,53000,5000
becca,44.908,-110.2629,1912.6,2012,pe,4,4,227,102.034,90,10,79.23076923,20.76923077,0,,,,53000,5000
becca,44.908,-110.2629,1912.6,2012,pe,4,5,227,105.074,90.3,9.7,78.35820896,21.64179104,0,,,,53000,5000
becca,44.908,-110.2629,1912.6,2012,pe,4,6,227,122.554,83.44,16.56,85.35031847,14.64968153,0,,,,53000,5000
becca,44.908,-110.2629,1912.6,2012,pe,4,7,227,123.314,87.97,12.03,79.11392405,20.88607595,0,,,,53000,5000
becca,44.908,-110.2629,1912.6,2012,pe,4,8,227,114.954,90.48,9.52,72.78911565,27.21088435,0,,,,53000,5000
becca,44.908,-110.2629,1912.6,2012,pe,5,1,254,112.674,51.39,48.61,66.66666667,33.33333333,0,,,,53000,5000
becca,44.908,-110.2629,1912.6,2012,pe,5,2,254,137.754,58.76,41.24,87.00564972,12.99435028,0,,,,53000,5000
becca,44.908,-110.2629,1912.6,2012,pe,5,3,254,123.314,65.82,34.18,79.11392405,20.88607595,0,,,,53000,5000
becca,44.908,-110.2629,1912.6,2012,pe,5,4,254,116.474,48.99,51.01,85.23489933,14.76510067,0,,,,53000,5000
becca,44.908,-110.2629,1912.6,2012,pe,5,5,254,128.634,50.91,49.09,76.36363636,23.63636364,0,,,,53000,5000
becca,44.908,-110.2629,1912.6,2012,pe,5,6,254,149.154,45.83,54.17,91.14583333,8.854166667,0,,,,53000,5000
becca,44.908,-110.2629,1912.6,2012,pe,5,7,254,116.474,73.83,26.17,86.57718121,13.42281879,0,,,,53000,5000
becca,44.908,-110.2629,1912.6,2012,pe,5,8,254,105.834,66.67,33.33,74.07407407,25.92592593,0,,,,53000,5000
becca,44.908,-110.2629,1912.6,2014,pe,2,1,199,114.194,100,0,56.16438356,43.83561644,0,199,17298,,53000,5000
becca,44.908,-110.2629,1912.6,2014,pe,2,2,199,73.154,97.83,2.17,78.26086957,21.73913043,0,199,17298,,53000,5000
becca,44.908,-110.2629,1912.6,2014,pe,2,3,199,95.194,99.17,0.83,71.07438017,28.92561983,0,199,17298,,53000,5000
becca,44.908,-110.2629,1912.6,2014,pe,2,4,199,138.514,92.13,7.87,59.5505618,40.4494382,0,199,17298,,53000,5000
becca,44.908,-110.2629,1912.6,2014,pe,2,5,199,149.154,90.63,9.38,47.91666667,52.08333333,0,199,17298,,53000,5000
becca,44.908,-110.2629,1912.6,2014,pe,2,6,199,113.434,95.86,4.14,73.10344828,26.89655172,0,199,17298,,53000,5000
becca,44.908,-110.2629,1912.6,2014,pe,4,1,238,133.194,88.89,11.11,72.51461988,27.48538012,0,237,11830,,53000,5000
becca,44.908,-110.2629,1912.6,2014,pe,4,2,238,111.914,93.01,6.99,72.72727273,27.27272727,0,237,11830,,53000,5000
becca,44.908,-110.2629,1912.6,2014,pe,4,3,238,155.234,95,5,71,29,0,237,11830,,53000,5000
becca,44.908,-110.2629,1912.6,2014,pe,4,4,238,140.794,95.58,4.42,72.37569061,27.62430939,0,237,11830,,53000,5000
becca,44.908,-110.2629,1912.6,2014,pe,4,5,238,114.194,98.63,1.37,57.53424658,42.46575342,0,237,11830,,53000,5000
becca,44.908,-110.2629,1912.6,2014,pe,4,6,238,102.794,96.95,3.05,77.09923664,22.90076336,0,237,11830,,53000,5000
becca,44.908,-110.2629,1912.6,2014,pe,5,1,266,97.474,58.06,41.94,86.29032258,13.70967742,0,266,9543,,53000,5000
becca,44.908,-110.2629,1912.6,2014,pe,5,2,266,83.794,63.21,36.79,82.0754717,17.9245283,0,266,9543,,53000,5000
becca,44.908,-110.2629,1912.6,2014,pe,5,3,266,96.714,57.72,42.28,80.48780488,19.51219512,0,266,9543,,53000,5000
becca,44.908,-110.2629,1912.6,2014,pe,5,4,266,109.634,62.14,37.86,72.85714286,27.14285714,0,266,9543,,53000,5000
becca,44.908,-110.2629,1912.6,2014,pe,5,5,266,103.554,58.33,41.67,59.09090909,40.90909091,0,266,9543,,53000,5000
becca,44.908,-110.2629,1912.6,2014,pe,5,6,266,105.834,61.48,38.52,86.66666667,13.33333333,0,266,9543,,53000,5000
black,44.948,-110.6045,1890.7,1999,pe,1,1,138,37.504,100,0,81.25,17.1875,1.538461538,138,29900,,31200,2795
black,44.948,-110.6045,1890.7,1999,pe,1,2,138,46.294,97.47,2.53,83.5443038,15.18987342,1.25,138,29900,,31200,2795
black,44.948,-110.6045,1890.7,1999,pe,1,3,138,46.88,98.75,1.25,77.5,22.5,0,138,29900,,31200,2795
black,44.948,-110.6045,1890.7,1999,pe,1,4,138,41.02,100,0,84.28571429,11.42857143,4.109589041,138,29900,,31200,2795
black,44.948,-110.6045,1890.7,1999,pe,2,1,172,111.34,97.89,2.11,78.42105263,7.894736842,12.03703704,172,17280,,31200,2795
black,44.948,-110.6045,1890.7,1999,pe,2,2,172,93.76,96.88,3.13,85.625,14.375,0,172,17280,,31200,2795
black,44.948,-110.6045,1890.7,1999,pe,2,3,172,70.906,100,0,76.85950413,23.14049587,0,172,17280,,31200,2795
black,44.948,-110.6045,1890.7,1999,pe,2,4,172,66.804,100,0,65.78947368,28.94736842,5,172,17280,,31200,2795
black,44.948,-110.6045,1890.7,1999,pe,2,1,203,67.39,82.61,17.39,73.91304348,12.17391304,12.21374046,203,11880,,31200,2795
black,44.948,-110.6045,1890.7,1999,pe,2,2,203,106.066,81.22,18.78,75.13812155,12.15469613,11.2745098,203,11880,,31200,2795
black,44.948,-110.6045,1890.7,1999,pe,2,3,203,87.9,70.67,29.33,90,10,0,203,11880,,31200,2795
black,44.948,-110.6045,1890.7,1999,pe,2,4,203,103.722,78.53,21.47,87.00564972,5.084745763,7.329842932,203,11880,,31200,2795
black,44.948,-110.6045,1890.7,1999,pe,2,5,203,62.702,72.9,27.1,79.43925234,16.82242991,3.603603604,203,11880,,31200,2795
black,44.948,-110.6045,1890.7,1999,pe,3,1,208,97.276,38.55,61.45,83.73493976,11.44578313,4.597701149,208,11880,,31200,2795
black,44.948,-110.6045,1890.7,1999,pe,3,2,208,96.69,27.88,72.12,87.87878788,4.848484848,6.779661017,208,11880,,31200,2795
black,44.948,-110.6045,1890.7,1999,pe,3,3,208,72.078,45.53,54.47,88.61788618,11.38211382,0,208,11880,,31200,2795
black,44.948,-110.6045,1890.7,1999,pe,3,4,208,87.9,36,64,94,0.666666667,5.063291139,208,11880,,31200,2795
black,44.948,-110.6045,1890.7,1999,pe,4,1,235,101.378,40.46,59.54,93.06358382,4.624277457,2.259887006,235,14180,,31200,2795
black,44.948,-110.6045,1890.7,1999,pe,4,2,235,67.39,41.74,58.26,71.30434783,9.565217391,16.05839416,235,14180,,31200,2795
black,44.948,-110.6045,1890.7,1999,pe,4,3,235,85.556,47.26,52.74,96.57534247,0.684931507,2.666666667,235,14180,,31200,2795
black,44.948,-110.6045,1890.7,1999,pe,4,4,235,67.976,57.76,42.24,96.55172414,3.448275862,0,235,14180,,31200,2795
black,44.948,-110.6045,1890.7,1999,pe,5,1,266,69.734,43.7,56.3,94.11764706,2.521008403,3.25203252,266,17100,,31200,2795
black,44.948,-110.6045,1890.7,1999,pe,5,2,266,117.786,37.81,62.19,97.01492537,0,2.898550725,266,17100,,31200,2795
black,44.948,-110.6045,1890.7,1999,pe,5,3,266,66.218,39.82,60.18,84.07079646,9.734513274,5.833333333,266,17100,,31200,2795
black,44.948,-110.6045,1890.7,1999,pe,5,4,266,101.964,47.13,52.87,97.70114943,2.298850575,0,266,17100,,31200,2795
black,44.948,-110.6045,1890.7,1999,pe,6,1,280,,,,,,,,,,32880,3003
black,44.948,-110.6045,1890.7,2000,pe,1,1,138,66.804,97.37,2.63,82.45614035,16.66666667,0.869565217,138,25868,,31200,2795
black,44.948,-110.6045,1890.7,2000,pe,1,2,138,86.142,100,0,83.67346939,9.523809524,6.369426752,138,25868,,31200,2795
black,44.948,-110.6045,1890.7,2000,pe,1,3,138,66.804,94.74,5.26,86.84210526,11.40350877,1.724137931,138,25868,,31200,2795
black,44.948,-110.6045,1890.7,2000,pe,1,4,138,55.67,100,0,70.52631579,26.31578947,3.06122449,138,25868,,31200,2795
black,44.948,-110.6045,1890.7,2000,pe,2,1,166,80.868,94.2,5.8,93.47826087,4.347826087,2.127659574,166,17229,,31200,2795
black,44.948,-110.6045,1890.7,2000,pe,2,2,166,60.944,85.58,14.42,86.53846154,13.46153846,0,166,17229,,31200,2795
black,44.948,-110.6045,1890.7,2000,pe,2,3,166,82.04,91.43,8.57,76.42857143,22.14285714,1.408450704,166,17229,,31200,2795
black,44.948,-110.6045,1890.7,2000,pe,2,4,166,62.702,96.26,3.74,79.43925234,14.95327103,5.309734513,166,17229,,31200,2795
black,44.948,-110.6045,1890.7,2000,pe,3,1,186,109.582,77.01,22.99,78.07486631,14.43850267,6.965174129,186,14133,,31200,2795
black,44.948,-110.6045,1890.7,2000,pe,3,2,186,126.576,74.54,25.46,84.72222222,14.81481481,0.460829493,186,14133,,31200,2795
black,44.948,-110.6045,1890.7,2000,pe,3,3,186,143.57,73.47,26.53,62.85714286,10.6122449,20.96774194,186,14133,,31200,2795
black,44.948,-110.6045,1890.7,2000,pe,3,4,186,114.27,65.64,34.36,80,10.76923077,8.450704225,186,14133,,31200,2795
black,44.948,-110.6045,1890.7,2000,pe,4,1,214,97.862,16.77,83.23,91.61676647,8.383233533,0,214,8557,,31200,2795
black,44.948,-110.6045,1890.7,2000,pe,4,2,214,94.932,27.16,72.84,85.80246914,11.72839506,2.409638554,214,8557,,31200,2795
black,44.948,-110.6045,1890.7,2000,pe,4,3,214,73.25,20,80,90.4,9.6,0,214,8557,,31200,2795
black,44.948,-110.6045,1890.7,2000,pe,4,4,214,87.314,32.21,67.79,88.59060403,7.382550336,3.870967742,214,8557,,31200,2795
black,44.948,-110.6045,1890.7,2000,pe,5,1,243,69.148,14.41,85.59,90.6779661,2.542372881,6.349206349,243,7915,,31200,2795
black,44.948,-110.6045,1890.7,2000,pe,5,2,243,60.944,16.35,83.65,93.26923077,6.730769231,0,243,7915,,31200,2795
black,44.948,-110.6045,1890.7,2000,pe,5,3,243,67.39,17.39,82.61,81.73913043,14.7826087,3.361344538,243,7915,,31200,2795
black,44.948,-110.6045,1890.7,2000,pe,5,4,243,72.664,22.58,77.42,86.29032258,12.09677419,1.587301587,243,7915,,31200,2795
black,44.948,-110.6045,1890.7,2000,pe,6,1,268,59.772,10.78,89.22,94.11764706,5.882352941,0,268,7347,,31200,2795
black,44.948,-110.6045,1890.7,2000,pe,6,2,268,74.422,15.75,84.25,89.76377953,6.299212598,3.787878788,268,7347,,31200,2795
black,44.948,-110.6045,1890.7,2000,pe,6,3,268,46.88,16.25,83.75,93.75,6.25,0,268,7347,,31200,2795
black,44.948,-110.6045,1890.7,2000,pe,6,4,268,62.116,23.58,76.42,92.45283019,3.773584906,3.636363636,268,7347,,31200,2795
black,44.948,-110.6045,1890.7,2000,pe,7,1,298,101.378,8.09,91.91,94.79768786,4.624277457,0.574712644,298,4858,,31200,2795
black,44.948,-110.6045,1890.7,2000,pe,7,2,298,105.48,3.89,96.11,90.55555556,5.555555556,3.743315508,298,4858,,31200,2795
black,44.948,-110.6045,1890.7,2000,pe,7,3,298,79.11,8.15,91.85,93.33333333,2.962962963,3.571428571,298,4858,,31200,2795
black,44.948,-110.6045,1890.7,2000,pe,7,4,298,103.136,0,100,95.45454545,4.545454545,0,298,4858,,31200,2795
black,44.948,-110.6045,1890.7,2001,pe,1,1,151,98.448,97.02,2.98,78.57142857,14.88095238,6.145251397,151,26538,,31200,2795
black,44.948,-110.6045,1890.7,2001,pe,1,2,151,98.448,92.26,7.74,85.71428571,13.0952381,1.176470588,151,26538,,31200,2795
black,44.948,-110.6045,1890.7,2001,pe,1,3,151,74.422,96.06,3.94,68.50393701,21.25984252,9.285714286,151,26538,,31200,2795
black,44.948,-110.6045,1890.7,2001,pe,1,4,151,89.658,94.12,5.88,81.04575163,12.41830065,6.134969325,151,26538,,31200,2795
black,44.948,-110.6045,1890.7,2001,pe,2,1,183,82.04,77.86,22.14,76.42857143,17.85714286,5.405405405,183,10684,,31200,2795
black,44.948,-110.6045,1890.7,2001,pe,2,2,183,67.976,84.48,15.52,73.27586207,15.51724138,10.07751938,183,10684,,31200,2795
black,44.948,-110.6045,1890.7,2001,pe,2,3,183,84.384,79.86,20.14,86.80555556,2.083333333,10,183,10684,,31200,2795
black,44.948,-110.6045,1890.7,2001,pe,2,4,183,69.148,82.2,17.8,82.20338983,7.627118644,9.230769231,183,10684,,31200,2795
black,44.948,-110.6045,1890.7,2001,pe,3,1,218,84.97,32.41,67.59,,,,218,14887,,31200,2795
black,44.948,-110.6045,1890.7,2001,pe,3,2,218,95.518,35.58,64.42,,,,218,14887,,31200,2795
black,44.948,-110.6045,1890.7,2001,pe,3,3,218,54.498,16.13,83.87,,,,218,14887,,31200,2795
black,44.948,-110.6045,1890.7,2001,pe,3,4,218,65.632,26.79,73.21,,,,218,14887,,31200,2795
black,44.948,-110.6045,1890.7,2001,pe,4,1,236,40.434,8.7,91.3,,,,236,9682,,31200,2795
black,44.948,-110.6045,1890.7,2001,pe,4,2,236,47.466,19.75,80.25,,,,236,9682,,31200,2795
black,44.948,-110.6045,1890.7,2001,pe,4,3,236,65.046,12.61,87.39,,,,236,9682,,31200,2795
black,44.948,-110.6045,1890.7,2001,pe,4,4,236,76.766,11.45,88.55,,,,236,9682,,31200,2795
black,44.948,-110.6045,1890.7,2001,pe,5,1,262,62.702,0,100,,,,262,11968,,31200,2795
black,44.948,-110.6045,1890.7,2001,pe,5,2,262,63.288,1.85,98.15,,,,262,11968,,31200,2795
black,44.948,-110.6045,1890.7,2001,pe,5,3,262,99.62,0,100,,,,262,11968,,31200,2795
black,44.948,-110.6045,1890.7,2001,pe,5,4,262,83.798,0,100,,,,262,11968,,31200,2795
c,44.731,-110.501,2407.9,1999,pe,1,1,196,136.88,95.26,4.74,53.87931034,46.12068966,0,196,23450,,73900,5710
c,44.731,-110.501,2407.9,1999,pe,1,2,196,143.96,93.03,6.97,79.09836066,20.90163934,0,196,23450,,73900,5710
c,44.731,-110.501,2407.9,1999,pe,1,3,196,130.98,96.85,3.15,89.63963964,10.36036036,0,196,23450,,73900,5710
c,44.731,-110.501,2407.9,1999,pe,1,4,196,66.67,94.69,5.31,75.22123894,24.77876106,0,196,23450,,73900,5710
c,44.731,-110.501,2407.9,1999,pe,2,1,222,178.77,83.83,16.17,74.91749175,25.08250825,0,222,16370,,73900,5710
c,44.731,-110.501,2407.9,1999,pe,2,2,222,115.05,81.54,18.46,75.38461538,24.61538462,0,222,16370,,73900,5710
c,44.731,-110.501,2407.9,1999,pe,2,3,222,103.84,81.25,18.75,93.18181818,6.818181818,0,222,16370,,73900,5710
c,44.731,-110.501,2407.9,1999,pe,2,4,222,126.26,86.45,13.55,70.56074766,29.43925234,0,222,16370,,73900,5710
c,44.731,-110.501,2407.9,1999,pe,2,5,222,139.83,89.87,10.13,86.07594937,13.92405063,0,222,16370,,73900,5710
c,44.731,-110.501,2407.9,1999,pe,3,1,253,122.13,59.42,40.58,74.87922705,25.12077295,0,253,13160,,73900,5710
c,44.731,-110.501,2407.9,1999,pe,3,2,253,118,78.5,21.5,65.5,34.5,0,253,13160,,73900,5710
c,44.731,-110.501,2407.9,1999,pe,3,3,253,118,54,46,96,4,0,253,13160,,73900,5710
c,44.731,-110.501,2407.9,1999,pe,3,4,253,201.19,74.19,25.81,83.28445748,16.71554252,0,253,13160,,73900,5710
c,44.731,-110.501,2407.9,1999,pe,4,1,279,,,,,,,,,,74750,5830
c,44.731,-110.501,2407.9,2000,pe,1,1,177,127.44,98.61,1.39,62.5,37.5,0,177,20195,,73900,5710
c,44.731,-110.501,2407.9,2000,pe,1,2,177,142.78,98.35,1.65,72.72727273,27.27272727,0,177,20195,,73900,5710
c,44.731,-110.501,2407.9,2000,pe,1,3,177,126.85,100,0,59.53488372,40.46511628,0,177,20195,,73900,5710
c,44.731,-110.501,2407.9,2000,pe,1,4,177,143.96,98.36,1.64,71.31147541,28.68852459,0,177,20195,,73900,5710
c,44.731,-110.501,2407.9,2000,pe,2,1,203,118,97,3,72,28,0,203,13731,,73900,5710
c,44.731,-110.501,2407.9,2000,pe,2,2,203,191.75,99.38,0.62,65.23076923,34.76923077,0,203,13731,,73900,5710
c,44.731,-110.501,2407.9,2000,pe,2,3,203,130.39,89.14,10.86,84.16289593,15.83710407,0,203,13731,,73900,5710
c,44.731,-110.501,2407.9,2000,pe,2,4,203,130.98,97.3,2.7,51.8018018,48.1981982,0,203,13731,,73900,5710
c,44.731,-110.501,2407.9,2000,pe,3,1,234,125.886,34.43,65.57,82.54716981,17.45283019,0,234,8731,,73900,5710
c,44.731,-110.501,2407.9,2000,pe,3,2,234,94.426,64.97,35.03,58.59872611,41.40127389,0,234,8731,,73900,5710
c,44.731,-110.501,2407.9,2000,pe,3,3,234,103.578,72.25,27.75,78.03468208,21.96531792,0,234,8731,,73900,5710
c,44.731,-110.501,2407.9,2000,pe,3,4,234,70.974,69.83,30.17,59.48275862,40.51724138,0,234,8731,,73900,5710
c,44.731,-110.501,2407.9,2000,pe,4,1,271,85.274,15.6,84.4,85.10638298,14.89361702,0,271,7958,,73900,5710
c,44.731,-110.501,2407.9,2000,pe,4,2,271,58.39,32.98,67.02,64.89361702,35.10638298,0,271,7958,,73900,5710
c,44.731,-110.501,2407.9,2000,pe,4,3,271,92.71,26.62,73.38,66.23376623,33.76623377,0,271,7958,,73900,5710
c,44.731,-110.501,2407.9,2000,pe,4,4,271,92.71,25.32,74.68,87.66233766,12.33766234,0,271,7958,,73900,5710
c,44.731,-110.501,2407.9,2000,pe,5,1,296,102.434,0,100,85.96491228,14.03508772,0,296,4752,,73900,5710
c,44.731,-110.501,2407.9,2000,pe,5,2,296,86.418,0,100,69.23076923,30.76923077,0,296,4752,,73900,5710
c,44.731,-110.501,2407.9,2000,pe,5,3,296,89.85,3.36,96.64,90.60402685,9.395973154,0,296,4752,,73900,5710
c,44.731,-110.501,2407.9,2000,pe,5,4,296,77.838,6.25,93.75,91.40625,8.59375,0,296,4752,,73900,5710
c,44.731,-110.501,2407.9,2001,pe,1,1,171,151.04,99.22,0.78,71.875,28.125,0,171,23068,,73900,5710
c,44.731,-110.501,2407.9,2001,pe,1,2,171,196.47,98.2,1.8,67.56756757,32.43243243,0,171,23068,,73900,5710
c,44.731,-110.501,2407.9,2001,pe,1,3,171,194.7,98.79,1.21,46.36363636,53.63636364,0,171,23068,,73900,5710
c,44.731,-110.501,2407.9,2001,pe,1,4,171,147.5,98.4,1.6,44,56,0,171,23068,,73900,5710
c,44.731,-110.501,2407.9,2001,pe,2,1,198,151.63,96.5,3.5,56.42023346,43.57976654,0,198,17404,,73900,5710
c,44.731,-110.501,2407.9,2001,pe,2,2,198,158.71,95.17,4.83,58.73605948,41.26394052,0,198,17404,,73900,5710
c,44.731,-110.501,2407.9,2001,pe,2,3,198,210.04,93.82,6.18,69.94382022,30.05617978,0,198,17404,,73900,5710
c,44.731,-110.501,2407.9,2001,pe,2,4,198,227.15,90.91,9.09,55.58441558,44.41558442,0,198,17404,,73900,5710
c,44.731,-110.501,2407.9,2001,pe,3,1,230,192.81,46.2,53.8,,,,230,12215,,73900,5710
c,44.731,-110.501,2407.9,2001,pe,3,2,230,165.926,43.62,56.38,,,,230,12215,,73900,5710
c,44.731,-110.501,2407.9,2001,pe,3,3,230,149.91,49.61,50.39,,,,230,12215,,73900,5710
c,44.731,-110.501,2407.9,2001,pe,3,4,230,117.306,38.07,61.93,,,,230,12215,,73900,5710
c,44.731,-110.501,2407.9,2001,pe,4,1,255,135.038,18.42,81.58,,,,255,10100,,73900,5710
c,44.731,-110.501,2407.9,2001,pe,4,2,255,133.322,21.33,78.67,,,,255,10100,,73900,5710
c,44.731,-110.501,2407.9,2001,pe,4,3,255,153.914,21.07,78.93,,,,255,10100,,73900,5710
c,44.731,-110.501,2407.9,2001,pe,4,4,255,162.494,15.94,84.06,,,,255,10100,,73900,5710
c,44.731,-110.501,2407.9,2001,pe,5,1,281,,,,,,,,,,74750,5830
cb,44.913,-110.3201,1912.6,1989,pe,3,1,193,58.278,60,40,72,22,5.660377358,,,,29671.05,2000
cb,44.913,-110.3201,1912.6,1989,pe,3,2,193,57.69522,79.8,20.2,60.60606061,37.37373737,1.98019802,,,,29671.05,2000
cb,44.913,-110.3201,1912.6,1989,pe,3,3,193,40.21182,56.52,43.48,78.26086957,21.73913043,0,,,,29671.05,2000
cb,44.913,-110.3201,1912.6,1989,pe,3,4,193,27.97344,66.67,33.33,62.5,14.58333333,18.6440678,,,,29671.05,2000
cb,44.913,-110.3201,1912.6,1989,pe,3,5,193,53.03298,52.75,47.25,84.61538462,15.38461538,0,,,,29671.05,2000
cb,44.913,-110.3201,1912.6,1989,pe,3,6,193,114.80766,76.14,23.86,55.83756345,44.16243655,0,,,,29671.05,2000
cb,44.913,-110.3201,1912.6,1989,pe,3,7,193,25.64232,70.45,29.55,59.09090909,40.90909091,0,,,,29671.05,2000
cb,44.913,-110.3201,1912.6,1989,pe,3,8,193,53.61576,56.52,43.48,58.69565217,33.69565217,7.070707071,,,,29671.05,2000
cb,44.913,-110.3201,1912.6,1989,pe,3,9,193,53.61576,61.96,38.04,65.2173913,29.34782609,5.154639175,,,,29671.05,2000
cb,44.913,-110.3201,1912.6,1989,pe,3,10,193,44.87406,41.56,58.44,64.1025641,33.33333333,2.53164557,,,,29671.05,2000
cb,44.913,-110.3201,1912.6,1989,pe,3,11,193,45.45684,53.85,46.15,52.56410256,24.35897436,18.75,,,,29671.05,2000
cb,44.913,-110.3201,1912.6,1989,pe,3,12,193,39.04626,56.72,43.28,74.62686567,25.37313433,0,,,,29671.05,2000
cb,44.913,-110.3201,1912.6,1999,pe,1,1,136,26.2251,91.11,8.89,100,0,0,136,24700,,23940,2180
cb,44.913,-110.3201,1912.6,1999,pe,1,2,136,28.55622,97.96,2.04,83.67346939,12.24489796,3.921568627,136,24700,,23940,2180
cb,44.913,-110.3201,1912.6,1999,pe,1,3,136,32.0529,98.18,1.82,89.09090909,10.90909091,0,136,24700,,23940,2180
cb,44.913,-110.3201,1912.6,1999,pe,1,4,136,56.52966,97.94,2.06,94.84536082,5.154639175,0,136,24700,,23940,2180
cb,44.913,-110.3201,1912.6,1999,pe,2,1,173,103.15206,94.35,5.65,86.44067797,13.55932203,0,173,18650,,23940,2180
cb,44.913,-110.3201,1912.6,1999,pe,2,2,173,124.13214,96.24,3.76,82.02764977,16.12903226,1.843317972,173,18650,,23940,2180
cb,44.913,-110.3201,1912.6,1999,pe,2,3,173,148.02612,97.64,2.36,77.12177122,16.60516605,6.273062731,173,18650,,23940,2180
cb,44.913,-110.3201,1912.6,1999,pe,2,4,173,127.04604,99.08,0.92,95.87155963,4.128440367,0,173,18650,,23940,2180
cb,44.913,-110.3201,1912.6,1999,pe,2,1,194,106.06596,87.36,12.64,80.76923077,13.73626374,5.208333333,194,16500,,23940,2180
cb,44.913,-110.3201,1912.6,1999,pe,2,2,194,115.39044,71.72,28.28,91.91919192,8.080808081,0,194,16500,,23940,2180
cb,44.913,-110.3201,1912.6,1999,pe,2,3,194,87.99978,76.82,23.18,85.43046358,14.56953642,0,194,16500,,23940,2180
cb,44.913,-110.3201,1912.6,1999,pe,2,4,194,93.82758,88.2,11.8,94.40993789,5.590062112,0,194,16500,,23940,2180
cb,44.913,-110.3201,1912.6,1999,pe,2,5,194,101.40372,82.18,17.82,93.67816092,6.32183908,0,194,16500,,23940,2180
cb,44.913,-110.3201,1912.6,1999,pe,3,1,209,75.17862,46.51,53.49,87.59689922,12.40310078,0,209,15800,,23940,2180
cb,44.913,-110.3201,1912.6,1999,pe,3,2,209,122.3838,51.43,48.57,89.04761905,10,0.943396226,209,15800,,23940,2180
cb,44.913,-110.3201,1912.6,1999,pe,3,3,209,128.79438,47.96,52.04,85.0678733,10.40723982,4.329004329,209,15800,,23940,2180
cb,44.913,-110.3201,1912.6,1999,pe,3,4,209,93.2448,57.5,42.5,79.375,20.625,0,209,15800,,23940,2180
cb,44.913,-110.3201,1912.6,1999,pe,4,1,236,98.48982,56.21,43.79,94.67455621,5.325443787,0,236,12600,,23940,2180
cb,44.913,-110.3201,1912.6,1999,pe,4,2,236,70.51638,64.46,35.54,94.21487603,5.785123967,0,236,12600,,23940,2180
cb,44.913,-110.3201,1912.6,1999,pe,4,3,236,119.4699,49.76,50.24,98.04878049,1.951219512,0,236,12600,,23940,2180
cb,44.913,-110.3201,1912.6,1999,pe,4,4,236,90.91368,58.33,41.67,88.46153846,11.53846154,0,236,12600,,23940,2180
cb,44.913,-110.3201,1912.6,1999,pe,5,1,266,141.03276,48.35,51.65,90.52132701,9.478672986,0,266,11680,,23940,2180
cb,44.913,-110.3201,1912.6,1999,pe,5,2,266,99.65538,51.46,48.54,92.61744966,7.382550336,0,266,11680,,23940,2180
cb,44.913,-110.3201,1912.6,1999,pe,5,3,266,97.32426,50.3,49.7,88.23529412,7.843137255,3.468208092,266,11680,,23940,2180
cb,44.913,-110.3201,1912.6,1999,pe,5,4,266,132.87384,47.81,52.19,94.5,4.5,0.869565217,266,11680,,23940,2180
cb,44.913,-110.3201,1912.6,1999,pe,6,1,280,,,,,,,,,,23670,2280
cb,44.913,-110.3201,1912.6,2000,pe,1,1,144,121.80102,97.61,2.39,86.12440191,12.91866029,0.947867299,144,22282,,23940,2180
cb,44.913,-110.3201,1912.6,2000,pe,1,2,144,127.04604,96.79,3.21,94.03669725,5.963302752,0,144,22282,,23940,2180
cb,44.913,-110.3201,1912.6,2000,pe,1,3,144,81.00642,85.61,14.39,90.64748201,8.633093525,0.714285714,144,22282,,23940,2180
cb,44.913,-110.3201,1912.6,2000,pe,1,4,144,102.56928,97.16,2.84,91.47727273,8.522727273,0,144,22282,,23940,2180
cb,44.913,-110.3201,1912.6,2000,pe,2,1,170,132.29106,94.27,5.73,90.30837004,9.691629956,0,170,14606,,23940,2180
cb,44.913,-110.3201,1912.6,2000,pe,2,2,170,177.16512,91.12,8.88,84.86842105,14.14473684,0.977198697,170,14606,,23940,2180
cb,44.913,-110.3201,1912.6,2000,pe,2,3,170,99.65538,91.81,8.19,76.02339181,19.88304094,3.93258427,170,14606,,23940,2180
cb,44.913,-110.3201,1912.6,2000,pe,2,4,170,88.58256,88.82,11.18,91.44736842,6.578947368,1.935483871,170,14606,,23940,2180
cb,44.913,-110.3201,1912.6,2000,pe,3,1,202,112.47654,47.67,52.33,93.78238342,6.21761658,0,202,9140,,23940,2180
cb,44.913,-110.3201,1912.6,2000,pe,3,2,202,109.56264,64.36,35.64,82.9787234,14.89361702,2.083333333,202,9140,,23940,2180
cb,44.913,-110.3201,1912.6,2000,pe,3,3,202,87.417,55.33,44.67,89.33333333,10.66666667,0,202,9140,,23940,2180
cb,44.913,-110.3201,1912.6,2000,pe,3,4,202,152.68836,61.45,38.55,76.71755725,19.46564885,3.676470588,202,9140,,23940,2180
cb,44.913,-110.3201,1912.6,2000,pe,4,1,228,92.66202,16.98,83.02,90.85365854,6.097560976,3.048780488,228,9062,,23940,2180
cb,44.913,-110.3201,1912.6,2000,pe,4,2,228,83.92032,40.28,59.72,78.06451613,14.83870968,7.096774194,228,9062,,23940,2180
cb,44.913,-110.3201,1912.6,2000,pe,4,3,228,83.92032,20.83,79.17,88.19444444,11.80555556,0,228,9062,,23940,2180
cb,44.913,-110.3201,1912.6,2000,pe,4,4,228,81.00642,31.65,68.35,87.85714286,11.42857143,0.714285714,228,9062,,23940,2180
cb,44.913,-110.3201,1912.6,2000,pe,5,1,262,103.73484,18.54,81.46,93.82022472,2.808988764,3.260869565,262,9576,,23940,2180
cb,44.913,-110.3201,1912.6,2000,pe,5,2,262,84.5031,23.45,76.55,88.96551724,6.206896552,4.605263158,262,9576,,23940,2180
cb,44.913,-110.3201,1912.6,2000,pe,5,3,262,173.66844,15.44,84.56,93.95973154,2.684563758,3.246753247,262,9576,,23940,2180
cb,44.913,-110.3201,1912.6,2000,pe,5,4,262,119.4699,12.68,87.32,90.73170732,8.292682927,0.966183575,262,9576,,23940,2180
cb,44.913,-110.3201,1912.6,2000,pe,6,1,290,90.91368,4.49,95.51,100,0,0,290,5959,,23940,2180
cb,44.913,-110.3201,1912.6,2000,pe,6,2,290,106.64874,6.56,93.44,95.6284153,4.371584699,0,290,5959,,23940,2180
cb,44.913,-110.3201,1912.6,2000,pe,6,3,290,97.90704,6.55,93.45,95.23809524,4.166666667,0.591715976,290,5959,,23940,2180
cb,44.913,-110.3201,1912.6,2000,pe,6,4,290,131.70828,6.64,93.36,93.80530973,6.194690265,0,290,5959,,23940,2180
cb,44.913,-110.3201,1912.6,2001,pe,1,1,137,53.03298,92.31,7.69,95.6043956,4.395604396,0,137,22279,,23940,2180
cb,44.913,-110.3201,1912.6,2001,pe,1,2,137,37.8807,93.85,6.15,96.92307692,3.076923077,0,137,22279,,23940,2180
cb,44.913,-110.3201,1912.6,2001,pe,1,3,137,87.99978,96.69,3.31,93.37748344,6.622516556,0,137,22279,,23940,2180
cb,44.913,-110.3201,1912.6,2001,pe,1,4,137,74.01306,93.7,6.3,92.91338583,7.086614173,0,137,22279,,23940,2180
cb,44.913,-110.3201,1912.6,2001,pe,2,1,167,95.57592,93.29,6.71,86.58536585,13.41463415,0,167,15771,,23940,2180
cb,44.913,-110.3201,1912.6,2001,pe,2,2,167,120.63546,88.41,11.59,86.95652174,10.14492754,2.816901408,167,15771,,23940,2180
cb,44.913,-110.3201,1912.6,2001,pe,2,3,167,93.82758,88.2,11.8,96.89440994,3.105590062,0,167,15771,,23940,2180
cb,44.913,-110.3201,1912.6,2001,pe,2,4,167,122.3838,91.43,8.57,91.42857143,6.19047619,2.325581395,167,15771,,23940,2180
cb,44.913,-110.3201,1912.6,2001,pe,3,1,197,75.17862,70.54,29.46,,,,197,14693,,23940,2180
cb,44.913,-110.3201,1912.6,2001,pe,3,2,197,79.84086,61.31,38.69,,,,197,14693,,23940,2180
cb,44.913,-110.3201,1912.6,2001,pe,3,3,197,153.27114,66.16,33.84,,,,197,14693,,23940,2180
cb,44.913,-110.3201,1912.6,2001,pe,3,4,197,72.8475,80,20,,,,197,14693,,23940,2180
cb,44.913,-110.3201,1912.6,2001,pe,4,1,226,75.7614,24.62,75.38,,,,226,10314,,23940,2180
cb,44.913,-110.3201,1912.6,2001,pe,4,2,226,69.35082,15.13,84.87,,,,226,10314,,23940,2180
cb,44.913,-110.3201,1912.6,2001,pe,4,3,226,71.09916,18.03,81.97,,,,226,10314,,23940,2180
cb,44.913,-110.3201,1912.6,2001,pe,4,4,226,88.58256,21.71,78.29,,,,226,10314,,23940,2180
cb,44.913,-110.3201,1912.6,2001,pe,5,1,253,71.09916,3.28,96.72,,,,253,9407,,23940,2180
cb,44.913,-110.3201,1912.6,2001,pe,5,2,253,61.77468,0.94,99.06,,,,253,9407,,23940,2180
cb,44.913,-110.3201,1912.6,2001,pe,5,3,253,74.01306,0.79,99.21,,,,253,9407,,23940,2180
cb,44.913,-110.3201,1912.6,2001,pe,5,4,253,99.0726,4.12,95.88,,,,253,9407,,23940,2180
cb,44.913,-110.3201,1912.6,2001,pe,6,1,276,,,,,,,,,,23670,2280
cb,44.913,-110.3201,1912.6,2012,pe,3,1,192,70.51638,32.23,67.77,95.8677686,4.132231405,0,,,,30000,3000
cb,44.913,-110.3201,1912.6,2012,pe,3,2,192,87.417,30.67,69.33,82.66666667,17.33333333,0,,,,30000,3000
cb,44.913,-110.3201,1912.6,2012,pe,3,3,192,61.1919,33.33,66.67,100,0,0,,,,30000,3000
cb,44.913,-110.3201,1912.6,2012,pe,3,4,192,53.03298,24.18,75.82,98.9010989,1.098901099,0,,,,30000,3000
cb,44.913,-110.3201,1912.6,2012,pe,3,5,192,54.19854,37.63,62.37,95.69892473,4.301075269,0,,,,30000,3000
cb,44.913,-110.3201,1912.6,2012,pe,3,6,192,54.78132,30.85,69.15,96.80851064,3.191489362,0,,,,30000,3000
cb,44.913,-110.3201,1912.6,2012,pe,3,7,192,87.417,24.67,75.33,98.66666667,1.333333333,0,,,,30000,3000
cb,44.913,-110.3201,1912.6,2012,pe,3,8,192,74.59584,40.63,59.38,93.75,6.25,0,,,,30000,3000
cb,44.913,-110.3201,1912.6,2012,pe,4,1,219,64.1058,20,80,97.27272727,2.727272727,0,,,,30000,3000
cb,44.913,-110.3201,1912.6,2012,pe,4,2,219,65.27136,24.11,75.89,94.64285714,5.357142857,0,,,,30000,3000
cb,44.913,-110.3201,1912.6,2012,pe,4,3,219,71.68194,17.07,82.93,97.56097561,2.43902439,0,,,,30000,3000
cb,44.913,-110.3201,1912.6,2012,pe,4,4,219,60.02634,22.33,77.67,98.05825243,1.941747573,0,,,,30000,3000
cb,44.913,-110.3201,1912.6,2012,pe,4,5,219,56.52966,14.43,85.57,97.93814433,2.06185567,0,,,,30000,3000
cb,44.913,-110.3201,1912.6,2012,pe,4,6,219,58.278,19,81,96,4,0,,,,30000,3000
cb,44.913,-110.3201,1912.6,2012,pe,4,7,219,68.76804,21.19,78.81,99.15254237,0.847457627,0,,,,30000,3000
cb,44.913,-110.3201,1912.6,2012,pe,4,8,219,55.3641,25.26,74.74,94.73684211,5.263157895,0,,,,30000,3000
cb,44.913,-110.3201,1912.6,2012,pe,5,1,248,78.09252,11.94,88.06,99.25373134,0.746268657,0,,,,30000,3000
cb,44.913,-110.3201,1912.6,2012,pe,5,2,248,75.17862,9.3,90.7,96.89922481,3.100775194,0,,,,30000,3000
cb,44.913,-110.3201,1912.6,2012,pe,5,3,248,79.25808,12.5,87.5,97.79411765,2.205882353,0,,,,30000,3000
cb,44.913,-110.3201,1912.6,2012,pe,5,4,248,76.34418,12.21,87.79,96.94656489,3.053435115,0,,,,30000,3000
cb,44.913,-110.3201,1912.6,2012,pe,5,5,248,67.60248,14.66,85.34,100,0,0,,,,30000,3000
cb,44.913,-110.3201,1912.6,2012,pe,5,6,248,67.0197,11.3,88.7,96.52173913,3.47826087,0,,,,30000,3000
cb,44.913,-110.3201,1912.6,2012,pe,5,7,248,100.23816,8.14,91.86,95.34883721,4.651162791,0,,,,30000,3000
cb,44.913,-110.3201,1912.6,2012,pe,5,8,248,76.34418,12.21,87.79,89.3129771,10.6870229,0,,,,30000,3000
cb,44.913,-110.3201,1912.6,2014,pe,3,2,209,50.11908,40.7,59.3,86.04651163,13.95348837,0,209,11949,,30000,3000
cb,44.913,-110.3201,1912.6,2014,pe,3,3,209,55.94688,40.63,59.38,98.95833333,1.041666667,0,209,11949,,30000,3000
cb,44.913,-110.3201,1912.6,2014,pe,3,4,209,58.278,42,58,89,0,9.90990991,209,11949,,30000,3000
cb,44.913,-110.3201,1912.6,2014,pe,3,5,209,74.59584,46.88,53.13,92.96875,7.03125,0,209,11949,,30000,3000
cb,44.913,-110.3201,1912.6,2014,pe,3,6,209,96.1587,44.24,55.76,96.96969697,0.606060606,2.366863905,209,11949,,30000,3000
cb,44.913,-110.3201,1912.6,2014,pe,3,7,209,90.91368,46.79,53.21,98.07692308,1.923076923,0,209,11949,,30000,3000
cb,44.913,-110.3201,1912.6,2014,pe,3,8,209,103.73484,51.12,48.88,100,0,0,209,11949,,30000,3000
cb,44.913,-110.3201,1912.6,2014,pe,3,1,209,55.3641,48.42,51.58,98.94736842,1.052631579,0,,,,30000,3000
cb,44.913,-110.3201,1912.6,2014,pe,3,1,230,89.74812,24.68,75.32,98.05194805,0.649350649,1.282051282,230,12502,,30000,3000
cb,44.913,-110.3201,1912.6,2014,pe,3,2,230,80.42364,24.64,75.36,93.47826087,5.797101449,0.71942446,230,12502,,30000,3000
cb,44.913,-110.3201,1912.6,2014,pe,3,3,230,96.1587,34.55,65.45,100,0,0,230,12502,,30000,3000
cb,44.913,-110.3201,1912.6,2014,pe,3,4,230,64.1058,25.45,74.55,95.45454545,0.909090909,3.50877193,230,12502,,30000,3000
cb,44.913,-110.3201,1912.6,2014,pe,3,5,230,69.9336,50,50,95.83333333,4.166666667,0,230,12502,,30000,3000
cb,44.913,-110.3201,1912.6,2014,pe,3,6,230,72.26472,52.42,47.58,88.70967742,2.419354839,8.148148148,230,12502,,30000,3000
cb,44.913,-110.3201,1912.6,2014,pe,3,7,230,79.84086,31.39,68.61,97.08029197,2.919708029,0,230,12502,,30000,3000
cb,44.913,-110.3201,1912.6,2014,pe,3,8,230,86.25144,41.22,58.78,97.97297297,1.351351351,0.67114094,230,12502,,30000,3000
cb,44.913,-110.3201,1912.6,2014,pe,5,1,259,118.88712,39.71,60.29,99.01960784,0.980392157,0,259,12351,,30000,3000
cb,44.913,-110.3201,1912.6,2014,pe,5,2,259,124.71492,35.05,64.95,97.6635514,2.336448598,0,259,12351,,30000,3000
cb,44.913,-110.3201,1912.6,2014,pe,5,3,259,111.31098,30.37,69.63,97.90575916,2.094240838,0,259,12351,,30000,3000
cb,44.913,-110.3201,1912.6,2014,pe,5,4,259,102.56928,28.41,71.59,96.59090909,0.568181818,2.762430939,259,12351,,30000,3000
cb,44.913,-110.3201,1912.6,2014,pe,5,5,259,90.91368,33.97,66.03,100,0,0,259,12351,,30000,3000
cb,44.913,-110.3201,1912.6,2014,pe,5,6,259,87.99978,28.48,71.52,96.68874172,0.662251656,2.580645161,259,12351,,30000,3000
cb,44.913,-110.3201,1912.6,2014,pe,5,7,259,89.74812,27.92,72.08,96.75324675,3.246753247,0,259,12351,,30000,3000
cb,44.913,-110.3201,1912.6,2014,pe,5,8,259,125.88048,28.7,71.3,99.07407407,0.925925926,0,259,12351,,30000,3000
gh,44.895,-110.9045,1890.7,1999,pe,1,1,190,74.67,96.18,3.82,54.96183206,45.03816794,0,190,26280,,53970,4539
gh,44.895,-110.9045,1890.7,1999,pe,1,2,190,95.19,92.81,7.19,71.85628743,28.14371257,0,190,26280,,53970,4539
gh,44.895,-110.9045,1890.7,1999,pe,1,3,190,64.41,99.12,0.88,81.4159292,18.5840708,0,190,26280,,53970,4539
gh,44.895,-110.9045,1890.7,1999,pe,1,4,190,69.54,95.08,4.92,64.75409836,34.42622951,0.81300813,190,26280,,53970,4539
gh,44.895,-110.9045,1890.7,1999,pe,2,1,221,87.78,62.34,37.66,85.06493506,14.93506494,0,221,17630,,53970,4539
gh,44.895,-110.9045,1890.7,1999,pe,2,2,221,100.32,55.11,44.89,75.56818182,24.43181818,0,221,17630,,53970,4539
gh,44.895,-110.9045,1890.7,1999,pe,2,3,221,104.31,65.03,34.97,87.43169399,12.56830601,0,221,17630,,53970,4539
gh,44.895,-110.9045,1890.7,1999,pe,2,4,221,103.17,52.49,47.51,64.64088398,35.35911602,0,221,17630,,53970,4539
gh,44.895,-110.9045,1890.7,1999,pe,2,5,221,131.1,63.91,36.09,81.30434783,18.69565217,0,221,17630,,53970,4539
gh,44.895,-110.9045,1890.7,1999,pe,3,1,251,67.26,69.49,30.51,77.68595041,22.31404959,0,251,16400,,53970,4539
gh,44.895,-110.9045,1890.7,1999,pe,3,2,251,84.93,42.95,57.05,68.21192053,31.78807947,0,251,16400,,53970,4539
gh,44.895,-110.9045,1890.7,1999,pe,3,3,251,49.02,41.86,58.14,81.39534884,18.60465116,0,251,16400,,53970,4539
gh,44.895,-110.9045,1890.7,1999,pe,3,4,251,103.74,64.84,35.16,97.8021978,2.197802198,0,251,16400,,53970,4539
gh,44.895,-110.9045,1890.7,1999,pe,4,1,289,,,,,,,,,,55890,4532
gh,44.895,-110.9045,1890.7,2000,pe,1,1,151,37.05,100,0,70.76923077,29.23076923,0,151,27750,,53970,4539
gh,44.895,-110.9045,1890.7,2000,pe,1,2,151,58.71,100,0,50.48543689,49.51456311,0,151,27750,,53970,4539
gh,44.895,-110.9045,1890.7,2000,pe,1,3,151,47.88,100,0,67.85714286,32.14285714,0,151,27750,,53970,4539
gh,44.895,-110.9045,1890.7,2000,pe,1,4,151,58.14,100,0,30.39215686,69.60784314,0,151,27750,,53970,4539
gh,44.895,-110.9045,1890.7,2000,pe,2,1,181,80.94,97.18,2.82,59.15492958,40.84507042,0,181,23785,,53970,4539
gh,44.895,-110.9045,1890.7,2000,pe,2,2,181,96.33,98.82,1.18,46.15384615,53.84615385,0,181,23785,,53970,4539
gh,44.895,-110.9045,1890.7,2000,pe,2,3,181,125.97,95.93,4.07,57.91855204,42.08144796,0,181,23785,,53970,4539
gh,44.895,-110.9045,1890.7,2000,pe,2,4,181,128.82,98.23,1.77,79.20353982,20.79646018,0,181,23785,,53970,4539
gh,44.895,-110.9045,1890.7,2000,pe,3,1,206,127.68,70.98,29.02,82.14285714,17.85714286,0,206,15802,,53970,4539
gh,44.895,-110.9045,1890.7,2000,pe,3,2,206,111.15,88.21,11.79,87.69230769,12.30769231,0,206,15802,,53970,4539
gh,44.895,-110.9045,1890.7,2000,pe,3,3,206,122.55,79.07,20.93,87.44186047,12.55813953,0,206,15802,,53970,4539
gh,44.895,-110.9045,1890.7,2000,pe,3,4,206,115.14,81.68,18.32,80.69306931,19.30693069,0,206,15802,,53970,4539
gh,44.895,-110.9045,1890.7,2000,pe,4,1,242,85.5,26.67,73.33,88.66666667,11.33333333,0,242,10219,,53970,4539
gh,44.895,-110.9045,1890.7,2000,pe,4,2,242,100.32,63.64,36.36,96.59090909,3.409090909,0,242,10219,,53970,4539
gh,44.895,-110.9045,1890.7,2000,pe,4,3,242,97.47,45.03,54.97,85.38011696,8.187134503,6.043956044,242,10219,,53970,4539
gh,44.895,-110.9045,1890.7,2000,pe,4,4,242,79.8,52.86,47.14,92.85714286,7.142857143,0,242,10219,,53970,4539
gh,44.895,-110.9045,1890.7,2000,pe,5,1,269,79.23,56.12,43.88,94.24460432,5.755395683,0,269,11379,,53970,4539
gh,44.895,-110.9045,1890.7,2000,pe,5,2,269,70.68,50,50,79.03225806,20.16129032,0.8,269,11379,,53970,4539
gh,44.895,-110.9045,1890.7,2000,pe,5,3,269,75.24,39.39,60.61,91.66666667,8.333333333,0,269,11379,,53970,4539
gh,44.895,-110.9045,1890.7,2000,pe,5,4,269,68.4,46.67,53.33,84.16666667,15,0.826446281,269,11379,,53970,4539
gh,44.895,-110.9045,1890.7,2000,pe,6,1,293,79.23,35.25,64.75,84.17266187,15.82733813,0,293,9676,,53970,4539
gh,44.895,-110.9045,1890.7,2000,pe,6,2,293,84.36,11.49,88.51,86.48648649,13.51351351,0,293,9676,,53970,4539
gh,44.895,-110.9045,1890.7,2000,pe,6,3,293,108.3,15.79,84.21,88.94736842,11.05263158,0,293,9676,,53970,4539
gh,44.895,-110.9045,1890.7,2000,pe,6,4,293,85.5,8,92,63.33333333,36.66666667,0,293,9676,,53970,4539
gh,44.895,-110.9045,1890.7,2001,pe,1,1,152,111.15,94.87,5.13,87.69230769,12.30769231,0,152,28600,,53970,4539
gh,44.895,-110.9045,1890.7,2001,pe,1,2,152,87.78,94.16,5.84,82.46753247,17.53246753,0,152,28600,,53970,4539
gh,44.895,-110.9045,1890.7,2001,pe,1,3,152,75.81,96.99,3.01,69.17293233,30.82706767,0,152,28600,,53970,4539
gh,44.895,-110.9045,1890.7,2001,pe,1,4,152,148.2,99.62,0.38,80,20,0,152,28600,,53970,4539
gh,44.895,-110.9045,1890.7,2001,pe,2,1,184,83.79,92.52,7.48,91.15646259,8.843537415,0,184,17350,,53970,4539
gh,44.895,-110.9045,1890.7,2001,pe,2,2,184,104.88,92.93,7.07,89.67391304,10.32608696,0,184,17350,,53970,4539
gh,44.895,-110.9045,1890.7,2001,pe,2,3,184,152.19,92.51,7.49,79.7752809,20.2247191,0,184,17350,,53970,4539
gh,44.895,-110.9045,1890.7,2001,pe,2,4,184,78.09,97.08,2.92,54.01459854,45.98540146,0,184,17350,,53970,4539
gh,44.895,-110.9045,1890.7,2001,pe,3,1,219,102.6,43.89,56.11,,,,219,14005,,53970,4539
gh,44.895,-110.9045,1890.7,2001,pe,3,2,219,116.28,31.37,68.63,,,,219,14005,,53970,4539
gh,44.895,-110.9045,1890.7,2001,pe,3,3,219,88.92,35.9,64.1,,,,219,14005,,53970,4539
gh,44.895,-110.9045,1890.7,2001,pe,3,4,219,144.21,68.38,31.62,,,,219,14005,,53970,4539
gh,44.895,-110.9045,1890.7,2001,pe,4,1,247,99.18,14.94,85.06,,,,247,10445,,53970,4539
gh,44.895,-110.9045,1890.7,2001,pe,4,2,247,55.29,23.71,76.29,,,,247,10445,,53970,4539
gh,44.895,-110.9045,1890.7,2001,pe,4,3,247,91.2,20,80,,,,247,10445,,53970,4539
gh,44.895,-110.9045,1890.7,2001,pe,4,4,247,77.52,16.18,83.82,,,,247,10445,,53970,4539
gh,44.895,-110.9045,1890.7,2001,pe,5,1,263,130.53,9.17,90.83,,,,263,10446,,53970,4539
gh,44.895,-110.9045,1890.7,2001,pe,5,2,263,167.01,19.45,80.55,,,,263,10446,,53970,4539
gh,44.895,-110.9045,1890.7,2001,pe,5,3,263,196.08,19.77,80.23,,,,263,10446,,53970,4539
gh,44.895,-110.9045,1890.7,2001,pe,5,4,263,118.56,37.98,62.02,,,,263,10446,,53970,4539
gh,44.895,-110.9045,1890.7,2001,pe,6,1,289,,,,,,,,,,55890,4532
hv,44.632,-110.4513,2372,1999,pe,1,1,201,262.416,95.83,4.17,86.60714286,13.39285714,0,201,24730,,56780,4960
hv,44.632,-110.4513,2372,1999,pe,1,2,201,234.3,99,1,95,5,0,201,24730,,56780,4960
hv,44.632,-110.4513,2372,1999,pe,2,1,230,183.535,86.81,13.19,80.85106383,19.14893617,0,230,15665,,56780,4960
hv,44.632,-110.4513,2372,1999,pe,2,2,230,181.973,73.39,26.61,81.11587983,18.88412017,0,230,15665,,56780,4960
hv,44.632,-110.4513,2372,1999,pe,2,3,230,217.899,80.65,19.35,89.96415771,10.03584229,0,230,15665,,56780,4960
hv,44.632,-110.4513,2372,1999,pe,2,4,230,154.638,79.29,20.71,86.86868687,13.13131313,0,230,15665,,56780,4960
hv,44.632,-110.4513,2372,1999,pe,2,5,230,192.126,76.83,23.17,93.90243902,6.097560976,0,230,15665,,56780,4960
hv,44.632,-110.4513,2372,1999,pe,3,1,258,185.878,71.43,28.57,89.49579832,10.50420168,0,258,14940,,56780,4960
hv,44.632,-110.4513,2372,1999,pe,3,2,258,143.704,67.93,32.07,92.39130435,7.608695652,0,258,14940,,56780,4960
hv,44.632,-110.4513,2372,1999,pe,3,3,258,222.585,69.47,30.53,90.87719298,9.122807018,0,258,14940,,56780,4960
hv,44.632,-110.4513,2372,1999,pe,3,4,258,163.229,55.02,44.98,87.08133971,12.91866029,0,258,14940,,56780,4960
hv,44.632,-110.4513,2372,1999,pe,4,6,279,,,,,,,,,,54800,4580
hv,44.632,-110.4513,2372,2000,pe,1,1,173,208.527,97,3,63.29588015,36.70411985,0,173,26521,,56780,4960
hv,44.632,-110.4513,2372,2000,pe,1,2,173,178.849,97.82,2.18,70.30567686,29.69432314,0,173,26521,,56780,4960
hv,44.632,-110.4513,2372,2000,pe,1,3,173,176.506,98.67,1.33,77.43362832,22.56637168,0,173,26521,,56780,4960
hv,44.632,-110.4513,2372,2000,pe,1,4,173,204.622,99.62,0.38,67.9389313,32.0610687,0,173,26521,,56780,4960
hv,44.632,-110.4513,2372,2000,pe,2,1,200,321.772,97.82,2.18,68.44660194,31.55339806,0,200,16188,,56780,4960
hv,44.632,-110.4513,2372,2000,pe,2,2,200,273.35,95.14,4.86,84.28571429,15.71428571,0,200,16188,,56780,4960
hv,44.632,-110.4513,2372,2000,pe,2,3,200,253.044,91.05,8.95,90.43209877,9.567901235,0,200,16188,,56780,4960
hv,44.632,-110.4513,2372,2000,pe,2,4,200,254.606,96.93,3.07,72.39263804,27.60736196,0,200,16188,,56780,4960
hv,44.632,-110.4513,2372,2000,pe,3,1,233,188.221,61.41,38.59,88.38174274,11.61825726,0,233,12276,,56780,4960
hv,44.632,-110.4513,2372,2000,pe,3,2,233,208.527,84.27,15.73,73.4082397,26.5917603,0,233,12276,,56780,4960
hv,44.632,-110.4513,2372,2000,pe,3,3,233,164.791,75.83,24.17,79.14691943,20.85308057,0,233,12276,,56780,4960
hv,44.632,-110.4513,2372,2000,pe,3,4,233,205.403,79.47,20.53,87.83269962,12.16730038,0,233,12276,,56780,4960
hv,44.632,-110.4513,2372,2000,pe,4,1,263,184.316,47.03,52.97,80.93220339,19.06779661,0,263,7294,,56780,4960
hv,44.632,-110.4513,2372,2000,pe,4,2,263,192.907,12.15,87.85,95.5465587,4.453441296,0,263,7294,,56780,4960
hv,44.632,-110.4513,2372,2000,pe,4,3,263,206.965,23.02,76.98,90.94339623,9.056603774,0,263,7294,,56780,4960
hv,44.632,-110.4513,2372,2000,pe,4,4,263,199.936,17.58,82.42,89.453125,10.546875,0,263,7294,,56780,4960
hv,44.632,-110.4513,2372,2000,pe,5,1,284,203.06,5.77,94.23,95,5,0,284,5787,,56780,4960
hv,44.632,-110.4513,2372,2000,pe,5,2,284,194.469,5.62,94.38,91.56626506,8.43373494,0,284,5787,,56780,4960
hv,44.632,-110.4513,2372,2000,pe,5,3,284,136.675,1.14,98.86,93.71428571,6.285714286,0,284,5787,,56780,4960
hv,44.632,-110.4513,2372,2000,pe,5,4,284,160.886,7.77,92.23,97.08737864,2.912621359,0,284,5787,,56780,4960
hv,44.632,-110.4513,2372,2001,pe,1,1,177,311.619,99,1,59.64912281,40.35087719,0,177,22938,,56780,4960
hv,44.632,-110.4513,2372,2001,pe,1,2,177,262.416,99.4,0.6,66.07142857,33.92857143,0,177,22938,,56780,4960
hv,44.632,-110.4513,2372,2001,pe,1,3,177,262.416,96.43,3.57,77.38095238,22.61904762,0,177,22938,,56780,4960
hv,44.632,-110.4513,2372,2001,pe,1,4,177,281.16,97.5,2.5,75.55555556,24.44444444,0,177,22938,,56780,4960
hv,44.632,-110.4513,2372,2001,pe,2,1,204,205.403,97.34,2.66,66.15969582,33.84030418,0,204,19060,,56780,4960
hv,44.632,-110.4513,2372,2001,pe,2,2,204,229.614,91.16,8.84,83.67346939,16.32653061,0,204,19060,,56780,4960
hv,44.632,-110.4513,2372,2001,pe,2,3,204,220.242,88.65,11.35,65.95744681,34.04255319,0,204,19060,,56780,4960
hv,44.632,-110.4513,2372,2001,pe,2,4,204,226.49,91.72,8.28,74.48275862,25.51724138,0,204,19060,,56780,4960
hv,44.632,-110.4513,2372,2001,pe,3,1,233,233.519,50.17,49.83,,,,233,11684,,56780,4960
hv,44.632,-110.4513,2372,2001,pe,3,2,233,260.073,39.04,60.96,,,,233,11684,,56780,4960
hv,44.632,-110.4513,2372,2001,pe,3,3,233,153.857,43.65,56.35,,,,233,11684,,56780,4960
hv,44.632,-110.4513,2372,2001,pe,3,4,233,219.461,48.4,51.6,,,,233,11684,,56780,4960
hv,44.632,-110.4513,2372,2001,pe,4,1,256,234.3,21.33,78.67,,,,256,9095,,56780,4960
hv,44.632,-110.4513,2372,2001,pe,4,2,256,224.928,22.22,77.78,,,,256,9095,,56780,4960
hv,44.632,-110.4513,2372,2001,pe,4,3,256,292.875,19.73,80.27,,,,256,9095,,56780,4960
hv,44.632,-110.4513,2372,2001,pe,4,4,256,278.817,20.17,79.83,,,,256,9095,,56780,4960
hv,44.632,-110.4513,2372,2001,pe,5,1,282,,,,,,,,,,54800,4580
lvbench,44.902,-110.1366,1912.6,1999,pe,1,1,160,91.2376,98.31,1.69,74.57627119,25.42372881,0,160,32590,,91920,9010
lvbench,44.902,-110.1366,1912.6,1999,pe,1,2,160,86.5984,96.43,3.57,72.32142857,27.67857143,0,160,32590,,91920,9010
lvbench,44.902,-110.1366,1912.6,1999,pe,1,3,160,82.7324,100,0,77.57009346,22.42990654,0,160,32590,,91920,9010
lvbench,44.902,-110.1366,1912.6,1999,pe,1,4,160,105.9284,98.54,1.46,83.94160584,16.05839416,0,160,32590,,91920,9010
lvbench,44.902,-110.1366,1912.6,1999,pe,2,1,194,104.382,92.59,7.41,68.88888889,31.11111111,0,194,16300,,91920,9010
lvbench,44.902,-110.1366,1912.6,1999,pe,2,2,194,153.8668,98.99,1.01,85.92964824,14.07035176,0,194,16300,,91920,9010
lvbench,44.902,-110.1366,1912.6,1999,pe,2,3,194,159.2792,99.03,0.97,64.5631068,35.4368932,0,194,16300,,91920,9010
lvbench,44.902,-110.1366,1912.6,1999,pe,2,4,194,159.2792,99.03,0.97,57.2815534,42.7184466,0,194,16300,,91920,9010
lvbench,44.902,-110.1366,1912.6,1999,pe,3,1,229,163.1452,87.68,12.32,93.36492891,6.63507109,0,229,14550,,91920,9010
lvbench,44.902,-110.1366,1912.6,1999,pe,3,2,229,161.5988,88.04,11.96,77.03349282,22.96650718,0,229,14550,,91920,9010
lvbench,44.902,-110.1366,1912.6,1999,pe,3,3,229,147.6812,91.62,8.38,77.48691099,22.51308901,0,229,14550,,91920,9010
lvbench,44.902,-110.1366,1912.6,1999,pe,3,4,229,160.0524,92.27,7.73,81.15942029,18.84057971,0,229,14550,,91920,9010
lvbench,44.902,-110.1366,1912.6,1999,pe,3,5,229,171.6504,91.44,8.56,79.72972973,20.27027027,0,229,14550,,91920,9010
lvbench,44.902,-110.1366,1912.6,1999,pe,4,1,256,162.372,69.05,30.95,94.28571429,5.714285714,0,256,12810,,91920,9010
lvbench,44.902,-110.1366,1912.6,1999,pe,4,2,256,153.0936,74.24,25.76,89.8989899,10.1010101,0,256,12810,,91920,9010
lvbench,44.902,-110.1366,1912.6,1999,pe,4,3,256,246.6508,79,21,93.73040752,6.269592476,0,256,12810,,91920,9010
lvbench,44.902,-110.1366,1912.6,1999,pe,4,4,256,163.1452,66.35,33.65,95.26066351,4.739336493,0,256,12810,,91920,9010
lvbench,44.902,-110.1366,1912.6,1999,pe,5,1,278,,,,,,,,,,75680,7510
lvbench,44.902,-110.1366,1912.6,2000,pe,1,1,150,160.0524,100,0,59.42028986,40.57971014,0,150,,,91920,9010
lvbench,44.902,-110.1366,1912.6,2000,pe,1,2,150,150.774,98.46,1.54,81.02564103,18.97435897,0,150,,,91920,9010
lvbench,44.902,-110.1366,1912.6,2000,pe,1,3,150,142.2688,100,0,50.54347826,49.45652174,0,150,,,91920,9010
lvbench,44.902,-110.1366,1912.6,2000,pe,1,4,150,144.5884,97.86,2.14,74.3315508,25.6684492,0,150,,,91920,9010
lvbench,44.902,-110.1366,1912.6,2000,pe,2,1,178,138.4028,99.44,0.56,61.45251397,38.54748603,0,178,18071,,91920,9010
lvbench,44.902,-110.1366,1912.6,2000,pe,2,2,178,222.6816,100,0,64.93055556,35.06944444,0,178,18071,,91920,9010
lvbench,44.902,-110.1366,1912.6,2000,pe,2,3,178,245.8776,99.06,0.94,65.72327044,34.27672956,0,178,18071,,91920,9010
lvbench,44.902,-110.1366,1912.6,2000,pe,2,4,178,209.5372,99.63,0.37,91.14391144,8.856088561,0,178,18071,,91920,9010
lvbench,44.902,-110.1366,1912.6,2000,pe,3,1,204,236.5992,81.7,18.3,84.96732026,15.03267974,0,204,14987,,91920,9010
lvbench,44.902,-110.1366,1912.6,2000,pe,3,2,204,203.3516,95.06,4.94,66.15969582,33.84030418,0,204,14987,,91920,9010
lvbench,44.902,-110.1366,1912.6,2000,pe,3,3,204,147.6812,82.72,17.28,85.34031414,14.65968586,0,204,14987,,91920,9010
lvbench,44.902,-110.1366,1912.6,2000,pe,3,4,204,173.97,89.78,10.22,72.44444444,27.55555556,0,204,14987,,91920,9010
lvbench,44.902,-110.1366,1912.6,2000,pe,4,1,240,151.5472,59.69,40.31,85.71428571,14.28571429,0,240,11755,,91920,9010
lvbench,44.902,-110.1366,1912.6,2000,pe,4,2,240,131.444,71.18,28.82,88.23529412,11.76470588,0,240,11755,,91920,9010
lvbench,44.902,-110.1366,1912.6,2000,pe,4,3,240,200.2588,52.51,47.49,90.34749035,9.652509653,0,240,11755,,91920,9010
lvbench,44.902,-110.1366,1912.6,2000,pe,4,4,240,122.9388,68.55,31.45,90.56603774,9.433962264,0,240,11755,,91920,9010
lvbench,44.902,-110.1366,1912.6,2000,pe,5,1,262,109.7944,39.44,60.56,65.49295775,34.50704225,0,262,10072,,91920,9010
lvbench,44.902,-110.1366,1912.6,2000,pe,5,2,262,175.5164,43.61,56.39,90.74889868,9.251101322,0,262,10072,,91920,9010
lvbench,44.902,-110.1366,1912.6,2000,pe,5,3,262,175.5164,26.43,73.57,97.79735683,2.202643172,0,262,10072,,91920,9010
lvbench,44.902,-110.1366,1912.6,2000,pe,5,4,262,112.8872,47.26,52.74,73.97260274,26.02739726,0,262,10072,,91920,9010
lvbench,44.902,-110.1366,1912.6,2000,pe,6,1,289,132.2172,28.07,71.93,93.56725146,6.432748538,0,289,8454,,91920,9010
lvbench,44.902,-110.1366,1912.6,2000,pe,6,2,289,152.3204,20.81,79.19,81.72588832,18.27411168,0,289,8454,,91920,9010
lvbench,44.902,-110.1366,1912.6,2000,pe,6,3,289,197.9392,16.02,83.98,89.84375,10.15625,0,289,8454,,91920,9010
lvbench,44.902,-110.1366,1912.6,2000,pe,6,4,289,180.1556,22.32,77.68,90.98712446,9.012875536,0,289,8454,,91920,9010
lvbench,44.902,-110.1366,1912.6,2001,pe,1,1,150,145.3616,97.87,2.13,58.53658537,41.46341463,0,150,28886,,91920,9010
lvbench,44.902,-110.1366,1912.6,2001,pe,1,2,150,150.0008,97.42,2.58,69.03553299,30.96446701,0,150,28886,,91920,9010
lvbench,44.902,-110.1366,1912.6,2001,pe,1,3,150,124.4852,96.89,3.11,85.71428571,14.28571429,0,150,28886,,91920,9010
lvbench,44.902,-110.1366,1912.6,2001,pe,1,4,150,148.4544,94.27,5.73,78.57142857,21.42857143,0,150,28886,,91920,9010
lvbench,44.902,-110.1366,1912.6,2001,pe,2,1,174,242.7848,96.5,3.5,82.1656051,17.8343949,0,174,21587,,91920,9010
lvbench,44.902,-110.1366,1912.6,2001,pe,2,2,174,242.7848,98.09,1.91,80.25477707,19.74522293,0,174,21587,,91920,9010
lvbench,44.902,-110.1366,1912.6,2001,pe,2,3,174,336.342,98.16,1.84,79.31034483,20.68965517,0,174,21587,,91920,9010
lvbench,44.902,-110.1366,1912.6,2001,pe,2,4,174,259.022,98.51,1.49,86.56716418,13.43283582,0,174,21587,,91920,9010
lvbench,44.902,-110.1366,1912.6,2001,pe,3,1,212,234.2796,70.3,29.7,,,,212,14175,,91920,9010
lvbench,44.902,-110.1366,1912.6,2001,pe,3,2,212,238.1456,76.3,23.7,,,,212,14175,,91920,9010
lvbench,44.902,-110.1366,1912.6,2001,pe,3,3,212,159.2792,70.87,29.13,,,,212,14175,,91920,9010
lvbench,44.902,-110.1366,1912.6,2001,pe,3,4,212,219.5888,83.8,16.2,,,,212,14175,,91920,9010
lvbench,44.902,-110.1366,1912.6,2001,pe,4,1,234,203.3516,45.25,54.75,,,,234,11185,,91920,9010
lvbench,44.902,-110.1366,1912.6,2001,pe,4,2,234,187.8876,41.98,58.02,,,,234,11185,,91920,9010
lvbench,44.902,-110.1366,1912.6,2001,pe,4,3,234,211.0836,45.05,54.95,,,,234,11185,,91920,9010
lvbench,44.902,-110.1366,1912.6,2001,pe,4,4,234,168.5576,45.41,54.59,,,,234,11185,,91920,9010
lvbench,44.902,-110.1366,1912.6,2001,pe,5,1,261,276.8056,32.4,67.6,,,,261,8252,,91920,9010
lvbench,44.902,-110.1366,1912.6,2001,pe,5,2,261,202.5784,22.14,77.86,,,,261,8252,,91920,9010
lvbench,44.902,-110.1366,1912.6,2001,pe,5,3,261,231.1868,36.79,63.21,,,,261,8252,,91920,9010
lvbench,44.902,-110.1366,1912.6,2001,pe,5,4,261,177.0628,38.43,61.57,,,,261,8252,,91920,9010
lvbench,44.902,-110.1366,1912.6,2001,pe,6,1,288,,,,,,,,,,75680,7510
mam,44.954,-110.7002,1890.7,1999,pe,1,1,137,53.25,100,0,93.33333333,6.666666667,0,137,27470,,93730,6740
mam,44.954,-110.7002,1890.7,1999,pe,1,2,137,65.32,91.3,8.7,100,0,0,137,27470,,93730,6740
mam,44.954,-110.7002,1890.7,1999,pe,1,3,137,51.12,97.22,2.78,98.61111111,1.388888889,0,137,27470,,93730,6740
mam,44.954,-110.7002,1890.7,1999,pe,1,4,137,68.16,96.88,3.13,98.95833333,1.041666667,0,137,27470,,93730,6740
mam,44.954,-110.7002,1890.7,1999,pe,2,1,167,112.89,91.19,8.81,98.11320755,1.886792453,0,167,17580,,93730,6740
mam,44.954,-110.7002,1890.7,1999,pe,2,2,167,123.54,96.55,3.45,99.42528736,0.574712644,0,167,17580,,93730,6740
mam,44.954,-110.7002,1890.7,1999,pe,2,3,167,100.11,94.33,5.67,97.16312057,2.836879433,0,167,17580,,93730,6740
mam,44.954,-110.7002,1890.7,1999,pe,2,4,167,46.15,86.15,13.85,98.46153846,1.538461538,0,167,17580,,93730,6740
mam,44.954,-110.7002,1890.7,1999,pe,2,1,180,220.81,96.46,3.54,99.35691318,0.643086817,0,180,14830,,93730,6740
mam,44.954,-110.7002,1890.7,1999,pe,2,2,180,209.45,93.9,6.1,98.30508475,1.694915254,0,180,14830,,93730,6740
mam,44.954,-110.7002,1890.7,1999,pe,2,3,180,217.97,94.14,5.86,99.0228013,0.977198697,0,180,14830,,93730,6740
mam,44.954,-110.7002,1890.7,1999,pe,2,4,180,224.36,96.2,3.8,99.6835443,0.316455696,0,180,14830,,93730,6740
mam,44.954,-110.7002,1890.7,1999,pe,2,5,180,216.55,98.36,1.64,99.3442623,0.655737705,0,180,14830,,93730,6740
mam,44.954,-110.7002,1890.7,1999,pe,3,1,202,151.23,90.61,9.39,98.5915493,1.408450704,0,202,16989,,93730,6740
mam,44.954,-110.7002,1890.7,1999,pe,3,2,202,199.51,87.9,12.1,93.95017794,6.049822064,0,202,16989,,93730,6740
mam,44.954,-110.7002,1890.7,1999,pe,3,3,202,176.79,86.75,13.25,93.17269076,6.827309237,0,202,16989,,93730,6740
mam,44.954,-110.7002,1890.7,1999,pe,3,4,202,181.76,83.2,16.8,94.53125,5.46875,0,202,16989,,93730,6740
mam,44.954,-110.7002,1890.7,1999,pe,4,1,231,229.33,66.25,33.75,94.42724458,5.572755418,0,231,12570,,93730,6740
mam,44.954,-110.7002,1890.7,1999,pe,4,2,231,259.86,75.41,24.59,97.26775956,2.732240437,0,231,12570,,93730,6740
mam,44.954,-110.7002,1890.7,1999,pe,4,3,231,230.04,79.32,20.68,93.51851852,6.481481481,0,231,12570,,93730,6740
mam,44.954,-110.7002,1890.7,1999,pe,4,4,231,246.37,81.27,18.73,92.21902017,7.780979827,0,231,12570,,93730,6740
mam,44.954,-110.7002,1890.7,1999,pe,5,1,257,202.35,74.74,25.26,98.59649123,1.403508772,0,257,11960,,93730,6740
mam,44.954,-110.7002,1890.7,1999,pe,5,2,257,230.04,78.4,21.6,88.27160494,11.72839506,0,257,11960,,93730,6740
mam,44.954,-110.7002,1890.7,1999,pe,5,3,257,221.52,61.54,38.46,100,0,0,257,11960,,93730,6740
mam,44.954,-110.7002,1890.7,1999,pe,5,4,257,285.42,79.6,20.4,92.78606965,7.213930348,0,257,11960,,93730,6740
mam,44.954,-110.7002,1890.7,1999,pe,6,1,278,,,,,,,,,,103800,7840
mam,44.954,-110.7002,1890.7,2000,pe,1,1,143,115.02,95.68,4.32,96.91358025,3.086419753,0,143,27018,,93730,6740
mam,44.954,-110.7002,1890.7,2000,pe,1,2,143,173.95,93.06,6.94,98.7755102,1.224489796,0,143,27018,,93730,6740
mam,44.954,-110.7002,1890.7,2000,pe,1,3,143,98.69,95.68,4.32,99.28057554,0.71942446,0,143,27018,,93730,6740
mam,44.954,-110.7002,1890.7,2000,pe,1,4,143,114.31,96.27,3.73,96.27329193,3.726708075,0,143,27018,,93730,6740
mam,44.954,-110.7002,1890.7,2000,pe,2,1,172,183.89,89.58,10.42,96.13899614,3.861003861,0,172,14367,,93730,6740
mam,44.954,-110.7002,1890.7,2000,pe,2,2,172,179.63,95.26,4.74,98.02371542,1.976284585,0,172,14367,,93730,6740
mam,44.954,-110.7002,1890.7,2000,pe,2,3,172,137.03,88.08,11.92,99.48186528,0.518134715,0,172,14367,,93730,6740
mam,44.954,-110.7002,1890.7,2000,pe,2,4,172,175.37,96.36,3.64,96.7611336,3.238866397,0,172,14367,,93730,6740
mam,44.954,-110.7002,1890.7,2000,pe,3,1,201,153.36,81.48,18.52,97.68518519,2.314814815,0,201,13877,,93730,6740
mam,44.954,-110.7002,1890.7,2000,pe,3,2,201,163.3,80.87,19.13,93.91304348,6.086956522,0,201,13877,,93730,6740
mam,44.954,-110.7002,1890.7,2000,pe,3,3,201,146.97,72.46,27.54,100,0,0,201,13877,,93730,6740
mam,44.954,-110.7002,1890.7,2000,pe,3,4,201,149.1,86.67,13.33,88.0952381,11.9047619,0,201,13877,,93730,6740
mam,44.954,-110.7002,1890.7,2000,pe,4,1,233,124.96,76.14,23.86,97.15909091,2.840909091,0,233,13220,,93730,6740
mam,44.954,-110.7002,1890.7,2000,pe,4,2,233,134.9,65.26,34.74,95.78947368,4.210526316,0,233,13220,,93730,6740
mam,44.954,-110.7002,1890.7,2000,pe,4,3,233,107.92,73.03,26.97,94.73684211,5.263157895,0,233,13220,,93730,6740
mam,44.954,-110.7002,1890.7,2000,pe,4,4,233,152.65,71.16,28.84,91.62790698,8.372093023,0,233,13220,,93730,6740
mam,44.954,-110.7002,1890.7,2000,pe,5,1,255,143.42,67.82,32.18,92.57425743,6.930693069,0.492610837,255,11618,,93730,6740
mam,44.954,-110.7002,1890.7,2000,pe,5,2,255,139.16,54.59,45.41,98.46938776,1.530612245,0,255,11618,,93730,6740
mam,44.954,-110.7002,1890.7,2000,pe,5,3,255,147.68,54.81,45.19,99.03846154,0.961538462,0,255,11618,,93730,6740
mam,44.954,-110.7002,1890.7,2000,pe,5,4,255,154.78,71.56,28.44,97.24770642,2.752293578,0,255,11618,,93730,6740
mam,44.954,-110.7002,1890.7,2000,pe,6,1,299,161.88,16.23,83.77,98.68421053,1.315789474,0,299,10248,,93730,6740
mam,44.954,-110.7002,1890.7,2000,pe,6,2,299,165.43,21.89,78.11,97.4248927,2.575107296,0,299,10248,,93730,6740
mam,44.954,-110.7002,1890.7,2000,pe,6,3,299,203.06,22.38,77.62,96.15384615,3.846153846,0,299,10248,,93730,6740
mam,44.954,-110.7002,1890.7,2000,pe,6,4,299,203.06,16.08,83.92,95.8041958,4.195804196,0,299,10248,,93730,6740
mam,44.954,-110.7002,1890.7,2001,pe,1,1,136,86.62,91.8,8.2,93.44262295,6.557377049,0,136,26736,,93730,6740
mam,44.954,-110.7002,1890.7,2001,pe,1,2,136,79.52,95.54,4.46,95.53571429,4.464285714,0,136,26736,,93730,6740
mam,44.954,-110.7002,1890.7,2001,pe,1,3,136,63.9,88.89,11.11,91.11111111,8.888888889,0,136,26736,,93730,6740
mam,44.954,-110.7002,1890.7,2001,pe,1,4,136,51.12,95.83,4.17,100,0,0,136,26736,,93730,6740
mam,44.954,-110.7002,1890.7,2001,pe,2,1,162,134.9,86.32,13.68,89.28571429,10.71428571,0,162,23383,,93730,6740
mam,44.954,-110.7002,1890.7,2001,pe,2,2,162,135.61,82.2,17.8,91.09947644,8.90052356,0,162,23383,,93730,6740
mam,44.954,-110.7002,1890.7,2001,pe,2,3,162,151.23,80.75,19.25,94.36619718,5.633802817,0,162,23383,,93730,6740
mam,44.954,-110.7002,1890.7,2001,pe,2,4,162,142,80,20,95,5,0,162,23383,,93730,6740
mam,44.954,-110.7002,1890.7,2001,pe,3,1,191,186.02,89.69,10.31,85.11450382,14.88549618,0,191,16774,,93730,6740
mam,44.954,-110.7002,1890.7,2001,pe,3,2,191,235.72,84.64,15.36,95.48192771,4.518072289,0,191,16774,,93730,6740
mam,44.954,-110.7002,1890.7,2001,pe,3,3,191,161.88,92.54,7.46,92.54385965,7.456140351,0,191,16774,,93730,6740
mam,44.954,-110.7002,1890.7,2001,pe,3,4,191,191.7,85.93,14.07,91.11111111,8.888888889,0,191,16774,,93730,6740
mam,44.954,-110.7002,1890.7,2001,pe,4,1,221,198.09,73.48,26.52,,,,221,10974,,93730,6740
mam,44.954,-110.7002,1890.7,2001,pe,4,2,221,183.18,47.67,52.33,,,,221,10974,,93730,6740
mam,44.954,-110.7002,1890.7,2001,pe,4,3,221,158.33,55.61,44.39,,,,221,10974,,93730,6740
mam,44.954,-110.7002,1890.7,2001,pe,4,4,221,185.31,70.88,29.12,,,,221,10974,,93730,6740
mam,44.954,-110.7002,1890.7,2001,pe,6,1,275,,,,,,,,,,103800,7840
n,44.732,-110.0939,2407.9,1999,pe,1,1,179,100.8306,94.87,5.13,78.63247863,21.36752137,0,179,25508,,98440,9703
n,44.732,-110.0939,2407.9,1999,pe,1,2,179,137.888,97.5,2.5,78.75,21.25,0,179,25508,,98440,9703
n,44.732,-110.0939,2407.9,1999,pe,1,3,179,128.4082,97.32,2.68,85.23489933,14.76510067,0,179,25508,,98440,9703
n,44.732,-110.0939,2407.9,1999,pe,1,4,179,108.5868,98.41,1.59,84.92063492,15.07936508,0,179,25508,,98440,9703
n,44.732,-110.0939,2407.9,1999,pe,2,1,210,127.5464,75.68,24.32,84.45945946,15.54054054,0,210,15940,,86080,9180
n,44.732,-110.0939,2407.9,1999,pe,2,2,210,129.27,80.67,19.33,76,24,0,210,15940,,86080,9180
n,44.732,-110.0939,2407.9,1999,pe,2,3,210,141.3352,81.1,18.9,86.58536585,13.41463415,0,210,15940,,86080,9180
n,44.732,-110.0939,2407.9,1999,pe,2,4,210,129.27,77.33,22.67,90.66666667,9.333333333,0,210,15940,,86080,9180
n,44.732,-110.0939,2407.9,1999,pe,3,1,237,179.2544,50.48,49.52,81.25,18.75,0,237,12310,,86080,9180
n,44.732,-110.0939,2407.9,1999,pe,3,2,237,138.7498,54.04,45.96,90.68322981,9.316770186,0,237,12310,,86080,9180
n,44.732,-110.0939,2407.9,1999,pe,3,3,237,148.2296,69.77,30.23,86.04651163,13.95348837,0,237,12310,,86080,9180
n,44.732,-110.0939,2407.9,1999,pe,3,4,237,148.2296,60.47,39.53,88.95348837,11.04651163,0,237,12310,,86080,9180
n,44.732,-110.0939,2407.9,1999,pe,3,5,237,169.7746,44.67,55.33,91.37055838,8.629441624,0,237,12310,,86080,9180
n,44.732,-110.0939,2407.9,1999,pe,4,1,267,143.9206,24.55,75.45,89.82035928,10.17964072,0,267,9802,,86080,9180
n,44.732,-110.0939,2407.9,1999,pe,4,2,267,154.2622,48.6,51.4,74.8603352,25.1396648,0,267,9802,,86080,9180
n,44.732,-110.0939,2407.9,1999,pe,4,3,267,133.579,21.94,78.06,94.83870968,5.161290323,0,267,9802,,86080,9180
n,44.732,-110.0939,2407.9,1999,pe,4,4,267,192.1814,46.19,53.81,78.47533632,21.52466368,0,267,9802,,86080,9180
n,44.732,-110.0939,2407.9,2000,pe,1,1,164,123.2374,93.71,6.29,67.83216783,32.16783217,0,164,22734,,86080,9180
n,44.732,-110.0939,2407.9,2000,pe,1,2,164,130.1318,98.01,1.99,77.48344371,22.51655629,0,164,22734,,86080,9180
n,44.732,-110.0939,2407.9,2000,pe,1,3,164,152.5386,94.92,5.08,62.14689266,37.85310734,0,164,22734,,86080,9180
n,44.732,-110.0939,2407.9,2000,pe,1,4,164,102.5542,98.32,1.68,56.30252101,43.69747899,0,164,22734,,86080,9180
n,44.732,-110.0939,2407.9,2000,pe,2,1,199,147.3678,83.63,16.37,76.60818713,23.39181287,0,199,15068,,86080,9180
n,44.732,-110.0939,2407.9,2000,pe,2,2,199,191.3196,86.04,13.96,65.76576577,34.23423423,0,199,15068,,86080,9180
n,44.732,-110.0939,2407.9,2000,pe,2,3,199,175.8072,83.33,16.67,72.05882353,27.94117647,0,199,15068,,86080,9180
n,44.732,-110.0939,2407.9,2000,pe,2,4,199,201.6612,80.34,19.66,83.33333333,16.66666667,0,199,15068,,86080,9180
n,44.732,-110.0939,2407.9,2000,pe,3,1,227,204.2466,44.3,55.7,73.83966245,26.16033755,0,227,12330,,86080,9180
n,44.732,-110.0939,2407.9,2000,pe,3,2,227,155.124,24.44,75.56,86.66666667,13.33333333,0,227,12330,,86080,9180
n,44.732,-110.0939,2407.9,2000,pe,3,3,227,233.5478,43.54,56.46,90.40590406,9.594095941,0,227,12330,,86080,9180
n,44.732,-110.0939,2407.9,2000,pe,3,4,227,173.2218,52.24,47.76,88.55721393,11.44278607,0,227,12330,,86080,9180
n,44.732,-110.0939,2407.9,2000,pe,4,1,254,141.3352,28.05,71.95,84.75609756,15.24390244,0,254,8835,,86080,9180
n,44.732,-110.0939,2407.9,2000,pe,4,2,254,149.9532,20.69,79.31,92.52873563,7.471264368,0,254,8835,,86080,9180
n,44.732,-110.0939,2407.9,2000,pe,4,3,254,149.9532,23.56,76.44,86.7816092,13.2183908,0,254,8835,,86080,9180
n,44.732,-110.0939,2407.9,2000,pe,4,4,254,152.5386,23.16,76.84,92.65536723,7.344632768,0,254,8835,,86080,9180
n,44.732,-110.0939,2407.9,2000,pe,5,1,297,158.5712,1.09,98.91,83.15217391,16.84782609,0,297,5873,,86080,9180
n,44.732,-110.0939,2407.9,2000,pe,5,2,297,157.7094,1.09,98.91,83.06010929,16.93989071,0,297,5873,,86080,9180
n,44.732,-110.0939,2407.9,2000,pe,5,3,297,113.7576,14.39,85.61,89.39393939,10.60606061,0,297,5873,,86080,9180
n,44.732,-110.0939,2407.9,2000,pe,5,4,297,152.5386,5.08,94.92,93.22033898,6.779661017,0,297,5873,,86080,9180
n,44.732,-110.0939,2407.9,2001,pe,1,1,158,132.7172,95.45,4.55,60.38961039,39.61038961,0,158,27808,,86080,9180
n,44.732,-110.0939,2407.9,2001,pe,1,2,158,113.7576,93.94,6.06,75.75757576,24.24242424,0,158,27808,,86080,9180
n,44.732,-110.0939,2407.9,2001,pe,1,3,158,88.7654,98.06,1.94,75.72815534,24.27184466,0,158,27808,,86080,9180
n,44.732,-110.0939,2407.9,2001,pe,1,4,158,106.0014,96.75,3.25,51.2195122,48.7804878,0,158,27808,,86080,9180
n,44.732,-110.0939,2407.9,2001,pe,2,1,190,214.5882,90.76,9.24,57.8313253,42.1686747,0,190,19250,,86080,9180
n,44.732,-110.0939,2407.9,2001,pe,2,2,190,155.9858,91.71,8.29,53.59116022,46.40883978,0,190,19250,,86080,9180
n,44.732,-110.0939,2407.9,2001,pe,2,3,190,152.5386,93.22,6.78,57.62711864,42.37288136,0,190,19250,,86080,9180
n,44.732,-110.0939,2407.9,2001,pe,2,4,190,258.54,88.67,11.33,77,23,0,190,19250,,86080,9180
n,44.732,-110.0939,2407.9,2001,pe,3,1,220,128.4082,34.9,65.1,,,,220,10785,,86080,9180
n,44.732,-110.0939,2407.9,2001,pe,3,2,220,153.4004,43.82,56.18,,,,220,10785,,86080,9180
n,44.732,-110.0939,2407.9,2001,pe,3,3,220,96.5216,43.75,56.25,,,,220,10785,,86080,9180
n,44.732,-110.0939,2407.9,2001,pe,3,4,220,162.0184,45.74,54.26,,,,220,10785,,86080,9180
n,44.732,-110.0939,2407.9,2001,pe,4,1,248,177.5308,18.45,81.55,,,,248,9487,,86080,9180
n,44.732,-110.0939,2407.9,2001,pe,4,2,248,142.197,18.18,81.82,,,,248,9487,,86080,9180
n,44.732,-110.0939,2407.9,2001,pe,4,3,248,146.506,14.71,85.29,,,,248,9487,,86080,9180
n,44.732,-110.0939,2407.9,2001,pe,4,4,248,147.3678,18.13,81.87,,,,248,9487,,86080,9180
rbm,44.798,-110.0901,1912.6,1988,pe,3,1,242,40.40352,25,75,75,25,0,,,,81200,6000
rbm,44.798,-110.0901,1912.6,1988,pe,3,2,242,94.27488,19.64,80.36,70.53571429,29.46428571,0,,,,81200,6000
rbm,44.798,-110.0901,1912.6,1988,pe,3,3,242,64.81398,18.18,81.82,80.51948052,19.48051948,0,,,,81200,6000
rbm,44.798,-110.0901,1912.6,1988,pe,3,4,242,85.01574,14.85,85.15,75.24752475,24.75247525,0,,,,81200,6000
rbm,44.798,-110.0901,1912.6,1988,pe,3,5,242,66.49746,27.85,72.15,81.01265823,18.98734177,0,,,,81200,6000
rbm,44.798,-110.0901,1912.6,1988,pe,3,6,242,106.05924,10.32,89.68,77.77777778,22.22222222,0,,,,81200,6000
rbm,44.798,-110.0901,1912.6,1989,pe,2,1,206,167.50626,93.47,6.53,71.85929648,28.14070352,0,,,,81178,6000
rbm,44.798,-110.0901,1912.6,1989,pe,2,2,206,100.16706,93.28,6.72,77.31092437,22.68907563,0,,,,81178,6000
rbm,44.798,-110.0901,1912.6,1989,pe,2,3,206,95.11662,83.19,16.81,78.76106195,21.23893805,0,,,,81178,6000
rbm,44.798,-110.0901,1912.6,1989,pe,2,4,206,156.56364,82.8,17.2,73.11827957,26.88172043,0,,,,81178,6000
rbm,44.798,-110.0901,1912.6,1989,pe,2,5,206,106.90098,86.61,13.39,75.59055118,24.40944882,0,,,,81178,6000
rbm,44.798,-110.0901,1912.6,1989,pe,2,6,206,86.69922,90.29,9.71,61.16504854,38.83495146,0,,,,81178,6000
rbm,44.798,-110.0901,1912.6,1989,pe,2,7,206,136.36188,75.31,24.69,77.16049383,22.83950617,0,,,,81178,6000
rbm,44.798,-110.0901,1912.6,1989,pe,2,8,206,158.24712,85.11,14.89,80.85106383,19.14893617,0,,,,81178,6000
rbm,44.798,-110.0901,1912.6,1989,pe,2,9,206,107.74272,80.47,19.53,82.03125,17.96875,0,,,,81178,6000
sc,45.036,-110.7479,1603,1999,pe,2,1,146,131.75,97.6,2.4,87.27272727,12.72727273,0,146,24510,,20400,1850
sc,45.036,-110.7479,1603,1999,pe,2,2,146,95.914,83.52,16.48,70.73170732,29.26829268,0,146,24510,,20400,1850
sc,45.036,-110.7479,1603,1999,pe,2,3,146,101.184,96.88,3.13,43.58974359,56.41025641,0,146,24510,,20400,1850
sc,45.036,-110.7479,1603,1999,pe,2,4,146,86.428,97.56,2.44,38.88888889,61.11111111,0,146,24510,,20400,1850
sc,45.036,-110.7479,1603,1999,pe,3,1,181,154.938,93.2,6.8,91.83673469,8.163265306,0,181,13906,,20400,1850
sc,45.036,-110.7479,1603,1999,pe,3,2,181,140.182,98.5,1.5,97.7443609,2.255639098,0,181,13906,,20400,1850
sc,45.036,-110.7479,1603,1999,pe,3,3,181,116.994,92.79,7.21,98.1981982,1.801801802,0,181,13906,,20400,1850
sc,45.036,-110.7479,1603,1999,pe,3,4,181,113.832,95.37,4.63,93.51851852,6.481481481,0,181,13906,,20400,1850
sc,45.036,-110.7479,1603,1999,pe,3,5,181,123.318,96.58,3.42,95.72649573,4.273504274,0,181,13906,,20400,1850
sc,45.036,-110.7479,1603,1999,pe,4,1,214,154.938,36.05,63.95,88.43537415,11.56462585,0,214,10057,,20400,1850
sc,45.036,-110.7479,1603,1999,pe,4,2,214,88.536,39.29,60.71,98.80952381,1.19047619,0,214,10057,,20400,1850
sc,45.036,-110.7479,1603,1999,pe,4,3,214,89.59,23.53,76.47,88.23529412,11.76470588,0,214,10057,,20400,1850
sc,45.036,-110.7479,1603,1999,pe,4,4,214,125.426,36.13,63.87,94.11764706,5.882352941,0,214,10057,,20400,1850
sc,45.036,-110.7479,1603,1999,pe,5,1,242,76.942,15.07,84.93,98.63013699,1.369863014,0,242,8642,,20400,1850
sc,45.036,-110.7479,1603,1999,pe,5,2,242,81.158,19.48,80.52,94.80519481,5.194805195,0,242,8642,,20400,1850
sc,45.036,-110.7479,1603,1999,pe,5,3,242,102.238,22.68,77.32,100,0,0,242,8642,,20400,1850
sc,45.036,-110.7479,1603,1999,pe,5,4,242,45.322,23.26,76.74,95.34883721,4.651162791,0,242,8642,,20400,1850
sc,45.036,-110.7479,1603,2000,pe,1,1,123,40.052,100,0,89.47368421,10.52631579,0,123,25067,,20400,1850
sc,45.036,-110.7479,1603,2000,pe,1,2,123,30.566,96.55,3.45,82.75862069,17.24137931,0,123,25067,,20400,1850
sc,45.036,-110.7479,1603,2000,pe,1,3,123,59.024,89.29,10.71,94.64285714,5.357142857,0,123,25067,,20400,1850
sc,45.036,-110.7479,1603,2000,pe,1,4,123,27.404,84.62,15.38,92.30769231,7.692307692,0,123,25067,,20400,1850
sc,45.036,-110.7479,1603,2000,pe,2,1,151,116.994,97.3,2.7,93.69369369,6.306306306,0,151,18503,,20400,1850
sc,45.036,-110.7479,1603,2000,pe,2,2,151,113.832,96.3,3.7,88.88888889,11.11111111,0,151,18503,,20400,1850
sc,45.036,-110.7479,1603,2000,pe,2,3,151,74.834,92.96,7.04,67.6056338,32.3943662,0,151,18503,,20400,1850
sc,45.036,-110.7479,1603,2000,pe,2,4,151,87.482,97.59,2.41,81.92771084,18.07228916,0,151,18503,,20400,1850
sc,45.036,-110.7479,1603,2000,pe,3,1,179,61.132,37.93,62.07,91.37931034,8.620689655,0,179,13971,,20400,1850
sc,45.036,-110.7479,1603,2000,pe,3,2,179,65.348,41.94,58.06,95.16129032,4.838709677,0,179,13971,,20400,1850
sc,45.036,-110.7479,1603,2000,pe,3,3,179,71.672,32.35,67.65,97.05882353,2.941176471,0,179,13971,,20400,1850
sc,45.036,-110.7479,1603,2000,pe,3,4,179,91.698,40.23,59.77,97.70114943,2.298850575,0,179,13971,,20400,1850
sc,45.036,-110.7479,1603,2000,pe,4,1,205,28.458,0,100,100,0,0,205,4245,,20400,1850
sc,45.036,-110.7479,1603,2000,pe,4,2,205,75.888,0,100,97.22222222,2.777777778,0,205,4245,,20400,1850
sc,45.036,-110.7479,1603,2000,pe,4,3,205,44.268,0,100,100,0,0,205,4245,,20400,1850
sc,45.036,-110.7479,1603,2000,pe,4,4,205,68.51,1.54,98.46,100,0,0,205,4245,,20400,1850
sc,45.036,-110.7479,1603,2000,pe,5,1,236,52.7,0,100,92,8,0,236,6221,,20400,1850
sc,45.036,-110.7479,1603,2000,pe,5,2,236,36.89,0,100,97.14285714,2.857142857,0,236,6221,,20400,1850
sc,45.036,-110.7479,1603,2000,pe,5,3,236,30.566,0,100,100,0,0,236,6221,,20400,1850
sc,45.036,-110.7479,1603,2000,pe,5,4,236,71.672,0,100,100,0,0,236,6221,,20400,1850
sc,45.036,-110.7479,1603,2000,pe,6,1,267,25.296,0,100,95.83333333,4.166666667,0,267,3814,,20400,1850
sc,45.036,-110.7479,1603,2000,pe,6,2,267,31.62,0,100,86.66666667,13.33333333,0,267,3814,,20400,1850
sc,45.036,-110.7479,1603,2000,pe,6,3,267,50.592,0,100,95.83333333,4.166666667,0,267,3814,,20400,1850
sc,45.036,-110.7479,1603,2000,pe,6,4,267,49.538,0,100,89.36170213,10.63829787,0,267,3814,,20400,1850
sc,45.036,-110.7479,1603,2000,pe,7,1,300,69.564,1.52,98.48,98.48484848,1.515151515,0,300,4151,,20400,1850
sc,45.036,-110.7479,1603,2000,pe,7,2,300,44.268,0,100,100,0,0,300,4151,,20400,1850
sc,45.036,-110.7479,1603,2000,pe,7,3,300,35.836,11.76,88.24,91.17647059,8.823529412,0,300,4151,,20400,1850
sc,45.036,-110.7479,1603,2000,pe,7,4,300,30.566,3.45,96.55,100,0,0,300,4151,,20400,1850
sc,45.036,-110.7479,1603,2001,pe,1,1,138,46.376,79.55,20.45,72.72727273,27.27272727,0,138,27638,,20400,1850
sc,45.036,-110.7479,1603,2001,pe,1,2,138,38.998,62.16,37.84,86.48648649,13.51351351,0,138,27638,,20400,1850
sc,45.036,-110.7479,1603,2001,pe,1,3,138,24.242,82.61,17.39,65.2173913,34.7826087,0,138,27638,,20400,1850
sc,45.036,-110.7479,1603,2001,pe,1,4,138,21.08,60,40,70,30,0,138,27638,,20400,1850
sc,45.036,-110.7479,1603,2001,pe,2,1,163,15.81,6.67,93.33,40,60,0,163,27768,,20400,1850
sc,45.036,-110.7479,1603,2001,pe,2,2,163,25.296,4.17,95.83,62.5,37.5,0,163,27768,,20400,1850
sc,45.036,-110.7479,1603,2001,pe,2,3,163,23.188,18.18,81.82,31.81818182,68.18181818,0,163,27768,,20400,1850
sc,45.036,-110.7479,1603,2001,pe,2,4,163,30.566,17.24,82.76,51.72413793,48.27586207,0,163,27768,,20400,1850
sc,45.036,-110.7479,1603,2001,pe,3,1,191,1.054,0,100,0,100,0,191,28567,,20400,1850
sc,45.036,-110.7479,1603,2001,pe,3,2,191,4.216,50,50,0,100,0,191,28567,,20400,1850
sc,45.036,-110.7479,1603,2001,pe,3,3,191,2.108,0,100,0,100,0,191,28567,,20400,1850
sc,45.036,-110.7479,1603,2001,pe,3,4,191,3.162,100,0,0,100,0,191,28567,,20400,1850
sc,45.036,-110.7479,1603,2001,pe,4,1,225,7.378,0,100,,,,225,16150,,20400,1850
sc,45.036,-110.7479,1603,2001,pe,4,2,225,5.27,0,100,,,,225,16150,,20400,1850
sc,45.036,-110.7479,1603,2001,pe,4,3,225,7.378,0,100,,,,225,16150,,20400,1850
sc,45.036,-110.7479,1603,2001,pe,4,4,225,8.432,0,100,,,,225,16150,,20400,1850
sc,45.036,-110.7479,1603,2001,pe,5,1,254,,,,,,,,,,29030,2570
sc,45.036,-110.7479,1603,2001,pe,6,1,276,,,,,,,,,,29030,2570
sr,44.906,-110.3872,1912.6,1999,pe,1,1,158,193.8892,98.62,1.38,85.77981651,14.22018349,0,158,2465,,68550,5720
sr,44.906,-110.3872,1912.6,1999,pe,1,2,158,155.645,97.71,2.29,80.57142857,19.42857143,0,158,2465,,68550,5720
sr,44.906,-110.3872,1912.6,1999,pe,1,3,158,166.3178,98.4,1.6,77.00534759,22.99465241,0,158,2465,,68550,5720
sr,44.906,-110.3872,1912.6,1999,pe,1,4,158,193.8892,100,0,89.44954128,10.55045872,0,158,2465,,68550,5720
sr,44.906,-110.3872,1912.6,1999,pe,1,1,193,257.926,96.55,3.45,92.75862069,7.24137931,0,193,,,68550,5720
sr,44.906,-110.3872,1912.6,1999,pe,1,2,193,245.4744,96.01,3.99,84.7826087,15.2173913,0,193,,,68550,5720
sr,44.906,-110.3872,1912.6,1999,pe,1,3,193,242.8062,93.77,6.23,96.33699634,3.663003663,0,193,,,68550,5720
sr,44.906,-110.3872,1912.6,1999,pe,1,4,193,301.5066,94.4,5.6,69.61651917,30.38348083,0,193,,,68550,5720
sr,44.906,-110.3872,1912.6,1999,pe,1,5,193,234.8016,97.35,2.65,99.24242424,0.757575758,0,193,,,68550,5720
sr,44.906,-110.3872,1912.6,1999,pe,3,1,223,241.0274,84.13,15.87,86.34686347,13.65313653,0,223,14599,,68550,5720
sr,44.906,-110.3872,1912.6,1999,pe,3,2,223,278.3822,80.83,19.17,86.58146965,13.41853035,0,223,14599,,68550,5720
sr,44.906,-110.3872,1912.6,1999,pe,3,3,223,255.2578,82.58,17.42,87.10801394,12.89198606,0,223,14599,,68550,5720
sr,44.906,-110.3872,1912.6,1999,pe,3,4,223,255.2578,82.58,17.42,87.10801394,12.89198606,0,223,14599,,68550,5720
sr,44.906,-110.3872,1912.6,1999,pe,4,1,252,249.032,70.36,29.64,96.42857143,3.571428571,0,252,13020,,68550,5720
sr,44.906,-110.3872,1912.6,1999,pe,4,2,252,247.2532,55.04,44.96,95.32374101,4.676258993,0,252,13020,,68550,5720
sr,44.906,-110.3872,1912.6,1999,pe,4,3,252,222.35,80,20,83.2,16.8,0,252,13020,,68550,5720
sr,44.906,-110.3872,1912.6,1999,pe,4,4,252,218.7924,67.07,32.93,97.96747967,2.032520325,0,252,13020,,68550,5720
sr,44.906,-110.3872,1912.6,1999,pe,5,1,278,,,,,,,,,,55480,4420
sr,44.906,-110.3872,1912.6,2000,pe,1,1,142,182.327,99.51,0.49,94.14634146,5.853658537,0,142,24633,,68550,5720
sr,44.906,-110.3872,1912.6,2000,pe,1,2,142,229.4652,100,0,81.00775194,18.99224806,0,142,24633,,68550,5720
sr,44.906,-110.3872,1912.6,2000,pe,1,3,142,218.7924,100,0,92.27642276,7.723577236,0,142,24633,,68550,5720
sr,44.906,-110.3872,1912.6,2000,pe,1,4,142,207.2302,100,0,87.12446352,12.87553648,0,142,24633,,68550,5720
sr,44.906,-110.3872,1912.6,2000,pe,2,1,171,341.5296,98.7,1.3,85.9375,14.0625,0,171,18513,,68550,5720
sr,44.906,-110.3872,1912.6,2000,pe,2,2,171,306.843,100,0,88.98550725,11.01449275,0,171,18513,,68550,5720
sr,44.906,-110.3872,1912.6,2000,pe,2,3,171,416.2392,99.57,0.43,86.75213675,13.24786325,0,171,18513,,68550,5720
sr,44.906,-110.3872,1912.6,2000,pe,2,4,171,266.82,99.67,0.33,92,8,0,171,18513,,68550,5720
sr,44.906,-110.3872,1912.6,2000,pe,3,1,187,264.1518,97.64,2.36,95.28619529,4.713804714,0,187,14020,,68550,5720
sr,44.906,-110.3872,1912.6,2000,pe,3,2,187,317.5158,96.64,3.36,86.2745098,13.7254902,0,187,14020,,68550,5720
sr,44.906,-110.3872,1912.6,2000,pe,3,3,187,282.8292,99.06,0.94,88.99371069,11.00628931,0,187,14020,,68550,5720
sr,44.906,-110.3872,1912.6,2000,pe,3,4,187,238.3592,95.52,4.48,95.52238806,4.47761194,0,187,14020,,68550,5720
sr,44.906,-110.3872,1912.6,2000,pe,4,1,215,323.7416,64.29,35.71,93.40659341,6.593406593,0,215,12634,,68550,5720
sr,44.906,-110.3872,1912.6,2000,pe,4,2,215,285.4974,64.8,35.2,95.3271028,4.672897196,0,215,12634,,68550,5720
sr,44.906,-110.3872,1912.6,2000,pe,4,3,215,297.949,72.84,27.16,88.65671642,11.34328358,0,215,12634,,68550,5720
sr,44.906,-110.3872,1912.6,2000,pe,4,4,215,246.3638,73.65,26.35,92.77978339,7.220216606,0,215,12634,,68550,5720
sr,44.906,-110.3872,1912.6,2000,pe,5,1,241,265.9306,37.46,62.54,99.66555184,0.334448161,0,241,6827,,68550,5720
sr,44.906,-110.3872,1912.6,2000,pe,5,2,241,208.1196,54.27,45.73,98.71794872,1.282051282,0,241,6827,,68550,5720
sr,44.906,-110.3872,1912.6,2000,pe,5,3,241,305.0642,23.32,76.68,98.25072886,1.749271137,0,241,6827,,68550,5720
sr,44.906,-110.3872,1912.6,2000,pe,5,4,241,255.2578,38.68,61.32,99.30313589,0.696864111,0,241,6827,,68550,5720
sr,44.906,-110.3872,1912.6,2000,pe,6,1,270,218.7924,11.79,88.21,98.7804878,1.219512195,0,270,8483,,68550,5720
sr,44.906,-110.3872,1912.6,2000,pe,6,2,270,310.4006,24.07,75.93,95.41547278,4.584527221,0,270,8483,,68550,5720
sr,44.906,-110.3872,1912.6,2000,pe,6,3,270,225.0182,12.65,87.35,97.23320158,2.766798419,0,270,8483,,68550,5720
sr,44.906,-110.3872,1912.6,2000,pe,6,4,270,270.3776,18.42,81.58,98.02631579,1.973684211,0,270,8483,,68550,5720
sr,44.906,-110.3872,1912.6,2000,pe,7,1,291,207.2302,8.15,91.85,100,0,0,291,6459,,68550,5720
sr,44.906,-110.3872,1912.6,2000,pe,7,2,291,232.1334,3.07,96.93,96.55172414,3.448275862,0,291,6459,,68550,5720
sr,44.906,-110.3872,1912.6,2000,pe,7,3,291,307.7324,4.05,95.95,99.71098266,0.289017341,0,291,6459,,68550,5720
sr,44.906,-110.3872,1912.6,2000,pe,7,4,291,217.0136,2.46,97.54,100,0,0,291,6459,,68550,5720
sr,44.906,-110.3872,1912.6,2001,pe,1,1,143,186.774,97.62,2.38,88.0952381,11.9047619,0,143,22703,,68550,5720
sr,44.906,-110.3872,1912.6,2001,pe,1,2,143,165.4284,94.09,5.91,95.69892473,4.301075269,0,143,22703,,68550,5720
sr,44.906,-110.3872,1912.6,2001,pe,1,3,143,125.4054,90.07,9.93,98.58156028,1.418439716,0,143,22703,,68550,5720
sr,44.906,-110.3872,1912.6,2001,pe,1,4,143,255.2578,93.73,6.27,94.42508711,5.574912892,0,143,22703,,68550,5720
sr,44.906,-110.3872,1912.6,2001,pe,2,1,178,308.6218,98.85,1.15,89.62536023,10.37463977,0,178,24946,,68550,5720
sr,44.906,-110.3872,1912.6,2001,pe,2,2,178,307.7324,98.27,1.73,89.88439306,10.11560694,0,178,24946,,68550,5720
sr,44.906,-110.3872,1912.6,2001,pe,2,3,178,186.774,94.29,5.71,89.52380952,10.47619048,0,178,24946,,68550,5720
sr,44.906,-110.3872,1912.6,2001,pe,2,4,178,163.6496,96.2,3.8,96.73913043,3.260869565,0,178,24946,,68550,5720
sr,44.906,-110.3872,1912.6,2001,pe,3,1,206,306.843,92.17,7.83,95.36231884,4.637681159,0,206,16332,,68550,5720
sr,44.906,-110.3872,1912.6,2001,pe,3,2,206,296.1702,97.3,2.7,95.4954955,4.504504505,0,206,16332,,68550,5720
sr,44.906,-110.3872,1912.6,2001,pe,3,3,206,273.0458,89.9,10.1,91.53094463,8.469055375,0,206,16332,,68550,5720
sr,44.906,-110.3872,1912.6,2001,pe,3,4,206,261.4836,86.39,13.61,89.11564626,10.88435374,0,206,16332,,68550,5720
sr,44.906,-110.3872,1912.6,2001,pe,4,1,234,171.6542,31.09,68.91,,,,234,12891,,68550,5720
sr,44.906,-110.3872,1912.6,2001,pe,4,2,234,173.433,18.46,81.54,,,,234,12891,,68550,5720
sr,44.906,-110.3872,1912.6,2001,pe,4,3,234,181.4376,38.73,61.27,,,,234,12891,,68550,5720
sr,44.906,-110.3872,1912.6,2001,pe,4,4,234,321.0734,45.98,54.02,,,,234,12891,,68550,5720
sr,44.906,-110.3872,1912.6,2001,pe,5,1,260,249.9214,22.06,77.94,,,,260,7888,,68550,5720
sr,44.906,-110.3872,1912.6,2001,pe,5,2,260,286.3868,28.57,71.43,,,,260,7888,,68550,5720
sr,44.906,-110.3872,1912.6,2001,pe,5,3,260,257.0366,30.45,69.55,,,,260,7888,,68550,5720
sr,44.906,-110.3872,1912.6,2001,pe,5,4,260,304.1748,26.9,73.1,,,,260,7888,,68550,5720
sr,44.906,-110.3872,1912.6,2001,pe,6,1,283,,,,,,,,,,55480,4420
swale,44.818,-110.1288,1912.6,1988,pe,2,1,194,242.9315,96.31,3.69,87.55760369,12.44239631,0,,,,100660,7000
swale,44.818,-110.1288,1912.6,1988,pe,2,2,194,227.2585,98.52,1.48,74.38423645,25.61576355,0,,,,100660,7000
swale,44.818,-110.1288,1912.6,1988,pe,2,3,194,174.642,98.72,1.28,81.41025641,18.58974359,0,,,,100660,7000
swale,44.818,-110.1288,1912.6,1988,pe,2,4,194,202.6295,100,0,82.32044199,17.67955801,0,,,,100660,7000
swale,44.818,-110.1288,1912.6,1988,pe,2,5,194,192.554,100,0,81.39534884,18.60465116,0,,,,100660,7000
swale,44.818,-110.1288,1912.6,1988,pe,2,6,194,198.1515,95.48,4.52,60.4519774,39.5480226,0,,,,100660,7000
swale,44.818,-110.1288,1912.6,1988,pe,2,7,194,164.5665,95.24,4.76,78.23129252,21.76870748,0,,,,100660,7000
swale,44.818,-110.1288,1912.6,1988,pe,2,8,194,141.057,96.83,3.17,75.3968254,24.6031746,0,,,,100660,7000
swale,44.818,-110.1288,1912.6,1988,pe,2,9,194,190.315,92.94,7.06,76.47058824,23.52941176,0,,,,100660,7000
swale,44.818,-110.1288,1912.6,1988,pe,2,10,194,134.34,95.83,4.17,82.5,17.5,0,,,,100660,7000
swale,44.818,-110.1288,1912.6,1988,pe,2,11,194,128.7425,99.13,0.87,79.13043478,20.86956522,0,,,,100660,7000
swale,44.818,-110.1288,1912.6,1988,pe,2,12,194,160.0885,97.9,2.1,81.11888112,18.88111888,0,,,,100660,7000
swale,44.818,-110.1288,1912.6,1988,pe,2,13,194,125.384,94.64,5.36,79.46428571,20.53571429,0,,,,100660,7000
swale,44.818,-110.1288,1912.6,1989,pe,2,1,200,181.359,83.33,16.67,64.81481481,35.18518519,0,,,,100660,7000
swale,44.818,-110.1288,1912.6,1989,pe,2,2,200,180.2395,86.34,13.66,79.50310559,20.49689441,0,,,,100660,7000
swale,44.818,-110.1288,1912.6,1989,pe,2,3,200,221.661,77.78,22.22,80.3030303,19.6969697,0,,,,100660,7000
swale,44.818,-110.1288,1912.6,1989,pe,2,4,200,182.4785,89.57,10.43,65.03067485,34.96932515,0,,,,100660,7000
swale,44.818,-110.1288,1912.6,1989,pe,2,5,200,183.598,87.8,12.2,65.85365854,34.14634146,0,,,,100660,7000
swale,44.818,-110.1288,1912.6,1989,pe,2,6,200,202.6295,94.48,5.52,48.06629834,51.93370166,0,,,,100660,7000
swale,44.818,-110.1288,1912.6,1989,pe,2,7,200,235.095,90.95,9.05,63.80952381,36.19047619,0,,,,100660,7000
swale,44.818,-110.1288,1912.6,1989,pe,2,8,200,211.5855,81.48,18.52,73.01587302,26.98412698,0,,,,100660,7000
swale,44.818,-110.1288,1912.6,1989,pe,2,9,200,200.3905,75.98,24.02,77.65363128,22.34636872,0,,,,100660,7000
swale,44.818,-110.1288,1912.6,1989,pe,2,10,200,180.2395,82.61,17.39,71.42857143,28.57142857,0,,,,100660,7000
lsg,44.821,-110.1363,1912.6,1988,sgr,1,1,167,159.77943,100,0,70.63197026,29.36802974,0,,,,85410,7000
lsg,44.821,-110.1363,1912.6,1988,sgr,1,2,167,105.0453,100,0,78.94736842,21.05263158,0,,,,85410,7000
lsg,44.821,-110.1363,1912.6,1988,sgr,1,3,167,175.25979,100,0,97.16088328,2.839116719,0,,,,85410,7000
lsg,44.821,-110.1363,1912.6,1988,sgr,1,4,167,229.44105,100,0,97.6,2.4,0,,,,85410,7000
lsg,44.821,-110.1363,1912.6,1988,sgr,1,5,167,101.72808,100,0,71.73913043,28.26086957,0,,,,85410,7000
lsg,44.821,-110.1363,1912.6,1988,sgr,2,1,195,91.77642,100,0,100,0,0,,,,85410,7000
lsg,44.821,-110.1363,1912.6,1988,sgr,2,2,195,70.21449,89.76,10.24,49.60629921,50.39370079,0,,,,85410,7000
lsg,44.821,-110.1363,1912.6,1988,sgr,2,3,195,122.18427,100,0,82.80542986,17.19457014,0,,,,85410,7000
lsg,44.821,-110.1363,1912.6,1988,sgr,2,4,195,153.69786,100,0,69.42446043,30.57553957,0,,,,85410,7000
lsg,44.821,-110.1363,1912.6,1988,sgr,2,5,195,74.08458,100,0,89.55223881,10.44776119,0,,,,85410,7000
lsg,44.821,-110.1363,1912.6,1988,sgr,2,6,195,97.85799,100,0,100,0,0,,,,85410,7000
lsg,44.821,-110.1363,1912.6,1988,sgr,2,7,195,64.13292,100,0,90.51724138,9.482758621,0,,,,85410,7000
lsg,44.821,-110.1363,1912.6,1988,sgr,2,8,195,133.79454,97.11,2.89,76.44628099,23.55371901,0,,,,85410,7000
lsg,44.821,-110.1363,1912.6,1988,sgr,2,9,195,49.20543,94.38,5.62,58.42696629,41.57303371,0,,,,85410,7000
lsg,44.821,-110.1363,1912.6,1988,sgr,2,10,195,118.31418,96.73,3.27,100,0,0,,,,85410,7000
lsg,44.821,-110.1363,1912.6,1988,sgr,4,1,263,143.19333,0,100,94.98069498,5.019305019,0,,,,85410,7000
lsg,44.821,-110.1363,1912.6,1988,sgr,4,2,263,48.65256,5.68,94.32,94.31818182,5.681818182,0,,,,85410,7000
lsg,44.821,-110.1363,1912.6,1988,sgr,4,3,263,114.99696,12.02,87.98,87.98076923,12.01923077,0,,,,85410,7000
lsg,44.821,-110.1363,1912.6,1988,sgr,4,4,263,59.70996,0,100,100,0,0,,,,85410,7000
lsg,44.821,-110.1363,1912.6,1988,sgr,4,5,263,82.9305,6.67,93.33,93.33333333,6.666666667,0,,,,85410,7000
lsg,44.821,-110.1363,1912.6,1988,sgr,4,6,263,62.47431,0,100,100,0,0,,,,85410,7000
lsg,44.821,-110.1363,1912.6,1988,sgr,4,7,263,69.10875,4.8,95.2,95.2,4.8,0,,,,85410,7000
lsg,44.821,-110.1363,1912.6,1988,sgr,4,8,263,116.1027,14.29,85.71,100,0,0,,,,85410,7000
lsg,44.821,-110.1363,1912.6,1989,sgr,1,1,164,65.23866,100,0,43.22033898,56.77966102,0,,,,85410,7000
lsg,44.821,-110.1363,1912.6,1989,sgr,1,2,164,189.08154,100,0,69.88304094,30.11695906,0,,,,85410,7000
lsg,44.821,-110.1363,1912.6,1989,sgr,1,3,164,99.5166,100,0,55.55555556,44.44444444,0,,,,85410,7000
lsg,44.821,-110.1363,1912.6,1989,sgr,1,4,164,121.6314,100,0,18.18181818,81.81818182,0,,,,85410,7000
lsg,44.821,-110.1363,1912.6,1989,sgr,1,5,164,71.8731,100,0,0,100,0,,,,85410,7000
lsg,44.821,-110.1363,1912.6,1989,sgr,1,6,164,33.1722,100,0,16.66666667,83.33333333,0,,,,85410,7000
lsg,44.821,-110.1363,1912.6,1989,sgr,1,7,164,127.1601,100,0,0,100,0,,,,85410,7000
lsg,44.821,-110.1363,1912.6,1989,sgr,1,8,164,27.6435,100,0,60,40,0,,,,85410,7000
lsg,44.821,-110.1363,1912.6,1989,sgr,1,9,164,110.574,100,0,35,65,0,,,,85410,7000
lsg,44.821,-110.1363,1912.6,1989,sgr,1,10,164,49.7583,100,0,44.44444444,55.55555556,0,,,,85410,7000
lsg,44.821,-110.1363,1912.6,1989,sgr,2,1,192,66.3444,100,0,25,75,0,,,,85410,7000
lsg,44.821,-110.1363,1912.6,1989,sgr,2,2,192,27.6435,100,0,60,40,0,,,,85410,7000
lsg,44.821,-110.1363,1912.6,1989,sgr,2,3,192,60.8157,100,0,18.18181818,81.81818182,0,,,,85410,7000
lsg,44.821,-110.1363,1912.6,1989,sgr,2,4,192,38.7009,100,0,0,100,0,,,,85410,7000
lsg,44.821,-110.1363,1912.6,1989,sgr,2,5,192,44.78247,98.77,1.23,37.03703704,62.96296296,0,,,,85410,7000
lsg,44.821,-110.1363,1912.6,1989,sgr,2,6,192,44.2296,100,0,37.5,62.5,0,,,,85410,7000
lsg,44.821,-110.1363,1912.6,1989,sgr,2,7,192,66.3444,100,0,41.66666667,58.33333333,0,,,,85410,7000
lsg,44.821,-110.1363,1912.6,1989,sgr,2,8,192,77.4018,100,0,35.71428571,64.28571429,0,,,,85410,7000
lsg,44.821,-110.1363,1912.6,1989,sgr,2,9,192,55.287,100,0,90,10,0,,,,85410,7000
lsg,44.821,-110.1363,1912.6,1989,sgr,2,10,192,49.7583,55.56,44.44,11.11111111,88.88888889,0,,,,85410,7000
lsg,44.821,-110.1363,1912.6,1989,sgr,3,1,219,99.5166,100,0,38.88888889,61.11111111,0,,,,85410,7000
lsg,44.821,-110.1363,1912.6,1989,sgr,3,2,219,27.6435,100,0,20,80,0,,,,85410,7000
lsg,44.821,-110.1363,1912.6,1989,sgr,3,3,219,77.4018,78.57,21.43,71.42857143,28.57142857,0,,,,85410,7000
lsg,44.821,-110.1363,1912.6,1989,sgr,3,4,219,105.0453,84.21,15.79,78.94736842,21.05263158,0,,,,85410,7000
lsg,44.821,-110.1363,1912.6,1989,sgr,3,5,219,60.8157,72.73,27.27,54.54545455,45.45454545,0,,,,85410,7000
lsg,44.821,-110.1363,1912.6,1989,sgr,3,6,219,93.9879,94.12,5.88,47.05882353,52.94117647,0,,,,85410,7000
lsg,44.821,-110.1363,1912.6,1989,sgr,3,7,219,60.8157,100,0,18.18181818,81.81818182,0,,,,85410,7000
lsg,44.821,-110.1363,1912.6,1989,sgr,3,8,219,132.6888,100,0,100,0,0,,,,85410,7000
lsg,44.821,-110.1363,1912.6,1989,sgr,3,9,219,99.5166,88.89,11.11,55.55555556,44.44444444,0,,,,85410,7000
lsg,44.821,-110.1363,1912.6,1989,sgr,4,1,248,44.2296,62.5,37.5,62.5,37.5,0,,,,85410,7000
lsg,44.821,-110.1363,1912.6,1989,sgr,4,2,248,82.9305,13.33,86.67,40,60,0,,,,85410,7000
lsg,44.821,-110.1363,1912.6,1989,sgr,4,3,248,60.8157,27.27,72.73,90.90909091,9.090909091,0,,,,85410,7000
lsg,44.821,-110.1363,1912.6,1989,sgr,4,4,248,93.9879,47.06,52.94,82.35294118,17.64705882,0,,,,85410,7000
lsg,44.821,-110.1363,1912.6,1989,sgr,4,5,248,93.9879,35.29,64.71,76.47058824,23.52941176,0,,,,85410,7000
lsg,44.821,-110.1363,1912.6,1989,sgr,4,6,248,66.3444,66.67,33.33,25,75,0,,,,85410,7000
lsg,44.821,-110.1363,1912.6,1989,sgr,4,7,248,138.2175,64,36,44,56,0,,,,85410,7000
lsg,44.821,-110.1363,1912.6,1989,sgr,4,8,248,66.3444,75,25,50,50,0,,,,85410,7000
lsg,44.821,-110.1363,1912.6,1989,sgr,4,9,248,55.287,70,30,80,20,0,,,,85410,7000
lsg,44.821,-110.1363,1912.6,1989,sgr,4,10,248,154.8036,60.71,39.29,89.28571429,10.71428571,0,,,,85410,7000
lsg,44.821,-110.1363,1912.6,1989,sgr,5,1,284,38.7009,14.29,85.71,28.57142857,71.42857143,0,,,,85410,7000
lsg,44.821,-110.1363,1912.6,1989,sgr,5,2,284,38.7009,0,100,42.85714286,57.14285714,0,,,,85410,7000
lsg,44.821,-110.1363,1912.6,1989,sgr,5,3,284,5.5287,0,100,100,0,0,,,,85410,7000
lsg,44.821,-110.1363,1912.6,1989,sgr,5,4,284,33.1722,50,50,50,50,0,,,,85410,7000
lsg,44.821,-110.1363,1912.6,1989,sgr,5,5,284,27.6435,40,60,60,40,0,,,,85410,7000
lsg,44.821,-110.1363,1912.6,1989,sgr,5,6,284,22.1148,25,75,50,50,0,,,,85410,7000
lsg,44.821,-110.1363,1912.6,1989,sgr,5,7,284,38.7009,14.29,85.71,71.42857143,28.57142857,0,,,,85410,7000
lsg,44.821,-110.1363,1912.6,1989,sgr,5,8,284,27.6435,0,100,80,20,0,,,,85410,7000
lsg,44.821,-110.1363,1912.6,1989,sgr,5,9,284,77.4018,7.14,92.86,57.14285714,42.85714286,0,,,,85410,7000
lsg,44.821,-110.1363,1912.6,1989,sgr,5,10,284,82.9305,13.33,86.67,93.33333333,6.666666667,0,,,,85410,7000
usg,44.81,-110.1127,1912.6,1988,sgr,1,1,182,179.10322,100,0,97.72209567,2.277904328,0,,,,66370,5000
usg,44.81,-110.1127,1912.6,1988,sgr,1,2,182,209.29374,100,0,88.30409357,11.69590643,0,,,,66370,5000
usg,44.81,-110.1127,1912.6,1988,sgr,1,3,182,101.58702,100,0,93.97590361,6.024096386,0,,,,66370,5000
usg,44.81,-110.1127,1912.6,1988,sgr,1,4,182,97.9152,100,0,61.25,22.5,13.97849462,,,,66370,5000
usg,44.81,-110.1127,1912.6,1988,sgr,1,5,182,56.30124,100,0,62.31884058,37.68115942,0,,,,66370,5000
usg,44.81,-110.1127,1912.6,1988,sgr,1,6,182,122.394,100,0,75.33333333,24.66666667,0,,,,66370,5000
usg,44.81,-110.1127,1912.6,1988,sgr,2,1,216,91.38752,70.54,29.46,96.42857143,3.571428571,0,,,,66370,5000
usg,44.81,-110.1127,1912.6,1988,sgr,2,2,216,49.36558,71.9,28.1,94.21487603,5.785123967,0,,,,66370,5000
usg,44.81,-110.1127,1912.6,1988,sgr,2,3,216,46.9177,80.87,19.13,93.04347826,6.956521739,0,,,,66370,5000
usg,44.81,-110.1127,1912.6,1988,sgr,2,4,216,102.81096,100,0,84.92063492,15.07936508,0,,,,66370,5000
usg,44.81,-110.1127,1912.6,1988,sgr,2,5,216,22.03092,100,0,100,0,0,,,,66370,5000
usg,44.81,-110.1127,1912.6,1988,sgr,2,6,216,69.76458,80.12,19.88,64.32748538,35.67251462,0,,,,66370,5000
usg,44.81,-110.1127,1912.6,1988,sgr,2,7,216,93.8354,78.26,21.74,73.91304348,26.08695652,0,,,,66370,5000
usg,44.81,-110.1127,1912.6,1988,sgr,2,8,216,75.88428,84.95,15.05,46.23655914,53.76344086,0,,,,66370,5000
usg,44.81,-110.1127,1912.6,1988,sgr,2,9,216,58.74912,77.08,22.92,92.36111111,7.638888889,0,,,,66370,5000
usg,44.81,-110.1127,1912.6,1988,sgr,3,1,243,71.80448,43.75,56.25,82.38636364,17.61363636,0,,,,66370,5000
usg,44.81,-110.1127,1912.6,1988,sgr,3,2,243,35.90224,12.5,87.5,87.5,12.5,0,,,,66370,5000
usg,44.81,-110.1127,1912.6,1988,sgr,3,3,243,24.4788,33.33,66.67,33.33333333,66.66666667,0,,,,66370,5000
usg,44.81,-110.1127,1912.6,1988,sgr,3,4,243,81.18802,33.17,66.83,83.41708543,16.58291457,0,,,,66370,5000
usg,44.81,-110.1127,1912.6,1988,sgr,3,5,243,55.48528,27.21,72.79,96.32352941,3.676470588,0,,,,66370,5000
usg,44.81,-110.1127,1912.6,1988,sgr,3,6,243,99.54712,40.98,59.02,100,0,0,,,,66370,5000
usg,44.81,-110.1127,1912.6,1988,sgr,3,7,243,85.6758,27.62,72.38,97.61904762,2.380952381,0,,,,66370,5000
usg,44.81,-110.1127,1912.6,1988,sgr,3,8,243,75.88428,20.43,79.57,100,0,0,,,,66370,5000
usg,44.81,-110.1127,1912.6,1988,sgr,4,1,279,57.1172,9.29,90.71,81.42857143,18.57142857,0,,,,66370,5000
usg,44.81,-110.1127,1912.6,1988,sgr,4,2,279,46.9177,0,100,100,0,0,,,,66370,5000
usg,44.81,-110.1127,1912.6,1988,sgr,4,3,279,55.48528,0,100,73.52941176,26.47058824,0,,,,66370,5000
usg,44.81,-110.1127,1912.6,1988,sgr,4,4,279,46.9177,20,80,100,0,0,,,,66370,5000
usg,44.81,-110.1127,1912.6,1988,sgr,4,5,279,22.4389,0,100,100,0,0,,,,66370,5000
usg,44.81,-110.1127,1912.6,1988,sgr,4,6,279,54.26134,8.27,91.73,100,0,0,,,,66370,5000
usg,44.81,-110.1127,1912.6,1988,sgr,4,7,279,52.62942,18.6,81.4,75.96899225,24.03100775,0,,,,66370,5000
usg,44.81,-110.1127,1912.6,1988,sgr,4,8,279,63.2369,14.19,85.81,100,0,0,,,,66370,5000
usg,44.81,-110.1127,1912.6,1989,sgr,1,1,179,29.37456,100,0,12.5,87.5,0,,,,66370,5000
usg,44.81,-110.1127,1912.6,1989,sgr,1,2,179,62.82892,100,0,64.93506494,35.06493506,0,,,,66370,5000
usg,44.81,-110.1127,1912.6,1989,sgr,1,3,179,53.0374,100,0,23.07692308,76.92307692,0,,,,66370,5000
usg,44.81,-110.1127,1912.6,1989,sgr,1,4,179,28.5586,100,0,71.42857143,28.57142857,0,,,,66370,5000
usg,44.81,-110.1127,1912.6,1989,sgr,1,5,179,36.7182,100,0,55.55555556,44.44444444,0,,,,66370,5000
usg,44.81,-110.1127,1912.6,1989,sgr,1,6,179,32.6384,100,0,50,50,0,,,,66370,5000
usg,44.81,-110.1127,1912.6,1989,sgr,1,7,179,77.5162,94.74,5.26,68.42105263,31.57894737,0,,,,66370,5000
usg,44.81,-110.1127,1912.6,1989,sgr,1,8,179,57.1172,100,0,42.85714286,57.14285714,0,,,,66370,5000
usg,44.81,-110.1127,1912.6,1989,sgr,1,9,179,32.6384,100,0,25,75,0,,,,66370,5000
usg,44.81,-110.1127,1912.6,1989,sgr,1,10,179,93.8354,100,0,65.2173913,34.7826087,0,,,,66370,5000
usg,44.81,-110.1127,1912.6,1989,sgr,1,11,179,73.4364,100,0,88.88888889,11.11111111,0,,,,66370,5000
usg,44.81,-110.1127,1912.6,1989,sgr,2,1,207,73.4364,88.89,11.11,66.66666667,33.33333333,0,,,,66370,5000
usg,44.81,-110.1127,1912.6,1989,sgr,2,2,207,81.596,85,15,90,10,0,,,,66370,5000
usg,44.81,-110.1127,1912.6,1989,sgr,2,3,207,24.4788,100,0,66.66666667,33.33333333,0,,,,66370,5000
usg,44.81,-110.1127,1912.6,1989,sgr,2,4,207,73.4364,94.44,5.56,72.22222222,27.77777778,0,,,,66370,5000
usg,44.81,-110.1127,1912.6,1989,sgr,2,5,207,65.2768,93.75,6.25,75,25,0,,,,66370,5000
usg,44.81,-110.1127,1912.6,1989,sgr,2,6,207,32.6384,75,25,50,50,0,,,,66370,5000
usg,44.81,-110.1127,1912.6,1989,sgr,2,7,207,89.7556,100,0,72.72727273,27.27272727,0,,,,66370,5000
usg,44.81,-110.1127,1912.6,1989,sgr,2,8,207,57.1172,92.86,7.14,64.28571429,35.71428571,0,,,,66370,5000
usg,44.81,-110.1127,1912.6,1989,sgr,2,9,207,53.0374,100,0,53.84615385,46.15384615,0,,,,66370,5000
usg,44.81,-110.1127,1912.6,1989,sgr,2,10,207,97.9152,91.67,8.33,45.83333333,54.16666667,0,,,,66370,5000
usg,44.81,-110.1127,1912.6,1989,sgr,3,1,234,85.6758,100,0,76.19047619,23.80952381,0,,,,66370,5000
usg,44.81,-110.1127,1912.6,1989,sgr,3,2,234,53.85336,90.91,9.09,69.6969697,30.3030303,0,,,,66370,5000
usg,44.81,-110.1127,1912.6,1989,sgr,3,3,234,40.798,90,10,30,70,0,,,,66370,5000
usg,44.81,-110.1127,1912.6,1989,sgr,3,4,234,32.6384,87.5,12.5,50,50,0,,,,66370,5000
usg,44.81,-110.1127,1912.6,1989,sgr,3,5,234,24.4788,100,0,16.66666667,66.66666667,14.28571429,,,,66370,5000
usg,44.81,-110.1127,1912.6,1989,sgr,3,6,234,24.4788,83.33,16.67,0,100,0,,,,66370,5000
usg,44.81,-110.1127,1912.6,1989,sgr,3,7,234,65.2768,100,0,50,50,0,,,,66370,5000
usg,44.81,-110.1127,1912.6,1989,sgr,3,8,234,53.0374,84.62,15.38,61.53846154,38.46153846,0,,,,66370,5000
usg,44.81,-110.1127,1912.6,1989,sgr,3,9,234,44.8778,72.73,27.27,81.81818182,18.18181818,0,,,,66370,5000
usg,44.81,-110.1127,1912.6,1989,sgr,3,10,234,48.9576,83.33,16.67,41.66666667,58.33333333,0,,,,66370,5000
usg,44.81,-110.1127,1912.6,1989,sgr,4,1,263,44.8778,45.45,54.55,0,100,0,,,,66370,5000
usg,44.81,-110.1127,1912.6,1989,sgr,4,2,263,40.798,20,80,70,30,0,,,,66370,5000
usg,44.81,-110.1127,1912.6,1989,sgr,4,3,263,20.399,20,80,80,20,0,,,,66370,5000
usg,44.81,-110.1127,1912.6,1989,sgr,4,4,263,12.2394,0,100,0,100,0,,,,66370,5000
usg,44.81,-110.1127,1912.6,1989,sgr,4,5,263,65.2768,25,75,68.75,31.25,0,,,,66370,5000
usg,44.81,-110.1127,1912.6,1989,sgr,4,6,263,48.9576,16.67,83.33,33.33333333,66.66666667,0,,,,66370,5000
usg,44.81,-110.1127,1912.6,1989,sgr,4,7,263,32.6384,50,50,87.5,12.5,0,,,,66370,5000
usg,44.81,-110.1127,1912.6,1989,sgr,4,8,263,44.8778,0,100,100,0,0,,,,66370,5000
usg,44.81,-110.1127,1912.6,1989,sgr,4,9,263,12.2394,33.33,66.67,33.33333333,66.66666667,0,,,,66370,5000
usg,44.81,-110.1127,1912.6,1989,sgr,4,10,263,53.0374,38.46,61.54,100,0,0,,,,66370,5000
lsg,44.821,-110.1363,1912.6,1988,ste,1,1,167,200.13894,100,0,82.87292818,17.12707182,0,,,,85410,7000
lsg,44.821,-110.1363,1912.6,1988,ste,1,2,167,157.01508,100,0,67.6056338,32.3943662,0,,,,85410,7000
lsg,44.821,-110.1363,1912.6,1988,ste,1,3,167,138.2175,100,0,84,16,0,,,,85410,7000
lsg,44.821,-110.1363,1912.6,1988,ste,2,1,195,30.40785,100,0,100,0,0,,,,85410,7000
lsg,44.821,-110.1363,1912.6,1988,ste,2,2,195,90.11781,100,0,90.18404908,9.81595092,0,,,,85410,7000
lsg,44.821,-110.1363,1912.6,1988,ste,2,3,195,105.59817,100,0,100,0,0,,,,85410,7000
lsg,44.821,-110.1363,1912.6,1988,ste,2,4,195,50.86404,95.65,4.35,95.65217391,4.347826087,0,,,,85410,7000
lsg,44.821,-110.1363,1912.6,1988,ste,2,5,195,65.79153,100,0,94.95798319,5.042016807,0,,,,85410,7000
lsg,44.821,-110.1363,1912.6,1988,ste,2,6,195,48.09969,100,0,94.25287356,5.747126437,0,,,,85410,7000
usg,44.81,-110.1127,1912.6,1988,ste,4,1,279,49.77356,0,100,72.95081967,27.04918033,0,,,,66370,5000
usg,44.81,-110.1127,1912.6,1988,ste,4,2,279,59.97306,0,100,94.55782313,5.442176871,0,,,,66370,5000
usg,44.81,-110.1127,1912.6,1988,ste,4,3,279,46.10174,6.19,93.81,100,0,0,,,,66370,5000
usg,44.81,-110.1127,1912.6,1988,ste,4,4,279,69.3566,4.71,95.29,100,0,0,,,,66370,5000
becca,44.908,-110.2629,1912.6,2012,te,1,1,124,45.034,98.18,1.82,69.09090909,30.90909091,0,,,,53000,5000
becca,44.908,-110.2629,1912.6,2012,te,1,2,124,34.394,95.12,4.88,70.73170732,29.26829268,0,,,,53000,5000
becca,44.908,-110.2629,1912.6,2012,te,1,3,124,64.794,100,0,62.96296296,37.03703704,0,,,,53000,5000
becca,44.908,-110.2629,1912.6,2012,te,1,4,124,57.194,90.14,9.86,95.77464789,4.225352113,0,,,,53000,5000
becca,44.908,-110.2629,1912.6,2012,te,1,5,124,64.034,95,5,76.25,23.75,0,,,,53000,5000
becca,44.908,-110.2629,1912.6,2012,te,1,6,124,75.434,98.95,1.05,67.36842105,32.63157895,0,,,,53000,5000
becca,44.908,-110.2629,1912.6,2012,te,2,1,155,83.794,98.11,1.89,48.11320755,51.88679245,0,,,,53000,5000
becca,44.908,-110.2629,1912.6,2012,te,2,2,155,76.194,94.79,5.21,70.83333333,29.16666667,0,,,,53000,5000
becca,44.908,-110.2629,1912.6,2012,te,2,3,155,73.154,98.91,1.09,55.43478261,44.56521739,0,,,,53000,5000
becca,44.908,-110.2629,1912.6,2012,te,2,4,155,71.634,97.78,2.22,56.66666667,43.33333333,0,,,,53000,5000
becca,44.908,-110.2629,1912.6,2012,te,2,5,155,73.914,92.47,7.53,72.04301075,27.95698925,0,,,,53000,5000
becca,44.908,-110.2629,1912.6,2012,te,2,6,155,111.914,98.6,1.4,72.72727273,27.27272727,0,,,,53000,5000
becca,44.908,-110.2629,1912.6,2012,te,3,1,184,90.634,91.3,8.7,70.43478261,29.56521739,0,,,,53000,5000
becca,44.908,-110.2629,1912.6,2012,te,3,2,184,99.754,88.19,11.81,59.84251969,40.15748031,0,,,,53000,5000
becca,44.908,-110.2629,1912.6,2012,te,3,3,184,83.034,90.48,9.52,72.38095238,27.61904762,0,,,,53000,5000
becca,44.908,-110.2629,1912.6,2012,te,3,4,184,83.794,94.34,5.66,85.8490566,14.1509434,0,,,,53000,5000
becca,44.908,-110.2629,1912.6,2012,te,3,5,184,111.914,87.41,12.59,81.11888112,18.88111888,0,,,,53000,5000
becca,44.908,-110.2629,1912.6,2012,te,3,6,184,98.234,83.2,16.8,80.8,19.2,0,,,,53000,5000
becca,44.908,-110.2629,1912.6,2012,te,4,1,211,86.074,93.58,6.42,80.73394495,19.26605505,0,,,,53000,5000
becca,44.908,-110.2629,1912.6,2012,te,4,2,211,99.754,85.83,14.17,85.03937008,14.96062992,0,,,,53000,5000
becca,44.908,-110.2629,1912.6,2012,te,4,3,211,99.754,74.8,25.2,77.95275591,22.04724409,0,,,,53000,5000
becca,44.908,-110.2629,1912.6,2012,te,4,4,211,86.074,53.21,46.79,97.11538462,2.884615385,0,,,,53000,5000
becca,44.908,-110.2629,1912.6,2012,te,4,5,211,95.954,90.98,9.02,77.86885246,22.13114754,0,,,,53000,5000
becca,44.908,-110.2629,1912.6,2012,te,4,6,211,86.074,88.07,11.93,93.57798165,6.422018349,0,,,,53000,5000
becca,44.908,-110.2629,1912.6,2012,te,5,1,240,69.354,77.01,22.99,81.6091954,18.3908046,0,,,,53000,5000
becca,44.908,-110.2629,1912.6,2012,te,5,2,240,100.514,74.22,25.78,78.90625,21.09375,0,,,,53000,5000
becca,44.908,-110.2629,1912.6,2012,te,5,3,240,94.434,57.5,42.5,66.66666667,33.33333333,0,,,,53000,5000
becca,44.908,-110.2629,1912.6,2012,te,5,4,240,88.354,74.11,25.89,79.46428571,20.53571429,0,,,,53000,5000
becca,44.908,-110.2629,1912.6,2012,te,5,5,240,92.154,77.78,22.22,47.00854701,52.99145299,0,,,,53000,5000
becca,44.908,-110.2629,1912.6,2012,te,5,6,240,92.914,40.68,59.32,94.91525424,5.084745763,0,,,,53000,5000
becca,44.908,-110.2629,1912.6,2012,te,6,1,268,51.874,50,50,79.6875,20.3125,0,,,,53000,5000
becca,44.908,-110.2629,1912.6,2012,te,6,2,268,47.314,53.45,46.55,55.17241379,44.82758621,0,,,,53000,5000
becca,44.908,-110.2629,1912.6,2012,te,6,3,268,103.554,36.36,63.64,80.3030303,19.6969697,0,,,,53000,5000
becca,44.908,-110.2629,1912.6,2012,te,6,4,268,71.634,4.44,95.56,94.44444444,5.555555556,0,,,,53000,5000
becca,44.908,-110.2629,1912.6,2012,te,6,5,268,55.674,40.58,59.42,79.71014493,20.28985507,0,,,,53000,5000
becca,44.908,-110.2629,1912.6,2012,te,6,6,268,66.314,25.3,74.7,98.79518072,1.204819277,0,,,,53000,5000
becca,44.908,-110.2629,1912.6,2013,te,1,1,148,96.714,95.12,4.88,78.04878049,21.95121951,0,,,,53000,5000
becca,44.908,-110.2629,1912.6,2013,te,1,2,148,91.394,100,0,75,25,0,,,,53000,5000
becca,44.908,-110.2629,1912.6,2013,te,1,3,148,58.714,97.26,2.74,76.71232877,23.28767123,0,,,,53000,5000
becca,44.908,-110.2629,1912.6,2013,te,1,5,148,57.194,98.59,1.41,49.29577465,50.70422535,0,,,,53000,5000
becca,44.908,-110.2629,1912.6,2013,te,1,6,148,92.914,100,0,76.27118644,23.72881356,0,,,,53000,5000
becca,44.908,-110.2629,1912.6,2013,te,2,1,168,113.434,99.31,0.69,73.10344828,26.89655172,0,,,,53000,5000
becca,44.908,-110.2629,1912.6,2013,te,2,2,168,92.914,100,0,70.33898305,29.66101695,0,,,,53000,5000
becca,44.908,-110.2629,1912.6,2013,te,2,3,168,82.274,100,0,57.69230769,42.30769231,0,,,,53000,5000
becca,44.908,-110.2629,1912.6,2013,te,2,4,168,73.154,100,0,61.95652174,38.04347826,0,,,,53000,5000
becca,44.908,-110.2629,1912.6,2013,te,2,5,168,127.874,100,0,90.85365854,9.146341463,0,,,,53000,5000
becca,44.908,-110.2629,1912.6,2013,te,2,6,168,79.234,97,3,75,25,0,,,,53000,5000
becca,44.908,-110.2629,1912.6,2013,te,3,1,196,74.674,94.68,5.32,67.0212766,32.9787234,0,,,,53000,5000
becca,44.908,-110.2629,1912.6,2013,te,3,2,196,121.034,94.84,5.16,52.25806452,47.74193548,0,,,,53000,5000
becca,44.908,-110.2629,1912.6,2013,te,3,3,196,73.914,100,0,32,68,0,,,,53000,5000
becca,44.908,-110.2629,1912.6,2013,te,3,4,196,39.714,93.75,6.25,54.16666667,45.83333333,0,,,,53000,5000
becca,44.908,-110.2629,1912.6,2013,te,3,5,196,123.314,94.94,5.06,86.70886076,13.29113924,0,,,,53000,5000
becca,44.908,-110.2629,1912.6,2013,te,3,6,196,76.194,86.46,13.54,85.41666667,14.58333333,0,,,,53000,5000
becca,44.908,-110.2629,1912.6,2013,te,4,1,225,44.274,46.3,53.7,96.22641509,3.773584906,0,,,,53000,5000
becca,44.908,-110.2629,1912.6,2013,te,4,2,225,57.194,98.59,1.41,32.3943662,67.6056338,0,,,,53000,5000
becca,44.908,-110.2629,1912.6,2013,te,4,3,225,71.634,93.33,6.67,67.77777778,32.22222222,0,,,,53000,5000
becca,44.908,-110.2629,1912.6,2013,te,4,4,225,74.674,78.72,21.28,67.0212766,32.9787234,0,,,,53000,5000
becca,44.908,-110.2629,1912.6,2013,te,4,5,225,67.834,89.41,10.59,82.35294118,17.64705882,0,,,,53000,5000
becca,44.908,-110.2629,1912.6,2013,te,4,6,225,57.194,91.55,8.45,52.11267606,47.88732394,0,,,,53000,5000
becca,44.908,-110.2629,1912.6,2013,te,5,1,252,70.114,87.5,12.5,60.22727273,39.77272727,0,,,,53000,5000
becca,44.908,-110.2629,1912.6,2013,te,5,2,252,67.074,91.67,8.33,58.33333333,41.66666667,0,,,,53000,5000
becca,44.908,-110.2629,1912.6,2013,te,5,3,252,51.114,88.89,11.11,50.79365079,49.20634921,0,,,,53000,5000
becca,44.908,-110.2629,1912.6,2013,te,5,4,252,48.834,68.33,31.67,93.33333333,6.666666667,0,,,,53000,5000
becca,44.908,-110.2629,1912.6,2013,te,5,5,252,69.354,96.55,3.45,39.08045977,60.91954023,0,,,,53000,5000
becca,44.908,-110.2629,1912.6,2013,te,5,6,252,57.194,77.46,22.54,76.05633803,23.94366197,0,,,,53000,5000
becca,44.908,-110.2629,1912.6,2013,te,6,1,275,36.674,75,25,84.09090909,15.90909091,0,,,,53000,5000
becca,44.908,-110.2629,1912.6,2013,te,6,2,275,51.114,84.13,15.87,61.9047619,38.0952381,0,,,,53000,5000
becca,44.908,-110.2629,1912.6,2013,te,6,3,275,63.274,86.08,13.92,70.88607595,29.11392405,0,,,,53000,5000
becca,44.908,-110.2629,1912.6,2013,te,6,5,275,83.034,77.14,22.86,81.9047619,18.0952381,0,,,,53000,5000
becca,44.908,-110.2629,1912.6,2013,te,6,6,275,67.074,90.48,9.52,86.9047619,13.0952381,0,,,,53000,5000
becca,44.908,-110.2629,1912.6,2014,te,1,1,152,79.994,100,0,45.54455446,54.45544554,0,,,,53000,5000
becca,44.908,-110.2629,1912.6,2014,te,1,2,152,64.034,100,0,58.75,41.25,0,,,,53000,5000
becca,44.908,-110.2629,1912.6,2014,te,1,3,152,46.554,98.25,1.75,68.42105263,31.57894737,0,,,,53000,5000
becca,44.908,-110.2629,1912.6,2014,te,1,4,152,51.874,100,0,85.9375,14.0625,0,,,,53000,5000
becca,44.908,-110.2629,1912.6,2014,te,1,5,152,60.994,100,0,84.21052632,15.78947368,0,,,,53000,5000
becca,44.908,-110.2629,1912.6,2014,te,1,6,152,77.714,95.92,4.08,56.12244898,43.87755102,0,,,,53000,5000
becca,44.908,-110.2629,1912.6,2014,te,2,1,182,83.034,97.14,2.86,74.28571429,25.71428571,0,,,,53000,5000
becca,44.908,-110.2629,1912.6,2014,te,2,2,182,73.914,92.47,7.53,68.8172043,31.1827957,0,,,,53000,5000
becca,44.908,-110.2629,1912.6,2014,te,2,3,182,95.954,94.26,5.74,65.57377049,34.42622951,0,,,,53000,5000
becca,44.908,-110.2629,1912.6,2014,te,2,4,182,77.714,94.9,5.1,91.83673469,8.163265306,0,,,,53000,5000
becca,44.908,-110.2629,1912.6,2014,te,2,5,182,117.234,99.33,0.67,54.66666667,45.33333333,0,,,,53000,5000
becca,44.908,-110.2629,1912.6,2014,te,2,6,182,86.834,97.27,2.73,76.36363636,23.63636364,0,,,,53000,5000
becca,44.908,-110.2629,1912.6,2014,te,3,1,211,56.434,78.57,21.43,65.71428571,34.28571429,0,,,,53000,5000
becca,44.908,-110.2629,1912.6,2014,te,3,2,211,66.314,93.98,6.02,31.3253012,68.6746988,0,,,,53000,5000
becca,44.908,-110.2629,1912.6,2014,te,3,3,211,83.034,84.76,15.24,73.33333333,26.66666667,0,,,,53000,5000
becca,44.908,-110.2629,1912.6,2014,te,3,4,211,102.794,87.02,12.98,78.6259542,21.3740458,0,,,,53000,5000
becca,44.908,-110.2629,1912.6,2014,te,3,5,211,68.594,100,0,32.55813953,67.44186047,0,,,,53000,5000
becca,44.908,-110.2629,1912.6,2014,te,3,6,211,50.354,87.1,12.9,77.41935484,22.58064516,0,,,,53000,5000
becca,44.908,-110.2629,1912.6,2014,te,4,1,238,44.274,92.59,7.41,50,50,0,,,,53000,5000
becca,44.908,-110.2629,1912.6,2014,te,4,2,238,57.954,93.06,6.94,43.05555556,56.94444444,0,,,,53000,5000
becca,44.908,-110.2629,1912.6,2014,te,4,3,238,79.234,69,31,74,26,0,,,,53000,5000
becca,44.908,-110.2629,1912.6,2014,te,4,4,238,76.954,72.16,27.84,80.41237113,19.58762887,0,,,,53000,5000
becca,44.908,-110.2629,1912.6,2014,te,4,5,238,88.354,91.07,8.93,66.07142857,33.92857143,0,,,,53000,5000
becca,44.908,-110.2629,1912.6,2014,te,4,6,238,57.954,93.06,6.94,30.55555556,69.44444444,0,,,,53000,5000
becca,44.908,-110.2629,1912.6,2014,te,5,1,266,49.594,60.66,39.34,88.52459016,11.47540984,0,,,,53000,5000
becca,44.908,-110.2629,1912.6,2014,te,5,2,266,53.394,84.85,15.15,56.06060606,43.93939394,0,,,,53000,5000
becca,44.908,-110.2629,1912.6,2014,te,5,3,266,63.274,58.23,41.77,82.27848101,17.72151899,0,,,,53000,5000
becca,44.908,-110.2629,1912.6,2014,te,5,4,266,51.874,62.5,37.5,96.875,3.125,0,,,,53000,5000
becca,44.908,-110.2629,1912.6,2014,te,5,5,266,64.794,90.12,9.88,39.50617284,60.49382716,0,,,,53000,5000
becca,44.908,-110.2629,1912.6,2014,te,5,6,266,54.154,91.04,8.96,61.19402985,38.80597015,0,,,,53000,5000
black,44.948,-110.6045,1890.7,1999,te,1,1,138,35.746,100,0,80.32786885,19.67213115,0,138,,,32880,3003
black,44.948,-110.6045,1890.7,1999,te,1,2,138,40.434,97.1,2.9,89.85507246,5.797101449,4.166666667,138,,,32880,3003
black,44.948,-110.6045,1890.7,1999,te,1,3,138,36.918,98.41,1.59,76.19047619,20.63492063,3.076923077,138,,,32880,3003
black,44.948,-110.6045,1890.7,1999,te,1,4,138,28.128,100,0,83.33333333,16.66666667,0,138,,,32880,3003
black,44.948,-110.6045,1890.7,1999,te,1,5,138,42.192,95.83,4.17,93.05555556,6.944444444,0,138,,,32880,3003
black,44.948,-110.6045,1890.7,1999,te,1,6,138,57.428,96.94,3.06,93.87755102,3.06122449,2.97029703,138,,,32880,3003
black,44.948,-110.6045,1890.7,1999,te,2,1,172,82.626,95.74,4.26,88.65248227,7.092198582,4.081632653,172,,,32880,3003
black,44.948,-110.6045,1890.7,1999,te,2,2,172,83.212,97.18,2.82,94.36619718,5.633802817,0,172,,,32880,3003
black,44.948,-110.6045,1890.7,1999,te,2,3,172,81.454,98.56,1.44,70.50359712,26.61870504,2.797202797,172,,,32880,3003
black,44.948,-110.6045,1890.7,1999,te,2,4,172,63.874,99.08,0.92,78.89908257,20.18348624,0.909090909,172,,,32880,3003
black,44.948,-110.6045,1890.7,1999,te,2,5,172,68.562,94.87,5.13,79.48717949,20.51282051,0,172,,,32880,3003
black,44.948,-110.6045,1890.7,1999,te,3,1,208,84.97,59.31,40.69,77.93103448,22.06896552,0,208,,,32880,3003
black,44.948,-110.6045,1890.7,1999,te,3,2,208,59.186,35.64,64.36,79.20792079,17.82178218,2.884615385,208,,,32880,3003
black,44.948,-110.6045,1890.7,1999,te,3,3,208,57.428,35.71,64.29,73.46938776,24.48979592,2,208,,,32880,3003
black,44.948,-110.6045,1890.7,1999,te,3,4,208,79.696,40.44,59.56,86.76470588,6.617647059,6.206896552,208,,,32880,3003
black,44.948,-110.6045,1890.7,1999,te,3,5,208,50.396,39.53,60.47,83.72093023,6.976744186,8.510638298,208,,,32880,3003
black,44.948,-110.6045,1890.7,1999,te,3,6,208,,,,,,,208,,,32880,3003
black,44.948,-110.6045,1890.7,1999,te,4,1,235,46.88,66.25,33.75,88.75,8.75,2.43902439,235,,,32880,3003
black,44.948,-110.6045,1890.7,1999,te,4,2,235,76.766,33.59,66.41,94.65648855,5.34351145,0,235,,,32880,3003
black,44.948,-110.6045,1890.7,1999,te,4,3,235,49.81,34.12,65.88,96.47058824,0,3.409090909,235,,,32880,3003
black,44.948,-110.6045,1890.7,1999,te,4,4,235,63.288,37.96,62.04,93.51851852,6.481481481,0,235,,,32880,3003
black,44.948,-110.6045,1890.7,1999,te,4,5,235,70.32,60,40,98.33333333,1.666666667,0,235,,,32880,3003
black,44.948,-110.6045,1890.7,1999,te,5,1,266,55.084,40.43,59.57,89.36170213,4.255319149,6,266,,,32880,3003
black,44.948,-110.6045,1890.7,1999,te,5,2,266,111.926,23.56,76.44,94.76439791,5.235602094,0,266,,,32880,3003
black,44.948,-110.6045,1890.7,1999,te,5,3,266,79.11,44.44,55.56,89.62962963,2.222222222,7.534246575,266,,,32880,3003
black,44.948,-110.6045,1890.7,1999,te,5,4,266,61.53,35.24,64.76,83.80952381,1.904761905,12.5,266,,,32880,3003
black,44.948,-110.6045,1890.7,1999,te,5,5,266,52.74,30,70,88.88888889,2.222222222,8.163265306,266,,,32880,3003
black,44.948,-110.6045,1890.7,2000,te,1,1,138,63.288,95.37,4.63,86.11111111,12.03703704,1.818181818,138,,,32880,3003
black,44.948,-110.6045,1890.7,2000,te,1,2,138,82.04,97.86,2.14,92.85714286,7.142857143,0,138,,,32880,3003
black,44.948,-110.6045,1890.7,2000,te,1,3,138,45.708,98.72,1.28,76.92307692,19.23076923,3.703703704,138,,,32880,3003
black,44.948,-110.6045,1890.7,2000,te,1,4,138,56.256,93.75,6.25,81.25,15.625,3.03030303,138,,,32880,3003
black,44.948,-110.6045,1890.7,2000,te,1,5,138,60.944,100,0,92.30769231,4.807692308,2.803738318,138,,,32880,3003
black,44.948,-110.6045,1890.7,2000,te,2,1,166,68.562,100,0,90.5982906,9.401709402,0,166,,,32880,3003
black,44.948,-110.6045,1890.7,2000,te,2,2,166,,,,,,,166,,,32880,3003
black,44.948,-110.6045,1890.7,2000,te,2,3,166,62.116,83.96,16.04,72.64150943,24.52830189,2.752293578,166,,,32880,3003
black,44.948,-110.6045,1890.7,2000,te,2,4,166,67.976,87.93,12.07,87.06896552,11.20689655,1.694915254,166,,,32880,3003
black,44.948,-110.6045,1890.7,2000,te,2,5,166,66.218,93.81,6.19,90.26548673,9.734513274,0,166,,,32880,3003
black,44.948,-110.6045,1890.7,2000,te,3,1,186,81.454,82.01,17.99,85.61151079,14.38848921,0,186,,,32880,3003
black,44.948,-110.6045,1890.7,2000,te,3,2,186,71.492,87.7,12.3,77.04918033,9.836065574,11.5942029,186,,,32880,3003
black,44.948,-110.6045,1890.7,2000,te,3,3,186,58.6,81,19,85,15,0,186,,,32880,3003
black,44.948,-110.6045,1890.7,2000,te,3,4,186,90.83,88.39,11.61,83.87096774,9.032258065,6.626506024,186,,,32880,3003
black,44.948,-110.6045,1890.7,2000,te,3,5,186,126.576,74.07,25.93,94.44444444,5.555555556,0,186,,,32880,3003
black,44.948,-110.6045,1890.7,2000,te,4,1,214,52.74,21.11,78.89,83.33333333,13.33333333,3.225806452,214,,,32880,3003
black,44.948,-110.6045,1890.7,2000,te,4,2,214,41.606,49.3,50.7,76.05633803,21.12676056,2.739726027,214,,,32880,3003
black,44.948,-110.6045,1890.7,2000,te,4,3,214,50.982,39.08,60.92,87.35632184,11.49425287,1.136363636,214,,,32880,3003
black,44.948,-110.6045,1890.7,2000,te,4,4,214,68.562,22.22,77.78,95.72649573,4.273504274,0,214,,,32880,3003
black,44.948,-110.6045,1890.7,2000,te,4,5,214,72.664,29.03,70.97,97.58064516,2.419354839,0,214,,,32880,3003
black,44.948,-110.6045,1890.7,2000,te,5,1,243,52.74,26.67,73.33,85.55555556,6.666666667,7.216494845,243,,,32880,3003
black,44.948,-110.6045,1890.7,2000,te,5,2,243,50.396,10.47,89.53,94.18604651,5.813953488,0,243,,,32880,3003
black,44.948,-110.6045,1890.7,2000,te,5,3,243,60.358,40.78,59.22,93.2038835,2.912621359,3.738317757,243,,,32880,3003
black,44.948,-110.6045,1890.7,2000,te,5,4,243,50.982,21.84,78.16,91.95402299,2.298850575,5.434782609,243,,,32880,3003
black,44.948,-110.6045,1890.7,2000,te,5,5,243,68.562,11.11,88.89,94.87179487,5.128205128,0,243,,,32880,3003
black,44.948,-110.6045,1890.7,2000,te,6,1,268,44.536,9.21,90.79,96.05263158,1.315789474,2.564102564,268,,,32880,3003
black,44.948,-110.6045,1890.7,2000,te,6,2,268,41.02,17.14,82.86,90,7.142857143,2.777777778,268,,,32880,3003
black,44.948,-110.6045,1890.7,2000,te,6,3,268,45.708,2.56,97.44,100,0,0,268,,,32880,3003
black,44.948,-110.6045,1890.7,2000,te,6,4,268,58.014,9.09,90.91,91.91919192,0,7.476635514,268,,,32880,3003
black,44.948,-110.6045,1890.7,2000,te,6,5,268,55.67,12.63,87.37,91.57894737,2.105263158,5.940594059,268,,,32880,3003
black,44.948,-110.6045,1890.7,2000,te,7,1,298,49.81,15.29,84.71,88.23529412,8.235294118,3.409090909,298,,,32880,3003
black,44.948,-110.6045,1890.7,2000,te,7,2,298,78.524,4.48,95.52,91.79104478,5.970149254,2.189781022,298,,,32880,3003
black,44.948,-110.6045,1890.7,2000,te,7,3,298,72.078,13.01,86.99,94.30894309,4.87804878,0.806451613,298,,,32880,3003
black,44.948,-110.6045,1890.7,2000,te,7,4,298,70.32,4.17,95.83,97.5,2.5,0,298,,,32880,3003
black,44.948,-110.6045,1890.7,2000,te,7,5,298,83.212,7.04,92.96,92.95774648,2.816901408,4.054054054,298,,,32880,3003
black,44.948,-110.6045,1890.7,2001,te,1,1,151,73.836,97.62,2.38,91.26984127,3.174603175,5.263157895,151,,,32880,3003
black,44.948,-110.6045,1890.7,2001,te,1,2,151,62.702,96.26,3.74,74.76635514,18.69158879,6.140350877,151,,,32880,3003
black,44.948,-110.6045,1890.7,2001,te,1,3,151,75.008,94.53,5.47,86.71875,10.9375,2.290076336,151,,,32880,3003
black,44.948,-110.6045,1890.7,2001,te,1,4,151,100.792,73.84,26.16,64.53488372,35.46511628,0,151,,,32880,3003
black,44.948,-110.6045,1890.7,2001,te,1,5,151,91.416,94.87,5.13,89.74358974,10.25641026,0,151,,,32880,3003
black,44.948,-110.6045,1890.7,2001,te,2,1,183,79.11,83.7,16.3,89.62962963,0.740740741,8.783783784,183,,,32880,3003
black,44.948,-110.6045,1890.7,2001,te,2,2,183,50.396,80.23,19.77,93.02325581,6.976744186,0,183,,,32880,3003
black,44.948,-110.6045,1890.7,2001,te,2,3,183,49.224,80.95,19.05,84.52380952,14.28571429,1.176470588,183,,,32880,3003
black,44.948,-110.6045,1890.7,2001,te,2,4,183,60.944,86.54,13.46,79.80769231,20.19230769,0,183,,,32880,3003
black,44.948,-110.6045,1890.7,2001,te,2,5,183,73.25,81.6,18.4,83.2,13.6,3.100775194,183,,,32880,3003
black,44.948,-110.6045,1890.7,2001,te,3,1,218,70.906,46.28,53.72,,,,218,,,32880,3003
black,44.948,-110.6045,1890.7,2001,te,3,2,218,63.288,37.04,62.96,,,,218,,,32880,3003
black,44.948,-110.6045,1890.7,2001,te,3,3,218,46.294,34.18,65.82,,,,218,,,32880,3003
black,44.948,-110.6045,1890.7,2001,te,3,4,218,37.504,32.81,67.19,,,,218,,,32880,3003
black,44.948,-110.6045,1890.7,2001,te,3,5,218,43.95,29.33,70.67,,,,218,,,32880,3003
black,44.948,-110.6045,1890.7,2001,te,4,1,236,46.294,7.59,92.41,,,,236,,,32880,3003
black,44.948,-110.6045,1890.7,2001,te,4,2,236,22.854,7.69,92.31,,,,236,,,32880,3003
black,44.948,-110.6045,1890.7,2001,te,4,3,236,51.568,11.36,88.64,,,,236,,,32880,3003
black,44.948,-110.6045,1890.7,2001,te,4,4,236,53.912,9.78,90.22,,,,236,,,32880,3003
black,44.948,-110.6045,1890.7,2001,te,4,5,236,36.332,3.23,96.77,,,,236,,,32880,3003
black,44.948,-110.6045,1890.7,2001,te,5,1,262,94.346,0.62,99.38,,,,262,,,32880,3003
black,44.948,-110.6045,1890.7,2001,te,5,2,262,55.67,1.05,98.95,,,,262,,,32880,3003
black,44.948,-110.6045,1890.7,2001,te,5,3,262,53.326,0,100,,,,262,,,32880,3003
black,44.948,-110.6045,1890.7,2001,te,5,4,262,40.434,0,100,,,,262,,,32880,3003
black,44.948,-110.6045,1890.7,2001,te,5,5,262,44.536,2.63,97.37,,,,262,,,32880,3003
c,44.731,-110.501,2407.9,1999,te,1,1,196,114.46,99.48,0.52,68.55670103,31.44329897,0,196,,,74750,5830
c,44.731,-110.501,2407.9,1999,te,1,2,196,137.47,92.27,7.73,66.52360515,33.47639485,0,196,,,74750,5830
c,44.731,-110.501,2407.9,1999,te,1,3,196,120.36,96.08,3.92,55.39215686,44.60784314,0,196,,,74750,5830
c,44.731,-110.501,2407.9,1999,te,1,4,196,114.46,100,0,68.55670103,31.44329897,0,196,,,74750,5830
c,44.731,-110.501,2407.9,1999,te,1,5,196,162.25,94.55,5.45,72.36363636,27.63636364,0,196,,,74750,5830
c,44.731,-110.501,2407.9,1999,te,2,1,222,91.45,72.26,27.74,85.16129032,14.83870968,0,222,,,74750,5830
c,44.731,-110.501,2407.9,1999,te,2,2,222,78.47,93.98,6.02,75.18796992,24.81203008,0,222,,,74750,5830
c,44.731,-110.501,2407.9,1999,te,2,3,222,75.52,97.66,2.34,45.3125,54.6875,0,222,,,74750,5830
c,44.731,-110.501,2407.9,1999,te,2,4,222,94.99,98.76,1.24,78.88198758,21.11801242,0,222,,,74750,5830
c,44.731,-110.501,2407.9,1999,te,2,5,222,71.39,100,0,85.12396694,14.87603306,0,222,,,74750,5830
c,44.731,-110.501,2407.9,1999,te,3,1,253,110.92,51.06,48.94,85.10638298,14.89361702,0,253,,,74750,5830
c,44.731,-110.501,2407.9,1999,te,3,2,253,106.2,78.89,21.11,65,35,0,253,,,74750,5830
c,44.731,-110.501,2407.9,1999,te,3,3,253,96.76,67.68,32.32,86.58536585,13.41463415,0,253,,,74750,5830
c,44.731,-110.501,2407.9,1999,te,3,4,253,115.05,60.51,39.49,91.79487179,8.205128205,0,253,,,74750,5830
c,44.731,-110.501,2407.9,1999,te,3,5,253,100.3,54.71,45.29,94.11764706,5.882352941,0,253,,,74750,5830
c,44.731,-110.501,2407.9,2000,te,1,1,177,116.82,98.48,1.52,35.85858586,64.14141414,0,177,,,74750,5830
c,44.731,-110.501,2407.9,2000,te,1,2,177,128.62,100,0,45.41284404,54.58715596,0,177,,,74750,5830
c,44.731,-110.501,2407.9,2000,te,1,3,177,181.72,98.38,1.62,68.18181818,31.81818182,0,177,,,74750,5830
c,44.731,-110.501,2407.9,2000,te,1,4,177,171.69,99.66,0.34,69.07216495,30.92783505,0,177,,,74750,5830
c,44.731,-110.501,2407.9,2000,te,1,5,177,128.03,98.16,1.84,41.93548387,58.06451613,0,177,,,74750,5830
c,44.731,-110.501,2407.9,2000,te,2,1,203,83.19,94.33,5.67,64.53900709,35.46099291,0,203,,,74750,5830
c,44.731,-110.501,2407.9,2000,te,2,2,203,72.57,96.75,3.25,67.4796748,32.5203252,0,203,,,74750,5830
c,44.731,-110.501,2407.9,2000,te,2,3,203,99.71,98.22,1.78,76.92307692,23.07692308,0,203,,,74750,5830
c,44.731,-110.501,2407.9,2000,te,2,4,203,101.48,93.02,6.98,79.06976744,20.93023256,0,203,,,74750,5830
c,44.731,-110.501,2407.9,2000,te,2,5,203,84.96,93.75,6.25,63.88888889,36.11111111,0,203,,,74750,5830
c,44.731,-110.501,2407.9,2000,te,3,1,234,96.76,49.39,50.61,79.87804878,20.12195122,0,234,,,74750,5830
c,44.731,-110.501,2407.9,2000,te,3,2,234,76.7,40.77,59.23,96.15384615,3.846153846,0,234,,,74750,5830
c,44.731,-110.501,2407.9,2000,te,3,3,234,73.75,69.6,30.4,88,12,0,234,,,74750,5830
c,44.731,-110.501,2407.9,2000,te,3,4,234,96.17,55.83,44.17,96.3190184,3.680981595,0,234,,,74750,5830
c,44.731,-110.501,2407.9,2000,te,3,5,234,80.24,47.79,52.21,92.64705882,7.352941176,0,234,,,74750,5830
c,44.731,-110.501,2407.9,2000,te,4,1,271,89.09,20.53,79.47,84.10596026,15.89403974,0,271,,,74750,5830
c,44.731,-110.501,2407.9,2000,te,4,2,271,97.94,19.28,80.72,89.75903614,10.24096386,0,271,,,74750,5830
c,44.731,-110.501,2407.9,2000,te,4,3,271,70.8,11.67,88.33,98.33333333,1.666666667,0,271,,,74750,5830
c,44.731,-110.501,2407.9,2000,te,4,4,271,116.23,28.93,71.07,97.96954315,2.030456853,0,271,,,74750,5830
c,44.731,-110.501,2407.9,2000,te,4,5,271,46.61,30.38,69.62,82.27848101,17.72151899,0,271,,,74750,5830
c,44.731,-110.501,2407.9,2000,te,5,1,296,82.6,2.14,97.86,84.28571429,15.71428571,0,296,,,74750,5830
c,44.731,-110.501,2407.9,2000,te,5,2,296,93.22,0,100,87.34177215,12.65822785,0,296,,,74750,5830
c,44.731,-110.501,2407.9,2000,te,5,3,296,59,13,87,97,3,0,296,,,74750,5830
c,44.731,-110.501,2407.9,2000,te,5,4,296,57.82,4.08,95.92,97.95918367,2.040816327,0,296,,,74750,5830
c,44.731,-110.501,2407.9,2000,te,5,5,296,98.53,3.59,96.41,88.0239521,11.9760479,0,296,,,74750,5830
c,44.731,-110.501,2407.9,2001,te,1,1,171,92.63,100,0,35.66878981,64.33121019,0,171,,,74750,5830
c,44.731,-110.501,2407.9,2001,te,1,2,171,151.04,98.44,1.56,74.21875,25.78125,0,171,,,74750,5830
c,44.731,-110.501,2407.9,2001,te,1,3,171,162.25,98.91,1.09,61.09090909,38.90909091,0,171,,,74750,5830
c,44.731,-110.501,2407.9,2001,te,1,4,171,178.77,97.36,2.64,54.45544554,45.54455446,0,171,,,74750,5830
c,44.731,-110.501,2407.9,2001,te,1,5,171,195.88,98.19,1.81,58.43373494,41.56626506,0,171,,,74750,5830
c,44.731,-110.501,2407.9,2001,te,2,1,198,204.73,96.54,3.46,75.7925072,24.2074928,0,198,,,74750,5830
c,44.731,-110.501,2407.9,2001,te,2,2,198,165.79,94.66,5.34,65.48042705,34.51957295,0,198,,,74750,5830
c,44.731,-110.501,2407.9,2001,te,2,3,198,189.39,96.88,3.12,79.75077882,20.24922118,0,198,,,74750,5830
c,44.731,-110.501,2407.9,2001,te,2,4,198,176.41,96.99,3.01,64.54849498,35.45150502,0,198,,,74750,5830
c,44.731,-110.501,2407.9,2001,te,2,5,198,141.01,96.23,3.77,76.56903766,23.43096234,0,198,,,74750,5830
c,44.731,-110.501,2407.9,2001,te,3,1,230,138.06,52.14,47.86,,,,230,,,74750,5830
c,44.731,-110.501,2407.9,2001,te,3,2,230,100.89,43.86,56.14,,,,230,,,74750,5830
c,44.731,-110.501,2407.9,2001,te,3,3,230,149.27,55.73,44.27,,,,230,,,74750,5830
c,44.731,-110.501,2407.9,2001,te,3,4,230,94.4,50,50,,,,230,,,74750,5830
c,44.731,-110.501,2407.9,2001,te,3,5,230,76.7,56.92,43.08,,,,230,,,74750,5830
c,44.731,-110.501,2407.9,2001,te,4,1,255,145.14,13.82,86.18,,,,255,,,74750,5830
c,44.731,-110.501,2407.9,2001,te,4,2,255,70.21,17.65,82.35,,,,255,,,74750,5830
c,44.731,-110.501,2407.9,2001,te,4,3,255,93.81,17.61,82.39,,,,255,,,74750,5830
c,44.731,-110.501,2407.9,2001,te,4,4,255,185.85,10.79,89.21,,,,255,,,74750,5830
c,44.731,-110.501,2407.9,2001,te,4,5,255,115.64,9.69,90.31,,,,255,,,74750,5830
casp,44.91,-110.3224,1912.6,2012,te,1,1,127,77.7,92.79,7.21,87.38738739,12.61261261,0,,,,56400,4200
casp,44.91,-110.3224,1912.6,2012,te,1,2,127,43.4,93.55,6.45,80.64516129,19.35483871,0,,,,56400,4200
casp,44.91,-110.3224,1912.6,2012,te,1,3,127,46.9,94.03,5.97,68.65671642,31.34328358,0,,,,56400,4200
casp,44.91,-110.3224,1912.6,2012,te,1,4,127,51.8,100,0,67.56756757,32.43243243,0,,,,56400,4200
casp,44.91,-110.3224,1912.6,2012,te,1,5,127,67.9,90.72,9.28,63.91752577,36.08247423,0,,,,56400,4200
casp,44.91,-110.3224,1912.6,2012,te,2,1,158,69.3,84.85,15.15,76.76767677,23.23232323,0,,,,56400,4200
casp,44.91,-110.3224,1912.6,2012,te,2,2,158,85.4,92.62,7.38,78.68852459,21.31147541,0,,,,56400,4200
casp,44.91,-110.3224,1912.6,2012,te,2,3,158,134.4,95.31,4.69,77.60416667,22.39583333,0,,,,56400,4200
casp,44.91,-110.3224,1912.6,2012,te,2,4,158,96.6,93.48,6.52,73.1884058,26.8115942,0,,,,56400,4200
casp,44.91,-110.3224,1912.6,2012,te,2,5,158,92.4,95.45,4.55,68.18181818,31.81818182,0,,,,56400,4200
casp,44.91,-110.3224,1912.6,2012,te,3,1,206,103.6,68.92,31.08,60.13513514,39.86486486,0,,,,56400,4200
casp,44.91,-110.3224,1912.6,2012,te,3,2,206,107.1,60.13,39.87,81.69934641,18.30065359,0,,,,56400,4200
casp,44.91,-110.3224,1912.6,2012,te,3,3,206,109.9,73.25,26.75,82.80254777,17.19745223,0,,,,56400,4200
casp,44.91,-110.3224,1912.6,2012,te,3,4,206,126,70,30,77.77777778,22.22222222,0,,,,56400,4200
casp,44.91,-110.3224,1912.6,2012,te,3,5,206,80.5,76.52,23.48,53.91304348,46.08695652,0,,,,56400,4200
casp,44.91,-110.3224,1912.6,2012,te,4,1,232,122.5,38.29,61.71,84.57142857,15.42857143,0,,,,56400,4200
casp,44.91,-110.3224,1912.6,2012,te,4,2,232,104.3,35.57,64.43,87.24832215,12.75167785,0,,,,56400,4200
casp,44.91,-110.3224,1912.6,2012,te,4,3,232,93.1,65.41,34.59,77.44360902,22.55639098,0,,,,56400,4200
casp,44.91,-110.3224,1912.6,2012,te,4,4,232,93.1,34.59,65.41,63.15789474,36.84210526,0,,,,56400,4200
casp,44.91,-110.3224,1912.6,2012,te,4,5,232,159.6,42.11,57.89,78.07017544,21.92982456,0,,,,56400,4200
casp,44.91,-110.3224,1912.6,2012,te,5,1,261,67.2,39.58,60.42,66.66666667,33.33333333,0,,,,56400,4200
casp,44.91,-110.3224,1912.6,2012,te,5,2,261,93.8,37.31,62.69,92.53731343,7.462686567,0,,,,56400,4200
casp,44.91,-110.3224,1912.6,2012,te,5,3,261,58.1,40.96,59.04,83.13253012,16.86746988,0,,,,56400,4200
casp,44.91,-110.3224,1912.6,2012,te,5,4,261,77,10.91,89.09,78.18181818,21.81818182,0,,,,56400,4200
casp,44.91,-110.3224,1912.6,2012,te,5,5,261,97.3,15.83,84.17,74.82014388,25.17985612,0,,,,56400,4200
casp,44.91,-110.3224,1912.6,2013,te,1,1,149,81.2,100,0,65.51724138,34.48275862,0,149,,,56400,4200
casp,44.91,-110.3224,1912.6,2013,te,1,2,149,102.2,98.63,1.37,79.45205479,20.54794521,0,149,,,56400,4200
casp,44.91,-110.3224,1912.6,2013,te,1,3,149,159.6,100,0,78.94736842,21.05263158,0,149,,,56400,4200
casp,44.91,-110.3224,1912.6,2013,te,1,4,149,102.2,97.26,2.74,71.23287671,28.76712329,0,149,,,56400,4200
casp,44.91,-110.3224,1912.6,2013,te,1,5,149,99.4,100,0,74.64788732,25.35211268,0,149,,,56400,4200
casp,44.91,-110.3224,1912.6,2013,te,2,1,178,98,97.14,2.86,80,20,0,178,,,56400,4200
casp,44.91,-110.3224,1912.6,2013,te,2,2,178,114.8,98.78,1.22,65.85365854,34.14634146,0,178,,,56400,4200
casp,44.91,-110.3224,1912.6,2013,te,2,3,178,114.8,97.56,2.44,69.51219512,30.48780488,0,178,,,56400,4200
casp,44.91,-110.3224,1912.6,2013,te,2,4,178,81.2,100,0,53.44827586,46.55172414,0,178,,,56400,4200
casp,44.91,-110.3224,1912.6,2013,te,2,5,178,85.4,98.36,1.64,85.24590164,14.75409836,0,178,,,56400,4200
casp,44.91,-110.3224,1912.6,2013,te,3,1,205,116.2,74.7,25.3,86.74698795,13.25301205,0,205,,,56400,4200
casp,44.91,-110.3224,1912.6,2013,te,3,2,205,82.6,76.27,23.73,72.88135593,27.11864407,0,205,,,56400,4200
casp,44.91,-110.3224,1912.6,2013,te,3,3,205,103.6,66.22,33.78,85.13513514,14.86486486,0,205,,,56400,4200
casp,44.91,-110.3224,1912.6,2013,te,3,4,205,71.4,58.82,41.18,78.43137255,21.56862745,0,205,,,56400,4200
casp,44.91,-110.3224,1912.6,2013,te,4,1,232,63,60,40,82.22222222,17.77777778,0,232,,,56400,4200
casp,44.91,-110.3224,1912.6,2013,te,4,2,232,67.2,39.58,60.42,93.75,6.25,0,232,,,56400,4200
casp,44.91,-110.3224,1912.6,2013,te,4,3,232,58.8,42.86,57.14,92.85714286,7.142857143,0,232,,,56400,4200
casp,44.91,-110.3224,1912.6,2013,te,4,4,232,64.4,71.74,28.26,60.86956522,39.13043478,0,232,,,56400,4200
casp,44.91,-110.3224,1912.6,2013,te,4,5,232,37.8,11.11,88.89,88.88888889,11.11111111,0,232,,,56400,4200
casp,44.91,-110.3224,1912.6,2013,te,5,1,261,49,57.14,42.86,71.42857143,28.57142857,0,261,,,56400,4200
casp,44.91,-110.3224,1912.6,2013,te,5,2,261,57.4,82.93,17.07,85.36585366,14.63414634,0,261,,,56400,4200
casp,44.91,-110.3224,1912.6,2013,te,5,3,261,61.6,59.09,40.91,59.09090909,40.90909091,0,261,,,56400,4200
casp,44.91,-110.3224,1912.6,2013,te,5,4,261,51.8,81.08,18.92,70.27027027,29.72972973,0,261,,,56400,4200
casp,44.91,-110.3224,1912.6,2013,te,5,5,261,60.2,74.42,25.58,83.72093023,16.27906977,0,261,,,56400,4200
cb,44.913,-110.3201,1912.6,1988,te,3,1,199,43.7085,74.67,25.33,83.33333333,16.66666667,0,,,,29671.05263,2000
cb,44.913,-110.3201,1912.6,1988,te,3,2,199,59.44356,75,25,93.62745098,5.392156863,0.970873786,,,,29671.05263,2000
cb,44.913,-110.3201,1912.6,1988,te,3,3,199,76.63557,80.61,19.39,81.36882129,17.87072243,0.754716981,,,,29671.05263,2000
cb,44.913,-110.3201,1912.6,1988,te,3,4,199,43.99989,84.77,15.23,84.10596026,15.89403974,0,,,,29671.05263,2000
cb,44.913,-110.3201,1912.6,1988,te,3,5,199,32.34429,88.29,11.71,71.17117117,15.31531532,11.9047619,,,,29671.05263,2000
cb,44.913,-110.3201,1912.6,1988,te,3,6,199,58.278,79.5,20.5,92.68292683,7.317073171,0,,,,29671.05263,2000
cb,44.913,-110.3201,1912.6,1989,te,1,1,144,51.28464,100,0,80.68181818,5.681818182,12,,,,29671.05,2000
cb,44.913,-110.3201,1912.6,1989,te,1,2,144,53.61576,100,0,95.65217391,2.173913043,2.127659574,,,,29671.05,2000
cb,44.913,-110.3201,1912.6,1989,te,1,3,144,45.45684,100,0,84.61538462,15.38461538,0,,,,29671.05,2000
cb,44.913,-110.3201,1912.6,1989,te,1,4,144,48.37074,100,0,75.90361446,24.09638554,0,,,,29671.05,2000
cb,44.913,-110.3201,1912.6,1989,te,1,5,144,36.71514,100,0,85.71428571,11.11111111,3.076923077,,,,29671.05,2000
cb,44.913,-110.3201,1912.6,1989,te,1,6,144,44.29128,100,0,89.47368421,3.947368421,6.172839506,,,,29671.05,2000
cb,44.913,-110.3201,1912.6,1989,te,4,1,227,28.55622,57.14,42.86,63.26530612,14.28571429,18.33333333,,,,29671.05,2000
cb,44.913,-110.3201,1912.6,1989,te,4,2,227,13.40394,52.17,47.83,78.26086957,4.347826087,14.81481481,,,,29671.05,2000
cb,44.913,-110.3201,1912.6,1989,te,4,3,227,60.02634,66.99,33.01,64.0776699,3.883495146,24.26470588,,,,29671.05,2000
cb,44.913,-110.3201,1912.6,1989,te,4,4,227,47.20518,71.6,28.4,53.08641975,23.45679012,19,,,,29671.05,2000
cb,44.913,-110.3201,1912.6,1989,te,4,5,227,34.38402,55.93,44.07,89.83050847,1.694915254,7.8125,,,,29671.05,2000
cb,44.913,-110.3201,1912.6,1989,te,4,6,227,46.03962,55.7,44.3,56.96202532,36.70886076,5.952380952,,,,29671.05,2000
cb,44.913,-110.3201,1912.6,1989,te,6,1,283,19.81452,11.76,88.24,70.58823529,29.41176471,0,,,,29671.05,2000
cb,44.913,-110.3201,1912.6,1989,te,6,2,283,23.3112,5,95,70,25,4.761904762,,,,29671.05,2000
cb,44.913,-110.3201,1912.6,1989,te,6,3,283,48.95352,9.52,90.48,79.76190476,20.23809524,0,,,,29671.05,2000
cb,44.913,-110.3201,1912.6,1989,te,6,4,283,23.3112,5,95,82.5,10,6.976744186,,,,29671.05,2000
cb,44.913,-110.3201,1912.6,1989,te,6,5,283,29.139,4,96,72,16,10.71428571,,,,29671.05,2000
cb,44.913,-110.3201,1912.6,1989,te,6,6,283,36.13236,17.74,82.26,77.41935484,22.58064516,0,,,,29671.05,2000
cb,44.913,-110.3201,1912.6,1999,te,1,1,136,50.70186,100,0,89.65517241,10.34482759,0,136,,,23670,2280
cb,44.913,-110.3201,1912.6,1999,te,1,2,136,32.0529,96.36,3.64,90.90909091,9.090909091,0,136,,,23670,2280
cb,44.913,-110.3201,1912.6,1999,te,1,3,136,37.8807,96.92,3.08,81.53846154,18.46153846,0,136,,,23670,2280
cb,44.913,-110.3201,1912.6,1999,te,1,4,136,41.96016,97.22,2.78,94.44444444,5.555555556,0,136,,,23670,2280
cb,44.913,-110.3201,1912.6,1999,te,1,5,136,40.7946,97.14,2.86,94.28571429,4.285714286,1.408450704,136,,,23670,2280
cb,44.913,-110.3201,1912.6,1999,te,2,1,173,93.2448,91.25,8.75,76.1627907,16.86046512,6.976744186,173,,,23670,2280
cb,44.913,-110.3201,1912.6,1999,te,2,2,173,96.74148,95.18,4.82,72.89156627,27.10843373,0,173,,,23670,2280
cb,44.913,-110.3201,1912.6,1999,te,2,3,173,72.8475,96,4,79.2,20.8,0,173,,,23670,2280
cb,44.913,-110.3201,1912.6,1999,te,2,4,173,109.56264,100,0,74.46808511,25.53191489,0,173,,,23670,2280
cb,44.913,-110.3201,1912.6,1999,te,2,5,173,82.75476,96.48,3.52,64.13793103,33.79310345,2.068965517,173,,,23670,2280
cb,44.913,-110.3201,1912.6,1999,te,2,6,173,104.9004,98.33,1.67,75.26315789,19.47368421,5.263157895,173,,,23670,2280
cb,44.913,-110.3201,1912.6,1999,te,3,1,209,52.4502,40,60,80,20,0,209,,,23670,2280
cb,44.913,-110.3201,1912.6,1999,te,3,2,209,41.37738,39.44,60.56,83.09859155,14.08450704,2.739726027,209,,,23670,2280
cb,44.913,-110.3201,1912.6,1999,te,3,3,209,70.51638,39.67,60.33,75.20661157,20.66115702,3.968253968,209,,,23670,2280
cb,44.913,-110.3201,1912.6,1999,te,3,4,209,76.34418,62.6,37.4,73.28244275,25.19083969,1.503759398,209,,,23670,2280
cb,44.913,-110.3201,1912.6,1999,te,3,5,209,82.17198,49.65,50.35,76.59574468,9.929078014,11.875,209,,,23670,2280
cb,44.913,-110.3201,1912.6,1999,te,3,6,209,58.278,48,52,63,37,0,209,,,23670,2280
cb,44.913,-110.3201,1912.6,1999,te,4,1,236,55.3641,36.84,63.16,75.78947368,12.63157895,10.37735849,236,,,23670,2280
cb,44.913,-110.3201,1912.6,1999,te,4,2,236,69.9336,58.33,41.67,84.16666667,15.83333333,0,236,,,23670,2280
cb,44.913,-110.3201,1912.6,1999,te,4,3,236,68.18526,36.75,63.25,88.88888889,11.11111111,0,236,,,23670,2280
cb,44.913,-110.3201,1912.6,1999,te,4,4,236,62.94024,50.93,49.07,79.62962963,15.74074074,4.424778761,236,,,23670,2280
cb,44.913,-110.3201,1912.6,1999,te,4,5,236,64.68858,50.45,49.55,86.48648649,9.90990991,3.47826087,236,,,23670,2280
cb,44.913,-110.3201,1912.6,1999,te,4,6,236,73.43028,50.79,49.21,87.3015873,7.142857143,5.263157895,236,,,23670,2280
cb,44.913,-110.3201,1912.6,1999,te,5,1,266,65.27136,56.25,43.75,93.63636364,2.727272727,3.448275862,266,,,23670,2280
cb,44.913,-110.3201,1912.6,1999,te,5,2,266,99.0726,50.59,49.41,89.61038961,2.597402597,6.593406593,266,,,23670,2280
cb,44.913,-110.3201,1912.6,1999,te,5,3,266,54.19854,49.46,50.54,89.42307692,6.730769231,4.12371134,266,,,23670,2280
cb,44.913,-110.3201,1912.6,1999,te,5,4,266,83.33754,46.85,53.15,88.27586207,8.275862069,3.378378378,266,,,23670,2280
cb,44.913,-110.3201,1912.6,1999,te,5,5,266,52.4502,54.44,45.56,90.90909091,9.090909091,0,266,,,23670,2280
cb,44.913,-110.3201,1912.6,1999,te,5,6,266,111.89376,39.58,60.42,97.71428571,2.285714286,0,266,,,23670,2280
cb,44.913,-110.3201,1912.6,2000,te,1,1,144,93.2448,100,0,91.875,8.125,0,144,,,23670,2280
cb,44.913,-110.3201,1912.6,2000,te,1,2,144,76.92696,98.48,1.52,78.03030303,18.93939394,2.941176471,144,,,23670,2280
cb,44.913,-110.3201,1912.6,2000,te,1,3,144,108.39708,96.24,3.76,90.86021505,4.838709677,4.12371134,144,,,23670,2280
cb,44.913,-110.3201,1912.6,2000,te,1,4,144,79.84086,96.35,3.65,91.97080292,3.649635036,4.195804196,144,,,23670,2280
cb,44.913,-110.3201,1912.6,2000,te,1,5,144,83.92032,100,0,86.80555556,13.19444444,0,144,,,23670,2280
cb,44.913,-110.3201,1912.6,2000,te,1,6,144,68.18526,100,0,80.34188034,17.09401709,2.5,144,,,23670,2280
cb,44.913,-110.3201,1912.6,2000,te,2,1,170,89.16534,99.35,0.65,73.20261438,26.14379085,0.649350649,170,,,23670,2280
cb,44.913,-110.3201,1912.6,2000,te,2,2,170,59.44356,96.08,3.92,77.45098039,22.54901961,0,170,,,23670,2280
cb,44.913,-110.3201,1912.6,2000,te,2,3,170,72.8475,95.2,4.8,88,12,0,170,,,23670,2280
cb,44.913,-110.3201,1912.6,2000,te,2,4,170,127.62882,91.32,8.68,78.08219178,14.15525114,7.203389831,170,,,23670,2280
cb,44.913,-110.3201,1912.6,2000,te,2,5,170,110.7282,96.32,3.68,77.36842105,22.63157895,0,170,,,23670,2280
cb,44.913,-110.3201,1912.6,2000,te,2,6,170,79.25808,96.32,3.68,78.67647059,16.91176471,4.225352113,170,,,23670,2280
cb,44.913,-110.3201,1912.6,2000,te,3,1,202,96.1587,66.06,33.94,87.87878788,7.878787879,4.069767442,202,,,23670,2280
cb,44.913,-110.3201,1912.6,2000,te,3,2,202,138.70164,63.45,36.55,78.57142857,18.90756303,2.459016393,202,,,23670,2280
cb,44.913,-110.3201,1912.6,2000,te,3,3,202,85.08588,57.53,42.47,91.09589041,7.534246575,1.351351351,202,,,23670,2280
cb,44.913,-110.3201,1912.6,2000,te,3,4,202,97.90704,57.14,42.86,80.95238095,14.28571429,4.545454545,202,,,23670,2280
cb,44.913,-110.3201,1912.6,2000,te,3,5,202,87.99978,62.25,37.75,88.0794702,10.59602649,1.307189542,202,,,23670,2280
cb,44.913,-110.3201,1912.6,2000,te,3,6,202,97.90704,56.55,43.45,75,25,0,202,,,23670,2280
cb,44.913,-110.3201,1912.6,2000,te,4,1,228,117.13878,33.83,66.17,89.26829268,8.780487805,1.951219512,228,,,23670,2280
cb,44.913,-110.3201,1912.6,2000,te,4,2,228,125.88048,30.56,69.44,82.37885463,12.7753304,4.845814978,228,,,23670,2280
cb,44.913,-110.3201,1912.6,2000,te,4,3,228,70.51638,32.23,67.77,83.47107438,16.52892562,0,228,,,23670,2280
cb,44.913,-110.3201,1912.6,2000,te,4,4,228,127.62882,23.74,76.26,82.37885463,14.0969163,3.524229075,228,,,23670,2280
cb,44.913,-110.3201,1912.6,2000,te,4,5,228,77.50974,54.14,45.86,78.72340426,15.60283688,5.673758865,228,,,23670,2280
cb,44.913,-110.3201,1912.6,2000,te,4,6,228,79.25808,28.68,71.32,60.92715232,29.13907285,9.933774834,228,,,23670,2280
cb,44.913,-110.3201,1912.6,2000,te,5,1,262,92.07924,12.03,87.97,96.20253165,3.797468354,0,262,,,23670,2280
cb,44.913,-110.3201,1912.6,2000,te,5,2,262,89.74812,21.43,78.57,85.06493506,7.792207792,6.666666667,262,,,23670,2280
cb,44.913,-110.3201,1912.6,2000,te,5,3,262,135.78774,14.59,85.41,92.70386266,3.862660944,3.319502075,262,,,23670,2280
cb,44.913,-110.3201,1912.6,2000,te,5,4,262,78.09252,10.45,89.55,81.34328358,18.65671642,0,262,,,23670,2280
cb,44.913,-110.3201,1912.6,2000,te,5,5,262,65.85414,27.43,72.57,81.4159292,15.92920354,2.586206897,262,,,23670,2280
cb,44.913,-110.3201,1912.6,2000,te,5,6,262,34.38402,35.59,64.41,77.96610169,20.33898305,1.666666667,262,,,23670,2280
cb,44.913,-110.3201,1912.6,2000,te,6,1,290,107.8143,3.24,96.76,98.37837838,1.621621622,0,290,,,23670,2280
cb,44.913,-110.3201,1912.6,2000,te,6,2,290,89.74812,8.44,91.56,96.1038961,1.948051948,1.910828025,290,,,23670,2280
cb,44.913,-110.3201,1912.6,2000,te,6,3,290,60.02634,16.5,83.5,88.34951456,11.65048544,0,290,,,23670,2280
cb,44.913,-110.3201,1912.6,2000,te,6,4,290,63.52302,9.17,90.83,99.08256881,0,0.909090909,290,,,23670,2280
cb,44.913,-110.3201,1912.6,2000,te,6,5,290,74.01306,4.72,95.28,85.03937008,14.96062992,0,290,,,23670,2280
cb,44.913,-110.3201,1912.6,2000,te,6,6,290,90.3309,3.87,96.13,96.77419355,3.225806452,0,290,,,23670,2280
cb,44.913,-110.3201,1912.6,2001,te,1,1,137,87.417,90,10,98.66666667,1.333333333,0,137,,,23670,2280
cb,44.913,-110.3201,1912.6,2001,te,1,2,137,101.9865,96.57,3.43,98.85714286,0.571428571,0.568181818,137,,,23670,2280
cb,44.913,-110.3201,1912.6,2001,te,1,3,137,50.70186,90.8,9.2,93.10344828,6.896551724,0,137,,,23670,2280
cb,44.913,-110.3201,1912.6,2001,te,1,4,137,50.70186,94.25,5.75,91.95402299,8.045977011,0,137,,,23670,2280
cb,44.913,-110.3201,1912.6,2001,te,1,5,137,138.70164,95.38,4.62,90.33613445,9.663865546,0,137,,,23670,2280
cb,44.913,-110.3201,1912.6,2001,te,2,1,167,71.09916,89.34,10.66,84.42622951,7.37704918,7.575757576,167,,,23670,2280
cb,44.913,-110.3201,1912.6,2001,te,2,2,167,60.60912,84.62,15.38,82.69230769,17.30769231,0,167,,,23670,2280
cb,44.913,-110.3201,1912.6,2001,te,2,3,167,119.4699,89.76,10.24,94.14634146,5.853658537,0,167,,,23670,2280
cb,44.913,-110.3201,1912.6,2001,te,2,4,167,55.94688,89.58,10.42,88.54166667,11.45833333,0,167,,,23670,2280
cb,44.913,-110.3201,1912.6,2001,te,2,5,167,60.02634,96.12,3.88,92.23300971,7.766990291,0,167,,,23670,2280
cb,44.913,-110.3201,1912.6,2001,te,2,6,167,134.62218,90.04,9.96,89.61038961,10.38961039,0,167,,,23670,2280
cb,44.913,-110.3201,1912.6,2001,te,3,1,197,62.35746,72.9,27.1,,,,197,,,23670,2280
cb,44.913,-110.3201,1912.6,2001,te,3,2,197,70.51638,67.77,32.23,,,,197,,,23670,2280
cb,44.913,-110.3201,1912.6,2001,te,3,3,197,127.04604,67.89,32.11,,,,197,,,23670,2280
cb,44.913,-110.3201,1912.6,2001,te,3,4,197,96.74148,79.52,20.48,,,,197,,,23670,2280
cb,44.913,-110.3201,1912.6,2001,te,3,5,197,47.78796,78.05,21.95,,,,197,,,23670,2280
cb,44.913,-110.3201,1912.6,2001,te,3,6,197,126.46326,79.26,20.74,,,,197,,,23670,2280
cb,44.913,-110.3201,1912.6,2001,te,4,1,226,60.02634,22.33,77.67,,,,226,,,23670,2280
cb,44.913,-110.3201,1912.6,2001,te,4,2,226,72.8475,32,68,,,,226,,,23670,2280
cb,44.913,-110.3201,1912.6,2001,te,4,3,226,72.8475,27.2,72.8,,,,226,,,23670,2280
cb,44.913,-110.3201,1912.6,2001,te,4,4,226,65.27136,29.46,70.54,,,,226,,,23670,2280
cb,44.913,-110.3201,1912.6,2001,te,4,5,226,53.61576,28.26,71.74,,,,226,,,23670,2280
cb,44.913,-110.3201,1912.6,2001,te,4,6,226,62.35746,29.91,70.09,,,,226,,,23670,2280
cb,44.913,-110.3201,1912.6,2001,te,5,1,253,37.8807,18.46,81.54,,,,253,,,23670,2280
cb,44.913,-110.3201,1912.6,2001,te,5,2,253,47.78796,0,100,,,,253,,,23670,2280
cb,44.913,-110.3201,1912.6,2001,te,5,3,253,42.54294,12.33,87.67,,,,253,,,23670,2280
cb,44.913,-110.3201,1912.6,2001,te,5,4,253,30.88734,0,100,,,,253,,,23670,2280
cb,44.913,-110.3201,1912.6,2001,te,5,5,253,44.29128,2.63,97.37,,,,253,,,23670,2280
cb,44.913,-110.3201,1912.6,2001,te,5,6,253,66.43692,3.51,96.49,,,,253,,,23670,2280
cb,44.913,-110.3201,1912.6,2012,te,1,1,123,65.27136,86.61,13.39,91.96428571,8.035714286,0,159,32097,,30000,3000
cb,44.913,-110.3201,1912.6,2012,te,1,2,123,62.35746,65.42,34.58,90.65420561,9.345794393,0,159,32097,,30000,3000
cb,44.913,-110.3201,1912.6,2012,te,1,3,123,51.86742,76.4,23.6,97.75280899,1.123595506,1.111111111,159,32097,,30000,3000
cb,44.913,-110.3201,1912.6,2012,te,1,4,123,62.94024,91.67,8.33,95.37037037,4.62962963,0,159,32097,,30000,3000
cb,44.913,-110.3201,1912.6,2012,te,1,5,123,35.54958,98.36,1.64,78.68852459,21.31147541,0,159,32097,,30000,3000
cb,44.913,-110.3201,1912.6,2012,te,1,6,123,60.60912,92.31,7.69,82.69230769,17.30769231,0,159,32097,,30000,3000
cb,44.913,-110.3201,1912.6,2012,te,2,1,156,62.35746,81.31,18.69,91.58878505,8.411214953,0,,,,30000,3000
cb,44.913,-110.3201,1912.6,2012,te,2,2,156,58.278,82,18,92,6,1.960784314,,,,30000,3000
cb,44.913,-110.3201,1912.6,2012,te,2,3,156,68.18526,92.31,7.69,88.03418803,10.25641026,1.680672269,,,,30000,3000
cb,44.913,-110.3201,1912.6,2012,te,2,4,156,48.37074,90.36,9.64,75.90361446,24.09638554,0,,,,30000,3000
cb,44.913,-110.3201,1912.6,2012,te,2,5,156,55.94688,80.21,19.79,62.5,32.29166667,4.95049505,,,,30000,3000
cb,44.913,-110.3201,1912.6,2012,te,2,6,156,50.11908,89.53,10.47,73.25581395,26.74418605,0,,,,30000,3000
cb,44.913,-110.3201,1912.6,2012,te,3,1,184,72.26472,49.19,50.81,95.16129032,4.838709677,0,,,,30000,3000
cb,44.913,-110.3201,1912.6,2012,te,3,2,184,49.5363,51.76,48.24,95.29411765,4.705882353,0,,,,30000,3000
cb,44.913,-110.3201,1912.6,2012,te,3,3,184,59.44356,46.08,53.92,89.21568627,10.78431373,0,,,,30000,3000
cb,44.913,-110.3201,1912.6,2012,te,3,4,184,44.87406,48.05,51.95,77.92207792,22.07792208,0,,,,30000,3000
cb,44.913,-110.3201,1912.6,2012,te,3,5,184,54.78132,45.74,54.26,85.10638298,14.89361702,0,,,,30000,3000
cb,44.913,-110.3201,1912.6,2012,te,3,6,184,50.11908,33.72,66.28,88.37209302,11.62790698,0,,,,30000,3000
cb,44.913,-110.3201,1912.6,2012,te,4,1,212,89.16534,24.84,75.16,83.00653595,0,14.52513966,,,,30000,3000
cb,44.913,-110.3201,1912.6,2012,te,4,2,212,47.20518,37.04,62.96,92.59259259,7.407407407,0,,,,30000,3000
cb,44.913,-110.3201,1912.6,2012,te,4,3,212,77.50974,39.1,60.9,94.73684211,3.759398496,1.481481481,,,,30000,3000
cb,44.913,-110.3201,1912.6,2012,te,4,4,212,67.60248,28.45,71.55,98.27586207,0,1.694915254,,,,30000,3000
cb,44.913,-110.3201,1912.6,2012,te,4,5,212,46.03962,27.85,72.15,89.87341772,10.12658228,0,,,,30000,3000
cb,44.913,-110.3201,1912.6,2012,te,4,6,212,39.04626,49.25,50.75,74.62686567,13.43283582,10.66666667,,,,30000,3000
cb,44.913,-110.3201,1912.6,2012,te,5,1,239,39.62904,10.29,89.71,83.82352941,11.76470588,4.225352113,,,,30000,3000
cb,44.913,-110.3201,1912.6,2012,te,5,2,239,48.37074,7.23,92.77,74.69879518,8.43373494,14.43298969,,,,30000,3000
cb,44.913,-110.3201,1912.6,2012,te,5,3,239,68.18526,8.55,91.45,85.47008547,11.96581197,2.5,,,,30000,3000
cb,44.913,-110.3201,1912.6,2012,te,5,4,239,52.4502,22.22,77.78,78.88888889,12.22222222,8.163265306,,,,30000,3000
cb,44.913,-110.3201,1912.6,2012,te,5,5,239,58.86078,18.81,81.19,91.08910891,7.920792079,0.980392157,,,,30000,3000
cb,44.913,-110.3201,1912.6,2012,te,5,6,239,53.61576,17.39,82.61,97.82608696,2.173913043,0,,,,30000,3000
cb,44.913,-110.3201,1912.6,2012,te,6,1,267,46.6224,20,80,83.75,16.25,0,,,,30000,3000
cb,44.913,-110.3201,1912.6,2012,te,6,2,267,55.94688,3.13,96.88,89.58333333,4.166666667,5.882352941,,,,30000,3000
cb,44.913,-110.3201,1912.6,2012,te,6,3,267,56.52966,19.59,80.41,94.84536082,1.030927835,3.96039604,,,,30000,3000
cb,44.913,-110.3201,1912.6,2012,te,6,4,267,37.29792,4.69,95.31,71.875,28.125,0,,,,30000,3000
cb,44.913,-110.3201,1912.6,2012,te,6,5,267,46.03962,20.25,79.75,86.07594937,6.329113924,7.058823529,,,,30000,3000
cb,44.913,-110.3201,1912.6,2012,te,6,6,267,29.139,6,94,82,18,0,,,,30000,3000
cb,44.913,-110.3201,1912.6,2013,te,1,1,118,11.6556,100,0,80,20,0,,,,30000,3000
cb,44.913,-110.3201,1912.6,2013,te,1,2,118,14.5695,100,0,88,12,0,,,,30000,3000
cb,44.913,-110.3201,1912.6,2013,te,1,3,118,13.40394,95.65,4.35,95.65217391,4.347826087,0,,,,30000,3000
cb,44.913,-110.3201,1912.6,2013,te,1,4,118,11.6556,100,0,100,0,0,,,,30000,3000
cb,44.913,-110.3201,1912.6,2013,te,1,5,118,18.06618,93.55,6.45,100,0,0,,,,30000,3000
cb,44.913,-110.3201,1912.6,2013,te,1,6,118,13.98672,95.83,4.17,100,0,0,,,,30000,3000
cb,44.913,-110.3201,1912.6,2013,te,2,1,128,39.62904,91.18,8.82,73.52941176,25,1.449275362,,,,30000,3000
cb,44.913,-110.3201,1912.6,2013,te,2,2,128,32.0529,89.09,10.91,83.63636364,16.36363636,0,,,,30000,3000
cb,44.913,-110.3201,1912.6,2013,te,2,3,128,16.31784,78.57,21.43,89.28571429,10.71428571,0,,,,30000,3000
cb,44.913,-110.3201,1912.6,2013,te,2,4,128,48.37074,79.52,20.48,95.18072289,4.819277108,0,,,,30000,3000
cb,44.913,-110.3201,1912.6,2013,te,2,5,128,40.21182,82.61,17.39,78.26086957,21.73913043,0,,,,30000,3000
cb,44.913,-110.3201,1912.6,2013,te,2,6,128,34.38402,91.53,8.47,93.22033898,6.779661017,0,,,,30000,3000
cb,44.913,-110.3201,1912.6,2013,te,3,1,154,121.80102,98.09,1.91,97.1291866,2.870813397,0,,,,30000,3000
cb,44.913,-110.3201,1912.6,2013,te,3,2,154,74.59584,94.53,5.47,85.9375,14.0625,0,,,,30000,3000
cb,44.913,-110.3201,1912.6,2013,te,3,3,154,62.35746,91.59,8.41,81.30841121,18.69158879,0,,,,30000,3000
cb,44.913,-110.3201,1912.6,2013,te,3,4,154,85.66866,95.92,4.08,84.3537415,15.6462585,0,,,,30000,3000
cb,44.913,-110.3201,1912.6,2013,te,3,5,154,48.37074,95.18,4.82,85.54216867,14.45783133,0,,,,30000,3000
cb,44.913,-110.3201,1912.6,2013,te,3,6,154,76.92696,98.48,1.52,90.15151515,6.818181818,2.941176471,,,,30000,3000
cb,44.913,-110.3201,1912.6,2013,te,4,1,182,44.29128,53.95,46.05,85.52631579,14.47368421,0,,,,30000,3000
cb,44.913,-110.3201,1912.6,2013,te,4,2,182,55.3641,50.53,49.47,91.57894737,5.263157895,3.06122449,,,,30000,3000
cb,44.913,-110.3201,1912.6,2013,te,4,3,182,33.80124,36.21,63.79,84.48275862,15.51724138,0,,,,30000,3000
cb,44.913,-110.3201,1912.6,2013,te,4,4,182,58.86078,47.52,52.48,96.03960396,1.98019802,1.941747573,,,,30000,3000
cb,44.913,-110.3201,1912.6,2013,te,4,5,182,34.38402,42.37,57.63,100,0,0,,,,30000,3000
cb,44.913,-110.3201,1912.6,2013,te,4,6,182,40.21182,55.07,44.93,100,0,0,,,,30000,3000
cb,44.913,-110.3201,1912.6,2013,te,5,1,210,51.28464,30.68,69.32,97.72727273,1.136363636,1.123595506,,,,30000,3000
cb,44.913,-110.3201,1912.6,2013,te,5,2,210,34.9668,21.67,78.33,43.33333333,56.66666667,0,,,,30000,3000
cb,44.913,-110.3201,1912.6,2013,te,5,3,210,33.21846,21.05,78.95,85.96491228,8.771929825,5,,,,30000,3000
cb,44.913,-110.3201,1912.6,2013,te,5,4,210,31.47012,40.74,59.26,74.07407407,25.92592593,0,,,,30000,3000
cb,44.913,-110.3201,1912.6,2013,te,5,5,210,37.29792,29.69,70.31,73.4375,26.5625,0,,,,30000,3000
cb,44.913,-110.3201,1912.6,2013,te,5,6,210,31.47012,24.07,75.93,83.33333333,7.407407407,8.474576271,,,,30000,3000
cb,44.913,-110.3201,1912.6,2013,te,6,1,238,39.04626,34.33,65.67,89.55223881,5.970149254,4.285714286,,,,30000,3000
cb,44.913,-110.3201,1912.6,2013,te,6,2,238,27.97344,20.83,79.17,87.5,12.5,0,,,,30000,3000
cb,44.913,-110.3201,1912.6,2013,te,6,3,238,23.3112,15,85,92.5,0,6.976744186,,,,30000,3000
cb,44.913,-110.3201,1912.6,2013,te,6,4,238,18.64896,28.13,71.88,65.625,34.375,0,,,,30000,3000
cb,44.913,-110.3201,1912.6,2013,te,6,5,238,41.96016,16.67,83.33,100,0,0,,,,30000,3000
cb,44.913,-110.3201,1912.6,2013,te,7,1,267,27.39066,55.32,44.68,74.46808511,25.53191489,0,,,,30000,3000
cb,44.913,-110.3201,1912.6,2013,te,7,2,267,22.72842,43.59,56.41,87.17948718,10.25641026,2.5,,,,30000,3000
cb,44.913,-110.3201,1912.6,2013,te,7,3,267,43.7085,53.33,46.67,92,8,0,,,,30000,3000
cb,44.913,-110.3201,1912.6,2013,te,7,4,267,33.21846,61.4,38.6,71.92982456,28.07017544,0,,,,30000,3000
cb,44.913,-110.3201,1912.6,2013,te,7,5,267,52.4502,51.11,48.89,96.66666667,3.333333333,0,,,,30000,3000
cb,44.913,-110.3201,1912.6,2013,te,7,6,267,41.96016,43.06,56.94,90.27777778,5.555555556,4,,,,30000,3000
cb,44.913,-110.3201,1912.6,2014,te,1,1,149,46.6224,96.25,3.75,86.25,13.75,0,,,,30000,3000
cb,44.913,-110.3201,1912.6,2014,te,1,2,149,65.27136,91.07,8.93,91.96428571,8.035714286,0,,,,30000,3000
cb,44.913,-110.3201,1912.6,2014,te,1,3,149,76.34418,83.97,16.03,83.96946565,16.03053435,0,,,,30000,3000
cb,44.913,-110.3201,1912.6,2014,te,1,4,149,51.86742,79.78,20.22,98.87640449,1.123595506,0,,,,30000,3000
cb,44.913,-110.3201,1912.6,2014,te,1,5,149,62.35746,88.79,11.21,73.8317757,26.1682243,0,,,,30000,3000
cb,44.913,-110.3201,1912.6,2014,te,1,6,149,71.09916,81.97,18.03,89.3442623,10.6557377,0,,,,30000,3000
cb,44.913,-110.3201,1912.6,2014,te,2,1,175,62.94024,86.11,13.89,85.18518519,14.81481481,0,,,,30000,3000
cb,44.913,-110.3201,1912.6,2014,te,2,2,175,61.1919,92.38,7.62,87.61904762,12.38095238,0,,,,30000,3000
cb,44.913,-110.3201,1912.6,2014,te,2,3,175,41.96016,91.67,8.33,76.38888889,23.61111111,0,,,,30000,3000
cb,44.913,-110.3201,1912.6,2014,te,2,4,175,40.7946,67.14,32.86,97.14285714,2.857142857,0,,,,30000,3000
cb,44.913,-110.3201,1912.6,2014,te,2,5,175,41.96016,86.11,13.89,84.72222222,15.27777778,0,,,,30000,3000
cb,44.913,-110.3201,1912.6,2014,te,2,6,175,60.02634,87.38,12.62,96.11650485,3.883495146,0,,,,30000,3000
cb,44.913,-110.3201,1912.6,2014,te,3,1,204,35.54958,37.7,62.3,95.08196721,3.278688525,1.612903226,,,,30000,3000
cb,44.913,-110.3201,1912.6,2014,te,3,2,204,45.45684,33.33,66.67,98.71794872,1.282051282,0,,,,30000,3000
cb,44.913,-110.3201,1912.6,2014,te,3,3,204,50.11908,44.19,55.81,82.55813953,17.44186047,0,,,,30000,3000
cb,44.913,-110.3201,1912.6,2014,te,3,4,204,42.54294,45.21,54.79,79.45205479,9.589041096,9.87654321,,,,30000,3000
cb,44.913,-110.3201,1912.6,2014,te,3,5,204,53.61576,41.3,58.7,85.86956522,14.13043478,0,,,,30000,3000
cb,44.913,-110.3201,1912.6,2014,te,3,6,204,29.139,22,78,80,20,0,,,,30000,3000
cb,44.913,-110.3201,1912.6,2014,te,4,1,233,71.68194,45.53,54.47,95.12195122,0.81300813,3.90625,,,,30000,3000
cb,44.913,-110.3201,1912.6,2014,te,4,2,233,77.50974,34.59,65.41,87.96992481,12.03007519,0,,,,30000,3000
cb,44.913,-110.3201,1912.6,2014,te,4,3,233,37.8807,38.46,61.54,87.69230769,0,10.95890411,,,,30000,3000
cb,44.913,-110.3201,1912.6,2014,te,4,4,233,35.54958,47.54,52.46,68.85245902,8.196721311,18.66666667,,,,30000,3000
cb,44.913,-110.3201,1912.6,2014,te,4,5,233,45.45684,30.77,69.23,98.71794872,1.282051282,0,,,,30000,3000
cb,44.913,-110.3201,1912.6,2014,te,4,6,233,34.38402,47.46,52.54,89.83050847,0,9.230769231,,,,30000,3000
cb,44.913,-110.3201,1912.6,2014,te,5,1,259,53.03298,42.86,57.14,98.9010989,1.098901099,0,,,,30000,3000
cb,44.913,-110.3201,1912.6,2014,te,5,2,259,62.94024,71.3,28.7,93.51851852,6.481481481,0,,,,30000,3000
cb,44.913,-110.3201,1912.6,2014,te,5,3,259,68.18526,50.43,49.57,96.58119658,0.854700855,2.5,,,,30000,3000
cb,44.913,-110.3201,1912.6,2014,te,5,4,259,61.1919,42.86,57.14,83.80952381,15.23809524,0.943396226,,,,30000,3000
cb,44.913,-110.3201,1912.6,2014,te,5,5,259,49.5363,52.94,47.06,85.88235294,8.235294118,5.555555556,,,,30000,3000
cb,44.913,-110.3201,1912.6,2014,te,5,6,259,51.28464,56.82,43.18,63.63636364,30.68181818,5.376344086,,,,30000,3000
forest,44.798,-110.0901,1912.6,1988,te,4,1,278,255.70218,0,100,96.28975265,0.530035336,3.082191781,,,,44202.19007,2000
forest,44.798,-110.0901,1912.6,1988,te,4,2,278,232.5033,0,100,98.83495146,1.165048544,0,,,,44202.19007,2000
forest,44.798,-110.0901,1912.6,1988,te,4,3,278,151.07978,0,100,90.17857143,2.678571429,6.666666667,,,,44202.19007,2000
forest,44.798,-110.0901,1912.6,1988,te,4,4,278,116.96378,2.3,97.7,97.70114943,2.298850575,0,,,,44202.19007,2000
forest,44.798,-110.0901,1912.6,1988,te,4,5,278,103.31738,1.3,98.7,97.4025974,2.597402597,0,,,,44202.19007,2000
forest,44.798,-110.0901,1912.6,1988,te,4,6,278,102.8625,1.3,98.7,86.95652174,1.304347826,10.50583658,,,,44202.19007,2000
gh,44.895,-110.9045,1890.7,1999,te,1,1,190,165.87,94.85,5.15,91.40893471,8.591065292,0,190,,,55890,4532
gh,44.895,-110.9045,1890.7,1999,te,1,2,190,165.3,96.21,3.79,54.82758621,45.17241379,0,190,,,55890,4532
gh,44.895,-110.9045,1890.7,1999,te,1,3,190,72.39,97.64,2.36,72.44094488,27.55905512,0,190,,,55890,4532
gh,44.895,-110.9045,1890.7,1999,te,1,4,190,94.62,95.18,4.82,59.03614458,40.96385542,0,190,,,55890,4532
gh,44.895,-110.9045,1890.7,1999,te,1,5,190,131.67,99.13,0.87,88.31168831,11.68831169,0,190,,,55890,4532
gh,44.895,-110.9045,1890.7,1999,te,2,1,221,96.33,52.07,47.93,44.9704142,55.0295858,0,221,,,55890,4532
gh,44.895,-110.9045,1890.7,1999,te,2,2,221,82.65,91.72,8.28,70.34482759,29.65517241,0,221,,,55890,4532
gh,44.895,-110.9045,1890.7,1999,te,2,3,221,103.74,75.82,24.18,85.16483516,14.83516484,0,221,,,55890,4532
gh,44.895,-110.9045,1890.7,1999,te,2,4,221,98.61,74.57,25.43,68.78612717,31.21387283,0,221,,,55890,4532
gh,44.895,-110.9045,1890.7,1999,te,2,5,221,80.94,52.11,47.89,74.64788732,25.35211268,0,221,,,55890,4532
gh,44.895,-110.9045,1890.7,1999,te,3,1,251,85.5,46.67,53.33,95.4248366,4.575163399,0,251,,,55890,4532
gh,44.895,-110.9045,1890.7,1999,te,3,2,251,112.86,59.6,40.4,91.17647059,8.823529412,0,251,,,55890,4532
gh,44.895,-110.9045,1890.7,1999,te,3,3,251,99.75,54.86,45.14,92,8,0,251,,,55890,4532
gh,44.895,-110.9045,1890.7,1999,te,3,4,251,102.03,51.96,48.04,48.76847291,51.23152709,0,251,,,55890,4532
gh,44.895,-110.9045,1890.7,1999,te,3,5,251,98.04,87.21,12.79,92.44186047,7.558139535,0,251,,,55890,4532
gh,44.895,-110.9045,1890.7,2000,te,1,1,151,68.4,100,0,66.66666667,33.33333333,0,151,,,55890,4532
gh,44.895,-110.9045,1890.7,2000,te,1,2,151,67.83,99.16,0.84,63.86554622,36.13445378,0,151,,,55890,4532
gh,44.895,-110.9045,1890.7,2000,te,1,3,151,91.77,99.38,0.62,80.74534161,19.25465839,0,151,,,55890,4532
gh,44.895,-110.9045,1890.7,2000,te,1,4,151,57.57,100,0,53.46534653,46.53465347,0,151,,,55890,4532
gh,44.895,-110.9045,1890.7,2000,te,1,5,151,72.96,99.22,0.78,91.40625,8.59375,0,151,,,55890,4532
gh,44.895,-110.9045,1890.7,2000,te,2,1,181,107.16,100,0,77.12765957,22.34042553,0.529100529,181,,,55890,4532
gh,44.895,-110.9045,1890.7,2000,te,2,2,181,105.45,99.46,0.54,74.05405405,25.94594595,0,181,,,55890,4532
gh,44.895,-110.9045,1890.7,2000,te,2,3,181,144.78,96.06,3.94,47.24409449,46.06299213,6.273062731,181,,,55890,4532
gh,44.895,-110.9045,1890.7,2000,te,2,4,181,119.13,97.13,2.87,65.07177033,34.92822967,0,181,,,55890,4532
gh,44.895,-110.9045,1890.7,2000,te,2,5,181,91.2,99.38,0.63,78.125,21.875,0,181,,,55890,4532
gh,44.895,-110.9045,1890.7,2000,te,3,1,206,72.96,90.63,9.38,63.28125,36.71875,0,206,,,55890,4532
gh,44.895,-110.9045,1890.7,2000,te,3,2,206,83.22,63.7,36.3,77.39726027,22.60273973,0,206,,,55890,4532
gh,44.895,-110.9045,1890.7,2000,te,3,3,206,92.91,70.55,29.45,59.50920245,40.49079755,0,206,,,55890,4532
gh,44.895,-110.9045,1890.7,2000,te,3,4,206,131.1,81.74,18.26,72.60869565,27.39130435,0,206,,,55890,4532
gh,44.895,-110.9045,1890.7,2000,te,3,5,206,124.83,75.8,24.2,73.05936073,26.94063927,0,206,,,55890,4532
gh,44.895,-110.9045,1890.7,2000,te,4,1,242,123.69,27.19,72.81,77.88018433,22.11981567,0,242,,,55890,4532
gh,44.895,-110.9045,1890.7,2000,te,4,2,242,68.97,51.24,48.76,79.33884298,20.66115702,0,242,,,55890,4532
gh,44.895,-110.9045,1890.7,2000,te,4,3,242,92.34,46.91,53.09,87.65432099,12.34567901,0,242,,,55890,4532
gh,44.895,-110.9045,1890.7,2000,te,4,4,242,110.58,71.13,28.87,87.11340206,12.88659794,0,242,,,55890,4532
gh,44.895,-110.9045,1890.7,2000,te,4,5,242,96.33,65.68,34.32,91.12426036,8.875739645,0,242,,,55890,4532
gh,44.895,-110.9045,1890.7,2000,te,5,1,269,86.64,46.71,53.29,76.97368421,23.02631579,0,269,,,55890,4532
gh,44.895,-110.9045,1890.7,2000,te,5,2,269,116.28,26.96,73.04,75,25,0,269,,,55890,4532
gh,44.895,-110.9045,1890.7,2000,te,5,3,269,98.61,40.46,59.54,84.97109827,15.02890173,0,269,,,55890,4532
gh,44.895,-110.9045,1890.7,2000,te,5,4,269,106.02,43.55,56.45,86.55913978,13.44086022,0,269,,,55890,4532
gh,44.895,-110.9045,1890.7,2000,te,5,5,269,100.89,51.41,48.59,90.39548023,9.604519774,0,269,,,55890,4532
gh,44.895,-110.9045,1890.7,2000,te,6,1,293,78.66,9.42,90.58,76.8115942,22.46376812,0.71942446,293,,,55890,4532
gh,44.895,-110.9045,1890.7,2000,te,6,2,293,63.84,3.57,96.43,84.82142857,15.17857143,0,293,,,55890,4532
gh,44.895,-110.9045,1890.7,2000,te,6,3,293,65.55,17.39,82.61,92.17391304,7.826086957,0,293,,,55890,4532
gh,44.895,-110.9045,1890.7,2000,te,6,4,293,99.75,12.57,87.43,89.14285714,10.85714286,0,293,,,55890,4532
gh,44.895,-110.9045,1890.7,2001,te,1,1,152,68.4,94.17,5.83,87.5,12.5,0,152,,,55890,4532
gh,44.895,-110.9045,1890.7,2001,te,1,2,152,154.47,98.52,1.48,59.77859779,40.22140221,0,152,,,55890,4532
gh,44.895,-110.9045,1890.7,2001,te,1,3,152,108.87,94.76,5.24,79.58115183,20.41884817,0,152,,,55890,4532
gh,44.895,-110.9045,1890.7,2001,te,1,4,152,88.92,98.72,1.28,80.76923077,19.23076923,0,152,,,55890,4532
gh,44.895,-110.9045,1890.7,2001,te,1,5,152,104.31,99.45,0.55,51.36612022,48.63387978,0,152,,,55890,4532
gh,44.895,-110.9045,1890.7,2001,te,2,1,184,137.37,91.7,8.3,72.61410788,27.38589212,0,184,,,55890,4532
gh,44.895,-110.9045,1890.7,2001,te,2,2,184,105.45,91.89,8.11,88.10810811,11.89189189,0,184,,,55890,4532
gh,44.895,-110.9045,1890.7,2001,te,2,3,184,180.69,95.9,4.1,73.50157729,26.49842271,0,184,,,55890,4532
gh,44.895,-110.9045,1890.7,2001,te,2,4,184,298.11,95.03,4.97,78.77629063,21.22370937,0,184,,,55890,4532
gh,44.895,-110.9045,1890.7,2001,te,2,5,184,176.7,89.35,10.65,71.61290323,28.38709677,0,184,,,55890,4532
gh,44.895,-110.9045,1890.7,2001,te,3,1,219,84.93,53.02,46.98,,,,219,,,55890,4532
gh,44.895,-110.9045,1890.7,2001,te,3,2,219,148.2,75.77,24.23,,,,219,,,55890,4532
gh,44.895,-110.9045,1890.7,2001,te,3,3,219,161.31,40.99,59.01,,,,219,,,55890,4532
gh,44.895,-110.9045,1890.7,2001,te,3,4,219,168.72,60.14,39.86,,,,219,,,55890,4532
gh,44.895,-110.9045,1890.7,2001,te,3,5,219,130.53,37.12,62.88,,,,219,,,55890,4532
gh,44.895,-110.9045,1890.7,2001,te,4,1,247,101.46,23.6,76.4,,,,247,,,55890,4532
gh,44.895,-110.9045,1890.7,2001,te,4,2,247,114.57,21.39,78.61,,,,247,,,55890,4532
gh,44.895,-110.9045,1890.7,2001,te,4,3,247,91.2,34.38,65.63,,,,247,,,55890,4532
gh,44.895,-110.9045,1890.7,2001,te,4,4,247,129.39,23.79,76.21,,,,247,,,55890,4532
gh,44.895,-110.9045,1890.7,2001,te,4,5,247,111.15,16.92,83.08,,,,247,,,55890,4532
gh,44.895,-110.9045,1890.7,2001,te,5,1,263,107.16,18.09,81.91,,,,263,,,55890,4532
gh,44.895,-110.9045,1890.7,2001,te,5,2,263,250.23,43.96,56.04,,,,263,,,55890,4532
gh,44.895,-110.9045,1890.7,2001,te,5,3,263,145.35,24.71,75.29,,,,263,,,55890,4532
gh,44.895,-110.9045,1890.7,2001,te,5,4,263,140.22,23.58,76.42,,,,263,,,55890,4532
gh,44.895,-110.9045,1890.7,2001,te,5,5,263,133.38,17.52,82.48,,,,263,,,55890,4532
hv,44.632,-110.4513,2372,1999,te,1,1,201,167.915,97.21,2.79,80.93023256,19.06976744,0,201,,,54800,4580
hv,44.632,-110.4513,2372,1999,te,1,2,201,159.324,98.53,1.47,87.74509804,12.25490196,0,201,,,54800,4580
hv,44.632,-110.4513,2372,1999,te,1,3,201,226.49,96.9,3.1,81.72413793,18.27586207,0,201,,,54800,4580
hv,44.632,-110.4513,2372,1999,te,1,4,201,186.659,97.07,2.93,75.31380753,24.68619247,0,201,,,54800,4580
hv,44.632,-110.4513,2372,1999,te,2,1,230,203.841,89.66,10.34,91.18773946,8.812260536,0,230,,,54800,4580
hv,44.632,-110.4513,2372,1999,te,2,2,230,152.295,88.72,11.28,93.33333333,6.666666667,0,230,,,54800,4580
hv,44.632,-110.4513,2372,1999,te,2,3,230,166.353,86.38,13.62,94.83568075,5.164319249,0,230,,,54800,4580
hv,44.632,-110.4513,2372,1999,te,2,4,230,160.105,84.39,15.61,86.82926829,13.17073171,0,230,,,54800,4580
hv,44.632,-110.4513,2372,1999,te,2,5,230,165.572,95.75,4.25,93.39622642,6.603773585,0,230,,,54800,4580
hv,44.632,-110.4513,2372,1999,te,3,1,258,181.192,79.74,20.26,90.0862069,9.913793103,0,258,,,54800,4580
hv,44.632,-110.4513,2372,1999,te,3,2,258,183.535,80.43,19.57,97.0212766,2.978723404,0,258,,,54800,4580
hv,44.632,-110.4513,2372,1999,te,3,3,258,176.506,64.6,35.4,98.2300885,1.769911504,0,258,,,54800,4580
hv,44.632,-110.4513,2372,1999,te,3,4,258,126.522,62.96,37.04,91.35802469,8.641975309,0,258,,,54800,4580
hv,44.632,-110.4513,2372,1999,te,3,5,258,117.15,52.67,47.33,97.33333333,2.666666667,0,258,,,54800,4580
hv,44.632,-110.4513,2372,2000,te,1,1,173,176.506,100,0,84.51327434,15.48672566,0,173,,,54800,4580
hv,44.632,-110.4513,2372,2000,te,1,2,173,250.701,97.51,2.49,76.9470405,23.0529595,0,173,,,54800,4580
hv,44.632,-110.4513,2372,2000,te,1,3,173,238.205,98.36,1.64,86.55737705,13.44262295,0,173,,,54800,4580
hv,44.632,-110.4513,2372,2000,te,1,4,173,212.432,96.69,3.31,73.16176471,26.83823529,0,173,,,54800,4580
hv,44.632,-110.4513,2372,2000,te,1,5,173,177.287,99.12,0.88,72.24669604,27.75330396,0,173,,,54800,4580
hv,44.632,-110.4513,2372,2000,te,2,1,200,226.49,98.62,1.38,82.75862069,17.24137931,0,200,,,54800,4580
hv,44.632,-110.4513,2372,2000,te,2,2,200,254.606,94.48,5.52,86.50306748,13.49693252,0,200,,,54800,4580
hv,44.632,-110.4513,2372,2000,te,2,3,200,214.775,99.64,0.36,90.90909091,9.090909091,0,200,,,54800,4580
hv,44.632,-110.4513,2372,2000,te,2,4,200,270.226,99.71,0.29,82.94797688,17.05202312,0,200,,,54800,4580
hv,44.632,-110.4513,2372,2000,te,3,1,233,123.398,75.95,24.05,93.03797468,6.962025316,0,233,,,54800,4580
hv,44.632,-110.4513,2372,2000,te,3,2,233,142.923,87.98,12.02,93.44262295,6.557377049,0,233,,,54800,4580
hv,44.632,-110.4513,2372,2000,te,3,3,233,208.527,53.93,46.07,92.13483146,7.865168539,0,233,,,54800,4580
hv,44.632,-110.4513,2372,2000,te,3,4,233,210.089,94.05,5.95,88.84758364,11.15241636,0,233,,,54800,4580
hv,44.632,-110.4513,2372,2000,te,3,5,233,174.163,43.05,56.95,89.68609865,10.31390135,0,233,,,54800,4580
hv,44.632,-110.4513,2372,2000,te,4,1,263,156.981,18.41,81.59,97.51243781,2.487562189,0,263,,,54800,4580
hv,44.632,-110.4513,2372,2000,te,4,2,263,221.804,20.07,79.93,96.47887324,3.521126761,0,263,,,54800,4580
hv,44.632,-110.4513,2372,2000,te,4,3,263,167.134,37.85,62.15,93.92523364,6.074766355,0,263,,,54800,4580
hv,44.632,-110.4513,2372,2000,te,4,4,263,146.828,9.04,90.96,95.74468085,4.255319149,0,263,,,54800,4580
hv,44.632,-110.4513,2372,2000,te,4,5,263,157.762,29.7,70.3,91.58415842,8.415841584,0,263,,,54800,4580
hv,44.632,-110.4513,2372,2000,te,5,1,284,132.77,4.71,95.29,95.88235294,4.117647059,0,284,,,54800,4580
hv,44.632,-110.4513,2372,2000,te,5,2,284,118.712,9.87,90.13,97.36842105,2.631578947,0,284,,,54800,4580
hv,44.632,-110.4513,2372,2000,te,5,3,284,156.2,8.5,91.5,93.5,6.5,0,284,,,54800,4580
hv,44.632,-110.4513,2372,2000,te,5,4,284,152.295,7.18,92.82,98.97435897,1.025641026,0,284,,,54800,4580
hv,44.632,-110.4513,2372,2000,te,5,5,284,177.287,6.61,93.39,96.47577093,3.524229075,0,284,,,54800,4580
hv,44.632,-110.4513,2372,2001,te,1,1,177,321.772,97.57,2.43,75.72815534,24.27184466,0,177,,,54800,4580
hv,44.632,-110.4513,2372,2001,te,1,2,177,313.962,98.26,1.74,79.85074627,20.14925373,0,177,,,54800,4580
hv,44.632,-110.4513,2372,2001,te,1,3,177,179.63,98.26,1.74,66.52173913,33.47826087,0,177,,,54800,4580
hv,44.632,-110.4513,2372,2001,te,1,4,177,199.936,97.27,2.73,75.390625,24.609375,0,177,,,54800,4580
hv,44.632,-110.4513,2372,2001,te,1,5,177,226.49,99.66,0.34,78.96551724,21.03448276,0,177,,,54800,4580
hv,44.632,-110.4513,2372,2001,te,2,1,204,247.577,92.11,7.89,86.43533123,13.56466877,0,204,,,54800,4580
hv,44.632,-110.4513,2372,2001,te,2,2,204,313.962,98.26,1.74,80.84577114,19.15422886,0,204,,,54800,4580
hv,44.632,-110.4513,2372,2001,te,2,3,204,299.123,95.56,4.44,75.19582245,24.80417755,0,204,,,54800,4580
hv,44.632,-110.4513,2372,2001,te,2,4,204,253.825,98.46,1.54,76.92307692,23.07692308,0,204,,,54800,4580
hv,44.632,-110.4513,2372,2001,te,2,5,204,299.123,86.16,13.84,83.02872063,16.97127937,0,204,,,54800,4580
hv,44.632,-110.4513,2372,2001,te,3,1,233,224.928,47.22,52.78,,,,233,,,54800,4580
hv,44.632,-110.4513,2372,2001,te,3,2,233,271.788,56.9,43.1,,,,233,,,54800,4580
hv,44.632,-110.4513,2372,2001,te,3,3,233,269.445,65.8,34.2,,,,233,,,54800,4580
hv,44.632,-110.4513,2372,2001,te,3,4,233,140.58,26.67,73.33,,,,233,,,54800,4580
hv,44.632,-110.4513,2372,2001,te,4,1,256,181.192,24.57,75.43,,,,256,,,54800,4580
hv,44.632,-110.4513,2372,2001,te,4,2,256,223.366,31.12,68.88,,,,256,,,54800,4580
hv,44.632,-110.4513,2372,2001,te,4,3,256,242.11,33.87,66.13,,,,256,,,54800,4580
hv,44.632,-110.4513,2372,2001,te,4,4,256,163.229,19.62,80.38,,,,256,,,54800,4580
l1,44.908,-110.2573,1912.6,1988,te,3,1,201,504.93716,99.19,0.81,68.62348178,31.37651822,0,,,,33020,2000
l1,44.908,-110.2573,1912.6,1988,te,3,2,201,514.13642,82.11,17.89,87.07753479,12.92246521,0,,,,33020,2000
l1,44.908,-110.2573,1912.6,1988,te,3,3,201,411.92242,98.51,1.49,84.98759305,15.01240695,0,,,,33020,2000
l1,44.908,-110.2573,1912.6,1988,te,3,4,201,464.05156,87,13,90.74889868,9.251101322,0,,,,33020,2000
l1,44.908,-110.2573,1912.6,1988,te,4,1,229,347.5276,15.88,84.12,92.05882353,7.941176471,0,,,,33020,2000
l1,44.908,-110.2573,1912.6,1988,te,4,2,229,701.18804,33.09,66.91,91.98250729,8.017492711,0,,,,33020,2000
l1,44.908,-110.2573,1912.6,1988,te,4,3,229,340.88369,28.94,71.06,97.30134933,2.698650675,0,,,,33020,2000
l1,44.908,-110.2573,1912.6,1988,te,4,4,229,364.90398,41.46,58.54,95.37815126,4.621848739,0,,,,33020,2000
l1,44.908,-110.2573,1912.6,1989,te,1,1,143,124.70108,100,0,87.04318937,12.95681063,0,,,,33030,2000
l1,44.908,-110.2573,1912.6,1989,te,1,2,143,93.52581,100,0,64.19753086,35.80246914,0,,,,33030,2000
l1,44.908,-110.2573,1912.6,1989,te,1,3,143,142.58853,100,0,90.25522042,9.744779582,0,,,,33030,2000
l1,44.908,-110.2573,1912.6,1989,te,1,4,143,158.94277,100,0,77.62430939,22.37569061,0,,,,33030,2000
l1,44.908,-110.2573,1912.6,1989,te,1,5,143,181.42985,100,0,93.47826087,6.52173913,0,,,,33030,2000
l1,44.908,-110.2573,1912.6,1989,te,1,6,143,111.41326,100,0,82.58928571,17.41071429,0,,,,33030,2000
l1,44.908,-110.2573,1912.6,1989,te,5,1,254,359.79328,27.84,72.16,90.7079646,9.292035398,0,,,,33030,2000
l1,44.908,-110.2573,1912.6,1989,te,5,2,254,302.55344,33.78,66.22,95.6097561,4.390243902,0,,,,33030,2000
l1,44.908,-110.2573,1912.6,1989,te,5,3,254,264.73426,22.39,77.61,92.15686275,7.843137255,0,,,,33030,2000
l1,44.908,-110.2573,1912.6,1989,te,5,4,254,282.11064,41.3,58.7,93.56725146,6.432748538,0,,,,33030,2000
l2,44.908,-110.2573,1912.6,1988,te,3,1,200,248.13984,69.77,30.23,100,0,0,,,,77590,5000
l2,44.908,-110.2573,1912.6,1988,te,3,2,200,248.13984,84.46,15.54,100,0,0,,,,77590,5000
l2,44.908,-110.2573,1912.6,1988,te,3,3,200,96.73248,46.38,53.62,97.82608696,2.173913043,0,,,,77590,5000
l2,44.908,-110.2573,1912.6,1988,te,3,4,200,112.1536,57.5,42.5,54.10447761,45.89552239,0,,,,77590,5000
l2,44.908,-110.2573,1912.6,1988,te,3,5,200,209.58704,90.3,9.7,98.66220736,1.337792642,0,,,,77590,5000
l2,44.908,-110.2573,1912.6,1988,te,3,6,200,203.2784,94.48,5.52,82.75862069,17.24137931,0,,,,77590,5000
l2,44.908,-110.2573,1912.6,1988,te,4,1,228,149.30448,3.29,96.71,100,0,0,,,,77590,5000
l2,44.908,-110.2573,1912.6,1988,te,4,2,228,191.36208,23.08,76.92,98.9010989,1.098901099,0,,,,77590,5000
l2,44.908,-110.2573,1912.6,1988,te,4,3,228,85.51712,23.77,76.23,100,0,0,,,,77590,5000
l2,44.908,-110.2573,1912.6,1988,te,4,4,228,182.95056,2.68,97.32,100,0,0,,,,77590,5000
l2,44.908,-110.2573,1912.6,1988,te,4,5,228,225.00816,43.93,56.07,99.68847352,0.31152648,0,,,,77590,5000
l2,44.908,-110.2573,1912.6,1988,te,4,6,228,168.2304,27.08,72.92,97.91666667,2.083333333,0,,,,77590,5000
l2,44.908,-110.2573,1912.6,1989,te,1,1,143,92.52672,100,0,100,0,0,,,,77590,5000
l2,44.908,-110.2573,1912.6,1989,te,1,2,143,190.66112,100,0,97.79411765,2.205882353,0,,,,77590,5000
l2,44.908,-110.2573,1912.6,1989,te,1,3,143,36.44992,100,0,100,0,0,,,,77590,5000
l2,44.908,-110.2573,1912.6,1989,te,1,4,143,63.0864,100,0,88.88888889,11.11111111,0,,,,77590,5000
l2,44.908,-110.2573,1912.6,1989,te,1,5,143,133.1824,100,0,100,0,0,,,,77590,5000
l2,44.908,-110.2573,1912.6,1989,te,1,6,143,50.46912,100,0,100,0,0,,,,77590,5000
lburn,44.821,-110.1363,1912.6,1989,te,1,1,164,132.13593,100,0,33.47280335,66.52719665,0,,,,72520,5000
lburn,44.821,-110.1363,1912.6,1989,te,1,2,164,203.45616,100,0,65.76086957,34.23913043,0,,,,72520,5000
lburn,44.821,-110.1363,1912.6,1989,te,1,3,164,97.30512,100,0,66.47727273,33.52272727,0,,,,72520,5000
lburn,44.821,-110.1363,1912.6,1989,te,1,4,164,155.90934,100,0,51.06382979,48.93617021,0,,,,72520,5000
lburn,44.821,-110.1363,1912.6,1989,te,2,1,192,106.15104,87.5,12.5,65.625,34.375,0,,,,72520,5000
lburn,44.821,-110.1363,1912.6,1989,te,2,2,192,85.14198,93.51,6.49,54.54545455,45.45454545,0,,,,72520,5000
lburn,44.821,-110.1363,1912.6,1989,te,2,3,192,155.90934,93.62,6.38,68.08510638,31.91489362,0,,,,72520,5000
lburn,44.821,-110.1363,1912.6,1989,te,2,4,192,140.42898,91.34,8.66,74.01574803,25.98425197,0,,,,72520,5000
lburn,44.821,-110.1363,1912.6,1989,te,2,5,192,129.37158,87.18,12.82,66.66666667,33.33333333,0,,,,72520,5000
lburn,44.821,-110.1363,1912.6,1989,te,4,1,248,87.35346,88.61,11.39,67.08860759,32.91139241,0,,,,72520,5000
lburn,44.821,-110.1363,1912.6,1989,te,4,2,248,79.61328,87.5,12.5,48.61111111,51.38888889,0,,,,72520,5000
lburn,44.821,-110.1363,1912.6,1989,te,4,3,248,85.14198,74.03,25.97,70.12987013,29.87012987,0,,,,72520,5000
lburn,44.821,-110.1363,1912.6,1989,te,4,4,248,78.50754,76.06,23.94,87.32394366,12.67605634,0,,,,72520,5000
lburn,44.821,-110.1363,1912.6,1989,te,4,5,248,102.83382,49.46,50.54,77.41935484,22.58064516,0,,,,72520,5000
lburn,44.821,-110.1363,1912.6,1989,te,5,1,284,72.97884,22.73,77.27,70.45454545,29.54545455,0,,,,72520,5000
lburn,44.821,-110.1363,1912.6,1989,te,5,2,284,66.3444,32.5,67.5,70,30,0,,,,72520,5000
lburn,44.821,-110.1363,1912.6,1989,te,5,3,284,100.06947,9.94,90.06,91.71270718,8.287292818,0,,,,72520,5000
lburn,44.821,-110.1363,1912.6,1989,te,5,4,284,84.58911,9.8,90.2,88.23529412,11.76470588,0,,,,72520,5000
lburn,44.821,-110.1363,1912.6,1989,te,5,5,284,111.12687,16.42,83.58,74.62686567,25.37313433,0,,,,72520,5000
lcr,44.818,-110.1288,1912.6,1988,te,1,1,165,153.47318,100,0,36.3449692,63.6550308,0,,,,75690,7000
lcr,44.818,-110.1288,1912.6,1988,te,1,2,165,164.81822,100,0,60.99426386,39.00573614,0,,,,75690,7000
lcr,44.818,-110.1288,1912.6,1988,te,1,3,165,104.94162,100,0,53.15315315,46.84684685,0,,,,75690,7000
lcr,44.818,-110.1288,1912.6,1988,te,1,4,165,87.29378,100,0,46.20938628,53.79061372,0,,,,75690,7000
lcr,44.818,-110.1288,1912.6,1988,te,1,5,165,103.36592,100,0,61.2804878,38.7195122,0,,,,75690,7000
lcr,44.818,-110.1288,1912.6,1988,te,1,6,165,66.1794,100,0,52.85714286,47.14285714,0,,,,75690,7000
lcr,44.818,-110.1288,1912.6,1989,te,1,1,157,34.03512,100,0,77.77777778,22.22222222,0,,,,75690,7000
lcr,44.818,-110.1288,1912.6,1989,te,1,2,157,18.9084,100,0,56.66666667,43.33333333,0,,,,75690,7000
lcr,44.818,-110.1288,1912.6,1989,te,1,3,157,14.49644,100,0,47.82608696,52.17391304,0,,,,75690,7000
lcr,44.818,-110.1288,1912.6,1989,te,1,4,157,20.79924,100,0,60.60606061,39.39393939,0,,,,75690,7000
lcr,44.818,-110.1288,1912.6,1989,te,1,5,157,27.73232,100,0,61.36363636,36.36363636,2.222222222,,,,75690,7000
lcr,44.818,-110.1288,1912.6,1989,te,1,6,157,23.95064,100,0,60.52631579,31.57894737,7.317073171,,,,75690,7000
lcr,44.818,-110.1288,1912.6,1989,te,5,1,270,24.58092,15.38,84.62,96.15384615,3.846153846,0,,,,75690,7000
lcr,44.818,-110.1288,1912.6,1989,te,5,2,270,27.41718,31.03,68.97,93.10344828,6.896551724,0,,,,75690,7000
lcr,44.818,-110.1288,1912.6,1989,te,5,3,270,18.9084,25,75,100,0,0,,,,75690,7000
lsg,44.821,-110.1363,1912.6,1988,te,1,1,167,279.19935,100,0,82.57425743,17.42574257,0,,,,85410,7000
lsg,44.821,-110.1363,1912.6,1988,te,1,2,167,202.35042,100,0,77.59562842,22.40437158,0,,,,85410,7000
lsg,44.821,-110.1363,1912.6,1988,te,1,3,167,304.0785,100,0,75.09090909,24.90909091,0,,,,85410,7000
lsg,44.821,-110.1363,1912.6,1988,te,1,4,167,140.98185,100,0,70.98039216,29.01960784,0,,,,85410,7000
lsg,44.821,-110.1363,1912.6,1988,te,2,1,193,137.11176,97.18,2.82,74.19354839,25.80645161,0,,,,85410,7000
lsg,44.821,-110.1363,1912.6,1988,te,2,2,193,97.85799,97.18,2.82,93.22033898,6.779661017,0,,,,85410,7000
lsg,44.821,-110.1363,1912.6,1988,te,2,3,193,95.09364,88.95,11.05,75,25,0,,,,85410,7000
lsg,44.821,-110.1363,1912.6,1988,te,2,4,193,81.82476,89.19,10.81,83.10810811,16.89189189,0,,,,85410,7000
lsg,44.821,-110.1363,1912.6,1988,te,2,5,193,82.9305,100,0,79.33333333,20.66666667,0,,,,85410,7000
lsg,44.821,-110.1363,1912.6,1988,te,3,1,237,132.6888,12.5,87.5,90.83333333,9.166666667,0,,,,85410,7000
lsg,44.821,-110.1363,1912.6,1988,te,3,2,237,139.32324,26.98,73.02,82.53968254,17.46031746,0,,,,85410,7000
lsg,44.821,-110.1363,1912.6,1988,te,4,1,263,84.03624,23.68,76.32,60.52631579,39.47368421,0,,,,85410,7000
lsg,44.821,-110.1363,1912.6,1988,te,4,2,263,93.9879,3.53,96.47,85.88235294,14.11764706,0,,,,85410,7000
lsg,44.821,-110.1363,1912.6,1988,te,4,3,263,67.45014,6.56,93.44,96.72131148,3.278688525,0,,,,85410,7000
lvbench,44.902,-110.1366,1912.6,1999,te,1,1,160,89.6912,99.14,0.86,64.65517241,35.34482759,0,160,,,75680,7510
lvbench,44.902,-110.1366,1912.6,1999,te,1,2,160,84.2788,100,0,46.78899083,53.21100917,0,160,,,75680,7510
lvbench,44.902,-110.1366,1912.6,1999,te,1,3,160,117.5264,99.34,0.66,61.18421053,38.81578947,0,160,,,75680,7510
lvbench,44.902,-110.1366,1912.6,1999,te,1,4,160,153.0936,100,0,56.56565657,43.43434343,0,160,,,75680,7510
lvbench,44.902,-110.1366,1912.6,1999,te,1,5,160,163.9184,98.58,1.42,76.88679245,23.11320755,0,160,,,75680,7510
lvbench,44.902,-110.1366,1912.6,1999,te,2,1,194,220.362,92.28,7.72,61.40350877,38.59649123,0,194,,,75680,7510
lvbench,44.902,-110.1366,1912.6,1999,te,2,2,194,194.0732,87.65,12.35,64.14342629,35.85657371,0,194,,,75680,7510
lvbench,44.902,-110.1366,1912.6,1999,te,2,3,194,171.6504,99.55,0.45,75.67567568,24.32432432,0,194,,,75680,7510
lvbench,44.902,-110.1366,1912.6,1999,te,2,4,194,150.774,96.92,3.08,65.64102564,34.35897436,0,194,,,75680,7510
lvbench,44.902,-110.1366,1912.6,1999,te,2,5,194,110.5676,96.5,3.5,68.53146853,31.46853147,0,194,,,75680,7510
lvbench,44.902,-110.1366,1912.6,1999,te,3,1,229,223.4548,85.81,14.19,87.19723183,12.80276817,0,229,,,75680,7510
lvbench,44.902,-110.1366,1912.6,1999,te,3,2,229,131.444,92.35,7.65,87.05882353,12.94117647,0,229,,,75680,7510
lvbench,44.902,-110.1366,1912.6,1999,te,3,3,229,165.4648,93.93,6.07,79.90654206,20.09345794,0,229,,,75680,7510
lvbench,44.902,-110.1366,1912.6,1999,te,3,4,229,177.836,90.43,9.57,74.34782609,25.65217391,0,229,,,75680,7510
lvbench,44.902,-110.1366,1912.6,1999,te,3,5,229,290.7232,92.02,7.98,80.05319149,19.94680851,0,229,,,75680,7510
lvbench,44.902,-110.1366,1912.6,1999,te,4,1,256,153.0936,67.68,32.32,90.90909091,9.090909091,0,256,,,75680,7510
lvbench,44.902,-110.1366,1912.6,1999,te,4,2,256,143.042,67.03,32.97,84.86486486,15.13513514,0,256,,,75680,7510
lvbench,44.902,-110.1366,1912.6,1999,te,4,3,256,171.6504,85.14,14.86,87.83783784,12.16216216,0,256,,,75680,7510
lvbench,44.902,-110.1366,1912.6,1999,te,4,4,256,161.5988,73.21,26.79,97.1291866,2.870813397,0,256,,,75680,7510
lvbench,44.902,-110.1366,1912.6,1999,te,4,5,256,195.6196,69.96,30.04,93.28063241,6.719367589,0,256,,,75680,7510
lvbench,44.902,-110.1366,1912.6,2000,te,1,1,150,139.9492,100,0,59.66850829,40.33149171,0,150,,,75680,7510
lvbench,44.902,-110.1366,1912.6,2000,te,1,2,150,123.712,100,0,72.5,27.5,0,150,,,75680,7510
lvbench,44.902,-110.1366,1912.6,2000,te,1,3,150,147.6812,98.95,1.05,72.2513089,27.7486911,0,150,,,75680,7510
lvbench,44.902,-110.1366,1912.6,2000,te,1,4,150,132.2172,100,0,69.00584795,30.99415205,0,150,,,75680,7510
lvbench,44.902,-110.1366,1912.6,2000,te,1,5,150,157.7328,100,0,59.80392157,40.19607843,0,150,,,75680,7510
lvbench,44.902,-110.1366,1912.6,2000,te,2,1,178,175.5164,99.56,0.44,58.59030837,41.40969163,0,178,,,75680,7510
lvbench,44.902,-110.1366,1912.6,2000,te,2,2,178,268.3004,99.14,0.86,74.92795389,25.07204611,0,178,,,75680,7510
lvbench,44.902,-110.1366,1912.6,2000,te,2,3,178,217.2692,98.93,1.07,61.92170819,38.07829181,0,178,,,75680,7510
lvbench,44.902,-110.1366,1912.6,2000,te,2,4,178,211.0836,100,0,52.01465201,47.98534799,0,178,,,75680,7510
lvbench,44.902,-110.1366,1912.6,2000,te,2,5,178,216.496,100,0,68.57142857,31.42857143,0,178,,,75680,7510
lvbench,44.902,-110.1366,1912.6,2000,te,3,1,204,227.3208,88.1,11.9,79.59183673,20.40816327,0,204,,,75680,7510
lvbench,44.902,-110.1366,1912.6,2000,te,3,2,204,174.7432,92.48,7.52,73.89380531,26.10619469,0,204,,,75680,7510
lvbench,44.902,-110.1366,1912.6,2000,te,3,3,204,187.8876,100,0,100,0,0,204,,,75680,7510
lvbench,44.902,-110.1366,1912.6,2000,te,3,4,204,223.4548,95.5,4.5,83.0449827,16.9550173,0,204,,,75680,7510
lvbench,44.902,-110.1366,1912.6,2000,te,3,5,204,170.8772,98.19,1.81,79.18552036,20.81447964,0,204,,,75680,7510
lvbench,44.902,-110.1366,1912.6,2000,te,4,1,240,133.7636,56.65,43.35,67.05202312,32.94797688,0,240,,,75680,7510
lvbench,44.902,-110.1366,1912.6,2000,te,4,2,240,215.7228,46.95,53.05,93.5483871,6.451612903,0,240,,,75680,7510
lvbench,44.902,-110.1366,1912.6,2000,te,4,3,240,138.4028,63.13,36.87,89.94413408,10.05586592,0,240,,,75680,7510
lvbench,44.902,-110.1366,1912.6,2000,te,4,4,240,169.3308,76.71,23.29,87.21461187,12.78538813,0,240,,,75680,7510
lvbench,44.902,-110.1366,1912.6,2000,te,4,5,240,192.5268,77.51,22.49,78.71485944,21.28514056,0,240,,,75680,7510
lvbench,44.902,-110.1366,1912.6,2000,te,5,1,262,166.238,21.4,78.6,83.25581395,16.74418605,0,262,,,75680,7510
lvbench,44.902,-110.1366,1912.6,2000,te,5,2,262,177.836,41.3,58.7,79.13043478,20.86956522,0,262,,,75680,7510
lvbench,44.902,-110.1366,1912.6,2000,te,5,3,262,167.7844,14.75,85.25,85.25345622,14.74654378,0,262,,,75680,7510
lvbench,44.902,-110.1366,1912.6,2000,te,5,4,262,168.5576,20.64,79.36,82.11009174,17.88990826,0,262,,,75680,7510
lvbench,44.902,-110.1366,1912.6,2000,te,5,5,262,171.6504,49.55,50.45,90.09009009,9.90990991,0,262,,,75680,7510
lvbench,44.902,-110.1366,1912.6,2000,te,6,1,289,118.2996,9.15,90.85,90.8496732,9.150326797,0,289,,,75680,7510
lvbench,44.902,-110.1366,1912.6,2000,te,6,2,289,191.7536,27.02,72.98,90.32258065,9.677419355,0,289,,,75680,7510
lvbench,44.902,-110.1366,1912.6,2000,te,6,3,289,163.9184,11.32,88.68,96.22641509,3.773584906,0,289,,,75680,7510
lvbench,44.902,-110.1366,1912.6,2000,te,6,4,289,125.2584,16.67,83.33,75.92592593,24.07407407,0,289,,,75680,7510
lvbench,44.902,-110.1366,1912.6,2000,te,6,5,289,162.372,29.52,70.48,99.04761905,0.952380952,0,289,,,75680,7510
lvbench,44.902,-110.1366,1912.6,2001,te,1,1,150,192.5268,97.99,2.01,79.24528302,20.75471698,0,150,,,75680,7510
lvbench,44.902,-110.1366,1912.6,2001,te,1,2,150,126.8048,96.95,3.05,80.72289157,19.27710843,0,150,,,75680,7510
lvbench,44.902,-110.1366,1912.6,2001,te,1,3,150,183.2484,98.73,1.27,63.94052045,36.05947955,0,150,,,75680,7510
lvbench,44.902,-110.1366,1912.6,2001,te,1,4,150,92.0108,99.16,0.84,63.93442623,36.06557377,0,150,,,75680,7510
lvbench,44.902,-110.1366,1912.6,2001,te,1,5,150,150.774,98.97,1.03,78,22,0,150,,,75680,7510
lvbench,44.902,-110.1366,1912.6,2001,te,2,1,174,197.166,97.25,2.75,69.41176471,30.58823529,0,174,,,75680,7510
lvbench,44.902,-110.1366,1912.6,2001,te,2,2,174,236.5992,95.75,4.25,73.20261438,26.79738562,0,174,,,75680,7510
lvbench,44.902,-110.1366,1912.6,2001,te,2,3,174,152.3204,98.98,1.02,73.0964467,26.9035533,0,174,,,75680,7510
lvbench,44.902,-110.1366,1912.6,2001,te,2,4,174,252.8364,97.55,2.45,79.51070336,20.48929664,0,174,,,75680,7510
lvbench,44.902,-110.1366,1912.6,2001,te,2,5,174,226.5476,99.66,0.34,81.9112628,18.0887372,0,174,,,75680,7510
lvbench,44.902,-110.1366,1912.6,2001,te,3,1,212,282.9912,85.52,14.48,,,,212,,,75680,7510
lvbench,44.902,-110.1366,1912.6,2001,te,3,2,212,201.032,76.92,23.08,,,,212,,,75680,7510
lvbench,44.902,-110.1366,1912.6,2001,te,3,3,212,139.9492,76.24,23.76,,,,212,,,75680,7510
lvbench,44.902,-110.1366,1912.6,2001,te,3,4,212,287.6304,70.43,29.57,,,,212,,,75680,7510
lvbench,44.902,-110.1366,1912.6,2001,te,3,5,212,244.3312,68.35,31.65,,,,212,,,75680,7510
lvbench,44.902,-110.1366,1912.6,2001,te,4,1,234,162.372,30.95,69.05,,,,234,,,75680,7510
lvbench,44.902,-110.1366,1912.6,2001,te,4,2,234,225.0012,37.8,62.2,,,,234,,,75680,7510
lvbench,44.902,-110.1366,1912.6,2001,te,4,3,234,252.0632,51.84,48.16,,,,234,,,75680,7510
lvbench,44.902,-110.1366,1912.6,2001,te,4,4,234,164.6916,45.54,54.46,,,,234,,,75680,7510
lvbench,44.902,-110.1366,1912.6,2001,te,4,5,234,175.5164,31.28,68.72,,,,234,,,75680,7510
lvbench,44.902,-110.1366,1912.6,2001,te,5,1,261,192.5268,28.51,71.49,,,,261,,,75680,7510
lvbench,44.902,-110.1366,1912.6,2001,te,5,2,261,243.558,42.86,57.14,,,,261,,,75680,7510
lvbench,44.902,-110.1366,1912.6,2001,te,5,3,261,234.2796,40.92,59.08,,,,261,,,75680,7510
lvbench,44.902,-110.1366,1912.6,2001,te,5,4,261,152.3204,39.59,60.41,,,,261,,,75680,7510
lvbench,44.902,-110.1366,1912.6,2001,te,5,5,261,202.5784,30.15,69.85,,,,261,,,75680,7510
mam,44.954,-110.7002,1890.7,1999,te,1,1,137,54.67,100,0,98.7012987,1.298701299,0,137,,,103800,7840
mam,44.954,-110.7002,1890.7,1999,te,1,2,137,60.35,95.29,4.71,94.11764706,5.882352941,0,137,,,103800,7840
mam,44.954,-110.7002,1890.7,1999,te,1,3,137,60.35,97.65,2.35,95.29411765,4.705882353,0,137,,,103800,7840
mam,44.954,-110.7002,1890.7,1999,te,1,4,137,49.7,94.29,5.71,94.28571429,5.714285714,0,137,,,103800,7840
mam,44.954,-110.7002,1890.7,1999,te,1,5,137,53.96,90.79,9.21,97.36842105,2.631578947,0,137,,,103800,7840
mam,44.954,-110.7002,1890.7,1999,te,1,6,137,70.29,96.97,3.03,100,0,0,137,,,103800,7840
mam,44.954,-110.7002,1890.7,1999,te,2,1,167,136.32,97.4,2.6,93.22916667,6.770833333,0,167,,,103800,7840
mam,44.954,-110.7002,1890.7,1999,te,2,2,167,103.66,97.26,2.74,81.50684932,18.49315068,0,167,,,103800,7840
mam,44.954,-110.7002,1890.7,1999,te,2,3,167,109.34,96.75,3.25,89.61038961,10.38961039,0,167,,,103800,7840
mam,44.954,-110.7002,1890.7,1999,te,2,4,167,223.65,98.73,1.27,94.28571429,5.714285714,0,167,,,103800,7840
mam,44.954,-110.7002,1890.7,1999,te,2,5,167,135.61,98.95,1.05,97.38219895,1.047120419,1.546391753,167,,,103800,7840
mam,44.954,-110.7002,1890.7,1999,te,2,6,167,190.28,98.51,1.49,98.50746269,1.492537313,0,167,,,103800,7840
mam,44.954,-110.7002,1890.7,1999,te,3,1,202,186.73,93.16,6.84,81.74904943,18.25095057,0,202,,,103800,7840
mam,44.954,-110.7002,1890.7,1999,te,3,2,202,212.29,94.65,5.35,92.97658863,7.023411371,0,202,,,103800,7840
mam,44.954,-110.7002,1890.7,1999,te,3,3,202,219.39,98.06,1.94,84.46601942,15.53398058,0,202,,,103800,7840
mam,44.954,-110.7002,1890.7,1999,te,3,4,202,236.43,98.5,1.5,78.07807808,21.92192192,0,202,,,103800,7840
mam,44.954,-110.7002,1890.7,1999,te,3,5,202,112.89,90.57,9.43,100,0,0,202,,,103800,7840
mam,44.954,-110.7002,1890.7,1999,te,3,6,202,9.94,92.86,7.14,0,100,0,202,,,103800,7840
mam,44.954,-110.7002,1890.7,1999,te,4,1,231,217.97,92.18,7.82,65.24590164,34.75409836,0,231,,,103800,7840
mam,44.954,-110.7002,1890.7,1999,te,4,2,231,243.53,91.25,8.75,66.18075802,33.81924198,0,231,,,103800,7840
mam,44.954,-110.7002,1890.7,1999,te,4,3,231,173.24,86.89,13.11,99.55947137,0.440528634,0,231,,,103800,7840
mam,44.954,-110.7002,1890.7,1999,te,4,4,231,208.03,90.44,9.56,68.15068493,31.84931507,0,231,,,103800,7840
mam,44.954,-110.7002,1890.7,1999,te,4,5,231,173.95,88.98,11.02,84.89795918,15.10204082,0,231,,,103800,7840
mam,44.954,-110.7002,1890.7,1999,te,4,6,231,278.32,88.52,11.48,90.72164948,9.278350515,0,231,,,103800,7840
mam,44.954,-110.7002,1890.7,1999,te,5,1,257,183.18,77.52,22.48,80.23255814,19.76744186,0,257,,,103800,7840
mam,44.954,-110.7002,1890.7,1999,te,5,2,257,180.34,72.05,27.95,87.00787402,12.99212598,0,257,,,103800,7840
mam,44.954,-110.7002,1890.7,1999,te,5,3,257,288.97,84.52,15.48,77.14987715,22.85012285,0,257,,,103800,7840
mam,44.954,-110.7002,1890.7,1999,te,5,4,257,181.05,74.51,25.49,80.78431373,19.21568627,0,257,,,103800,7840
mam,44.954,-110.7002,1890.7,1999,te,5,5,257,196.67,83.75,16.25,98.19494585,1.805054152,0,257,,,103800,7840
mam,44.954,-110.7002,1890.7,1999,te,5,6,257,198.09,75.27,24.73,81.00358423,18.99641577,0,257,,,103800,7840
mam,44.954,-110.7002,1890.7,2000,te,1,1,143,68.16,100,0,96.875,3.125,0,143,,,103800,7840
mam,44.954,-110.7002,1890.7,2000,te,1,2,143,107.92,100,0,96.05263158,3.947368421,0,143,,,103800,7840
mam,44.954,-110.7002,1890.7,2000,te,1,3,143,122.12,100,0,83.72093023,16.27906977,0,143,,,103800,7840
mam,44.954,-110.7002,1890.7,2000,te,1,4,143,105.08,96.62,3.38,89.86486486,10.13513514,0,143,,,103800,7840
mam,44.954,-110.7002,1890.7,2000,te,1,5,143,75.97,89.72,10.28,91.58878505,8.411214953,0,143,,,103800,7840
mam,44.954,-110.7002,1890.7,2000,te,1,6,143,108.63,98.69,1.31,88.88888889,10.45751634,0.649350649,143,,,103800,7840
mam,44.954,-110.7002,1890.7,2000,te,2,1,172,169.69,99.58,0.42,84.10041841,15.89958159,0,172,,,103800,7840
mam,44.954,-110.7002,1890.7,2000,te,2,2,172,108.63,100,0,92.81045752,7.189542484,0,172,,,103800,7840
mam,44.954,-110.7002,1890.7,2000,te,2,3,172,126.38,95.51,4.49,85.39325843,14.60674157,0,172,,,103800,7840
mam,44.954,-110.7002,1890.7,2000,te,2,4,172,166.85,99.57,0.43,68.93617021,31.06382979,0,172,,,103800,7840
mam,44.954,-110.7002,1890.7,2000,te,2,5,172,159.04,97.32,2.68,91.07142857,8.928571429,0,172,,,103800,7840
mam,44.954,-110.7002,1890.7,2000,te,2,6,172,139.16,98.98,1.02,81.63265306,18.36734694,0,172,,,103800,7840
mam,44.954,-110.7002,1890.7,2000,te,3,1,201,152.65,98.6,1.4,74.88372093,25.11627907,0,201,,,103800,7840
mam,44.954,-110.7002,1890.7,2000,te,3,2,201,156.2,96.36,3.64,67.27272727,26.36363636,5.982905983,201,,,103800,7840
mam,44.954,-110.7002,1890.7,2000,te,3,3,201,156.91,98.64,1.36,64.25339367,35.74660633,0,201,,,103800,7840
mam,44.954,-110.7002,1890.7,2000,te,3,4,201,160.46,97.79,2.21,59.2920354,40.7079646,0,201,,,103800,7840
mam,44.954,-110.7002,1890.7,2000,te,3,5,201,119.28,91.67,8.33,73.80952381,26.19047619,0,201,,,103800,7840
mam,44.954,-110.7002,1890.7,2000,te,3,6,201,178.21,96.02,3.98,82.8685259,17.1314741,0,201,,,103800,7840
mam,44.954,-110.7002,1890.7,2000,te,4,1,233,103.66,86.3,13.7,85.61643836,14.38356164,0,233,,,103800,7840
mam,44.954,-110.7002,1890.7,2000,te,4,2,233,98.69,86.33,13.67,93.52517986,6.474820144,0,233,,,103800,7840
mam,44.954,-110.7002,1890.7,2000,te,4,3,233,94.43,93.98,6.02,87.96992481,12.03007519,0,233,,,103800,7840
mam,44.954,-110.7002,1890.7,2000,te,4,4,233,103.66,93.15,6.85,82.19178082,17.80821918,0,233,,,103800,7840
mam,44.954,-110.7002,1890.7,2000,te,4,5,233,128.51,90.61,9.39,76.79558011,23.20441989,0,233,,,103800,7840
mam,44.954,-110.7002,1890.7,2000,te,4,6,233,80.23,89.38,10.62,82.30088496,17.69911504,0,233,,,103800,7840
mam,44.954,-110.7002,1890.7,2000,te,5,1,255,173.95,58.37,41.63,88.16326531,11.83673469,0,255,,,103800,7840
mam,44.954,-110.7002,1890.7,2000,te,5,2,255,88.75,81.6,18.4,75.2,24.8,0,255,,,103800,7840
mam,44.954,-110.7002,1890.7,2000,te,5,3,255,106.5,75.33,24.67,68.66666667,31.33333333,0,255,,,103800,7840
mam,44.954,-110.7002,1890.7,2000,te,5,4,255,83.07,78.63,21.37,77.77777778,22.22222222,0,255,,,103800,7840
mam,44.954,-110.7002,1890.7,2000,te,5,5,255,143.42,67.33,32.67,70.79207921,29.20792079,0,255,,,103800,7840
mam,44.954,-110.7002,1890.7,2000,te,5,6,255,133.48,48.94,51.06,93.08510638,6.914893617,0,255,,,103800,7840
mam,44.954,-110.7002,1890.7,2000,te,6,1,299,100.82,39.44,60.56,90.84507042,9.154929577,0,299,,,103800,7840
mam,44.954,-110.7002,1890.7,2000,te,6,2,299,116.44,27.44,72.56,95.73170732,4.268292683,0,299,,,103800,7840
mam,44.954,-110.7002,1890.7,2000,te,6,3,299,100.82,25.35,74.65,80.28169014,19.71830986,0,299,,,103800,7840
mam,44.954,-110.7002,1890.7,2000,te,6,4,299,88.04,27.42,72.58,91.93548387,8.064516129,0,299,,,103800,7840
mam,44.954,-110.7002,1890.7,2000,te,6,5,299,124.96,27.84,72.16,88.63636364,11.36363636,0,299,,,103800,7840
mam,44.954,-110.7002,1890.7,2001,te,1,1,136,61.77,94.25,5.75,95.40229885,4.597701149,0,136,,,103800,7840
mam,44.954,-110.7002,1890.7,2001,te,1,2,136,63.19,97.75,2.25,97.75280899,2.247191011,0,136,,,103800,7840
mam,44.954,-110.7002,1890.7,2001,te,1,3,136,87.33,96.75,3.25,74.79674797,25.20325203,0,136,,,103800,7840
mam,44.954,-110.7002,1890.7,2001,te,1,4,136,71,93,7,83,17,0,136,,,103800,7840
mam,44.954,-110.7002,1890.7,2001,te,1,5,136,97.98,98.55,1.45,86.95652174,13.04347826,0,136,,,103800,7840
mam,44.954,-110.7002,1890.7,2001,te,1,6,136,56.09,97.47,2.53,96.20253165,3.797468354,0,136,,,103800,7840
mam,44.954,-110.7002,1890.7,2001,te,2,1,162,166.85,97.02,2.98,77.87234043,22.12765957,0,162,,,103800,7840
mam,44.954,-110.7002,1890.7,2001,te,2,2,162,203.06,98.25,1.75,75.08650519,24.91349481,0,162,,,103800,7840
mam,44.954,-110.7002,1890.7,2001,te,2,3,162,142,95.5,4.5,86,14,0,162,,,103800,7840
mam,44.954,-110.7002,1890.7,2001,te,2,4,162,181.76,97.27,2.73,72.265625,27.734375,0,162,,,103800,7840
mam,44.954,-110.7002,1890.7,2001,te,2,5,162,144.13,95.07,4.93,79.31034483,20.68965517,0,162,,,103800,7840
mam,44.954,-110.7002,1890.7,2001,te,2,6,162,142.71,97.01,2.99,82.58706468,17.41293532,0,162,,,103800,7840
mam,44.954,-110.7002,1890.7,2001,te,3,1,191,189.57,98.5,1.5,84.64419476,15.35580524,0,191,,,103800,7840
mam,44.954,-110.7002,1890.7,2001,te,3,2,191,173.95,95.51,4.49,84.48979592,15.51020408,0,191,,,103800,7840
mam,44.954,-110.7002,1890.7,2001,te,3,3,191,231.46,94.79,5.21,69.93865031,30.06134969,0,191,,,103800,7840
mam,44.954,-110.7002,1890.7,2001,te,3,4,191,215.84,96.05,3.95,65.17571885,34.82428115,0,191,,,103800,7840
mam,44.954,-110.7002,1890.7,2001,te,3,5,191,230.75,96,4,76.92307692,23.07692308,0,191,,,103800,7840
mam,44.954,-110.7002,1890.7,2001,te,3,6,191,167.56,99.15,0.85,69.06779661,30.93220339,0,191,,,103800,7840
mam,44.954,-110.7002,1890.7,2001,te,4,1,221,245.66,78.9,21.1,,,,221,,,103800,7840
mam,44.954,-110.7002,1890.7,2001,te,4,2,221,184.6,68.08,31.92,,,,221,,,103800,7840
mam,44.954,-110.7002,1890.7,2001,te,4,3,221,200.22,57.09,42.91,,,,221,,,103800,7840
mam,44.954,-110.7002,1890.7,2001,te,4,4,221,194.54,77.37,22.63,,,,221,,,103800,7840
mam,44.954,-110.7002,1890.7,2001,te,4,5,221,248.5,56.86,43.14,,,,221,,,103800,7840
mam,44.954,-110.7002,1890.7,2001,te,5,1,249,217.26,53.59,46.41,,,,249,,,103800,7840
mam,44.954,-110.7002,1890.7,2001,te,5,2,249,137.03,70.47,29.53,,,,249,,,103800,7840
mam,44.954,-110.7002,1890.7,2001,te,5,3,249,204.48,51.74,48.26,,,,249,,,103800,7840
mam,44.954,-110.7002,1890.7,2001,te,5,4,249,176.79,59.44,40.56,,,,249,,,103800,7840
mam,44.954,-110.7002,1890.7,2001,te,5,5,249,191.7,63.7,36.3,,,,249,,,103800,7840
mam,44.954,-110.7002,1890.7,2001,te,5,6,249,164.01,51.08,48.92,,,,249,,,103800,7840
n,44.732,-110.0939,2407.9,1999,te,1,1,179,130.1318,96.03,3.97,80.13245033,19.86754967,0,179,,,98440,9703
n,44.732,-110.0939,2407.9,1999,te,1,2,179,93.0744,100,0,61.11111111,38.88888889,0,179,,,98440,9703
n,44.732,-110.0939,2407.9,1999,te,1,3,179,162.8802,97.88,2.12,85.18518519,14.81481481,0,179,,,98440,9703
n,44.732,-110.0939,2407.9,1999,te,1,4,179,108.5868,94.44,5.56,85.71428571,14.28571429,0,179,,,98440,9703
n,44.732,-110.0939,2407.9,1999,te,1,5,179,125.8228,97.26,2.74,64.38356164,35.61643836,0,179,,,98440,9703
n,44.732,-110.0939,2407.9,1999,te,2,1,210,130.9936,80.92,19.08,74.34210526,25.65789474,0,210,,,98440,9703
n,44.732,-110.0939,2407.9,1999,te,2,2,210,158.5712,86.41,13.59,82.06521739,17.93478261,0,210,,,98440,9703
n,44.732,-110.0939,2407.9,1999,te,2,3,210,169.7746,74.62,25.38,84.26395939,15.73604061,0,210,,,98440,9703
n,44.732,-110.0939,2407.9,1999,te,2,4,210,119.7902,66.19,33.81,90.64748201,9.352517986,0,210,,,98440,9703
n,44.732,-110.0939,2407.9,1999,te,2,5,210,145.6442,88.76,11.24,94.67455621,5.325443787,0,210,,,98440,9703
n,44.732,-110.0939,2407.9,1999,te,3,1,237,79.2856,64.13,35.87,92.39130435,7.608695652,0,237,,,98440,9703
n,44.732,-110.0939,2407.9,1999,te,3,2,237,119.7902,69.78,30.22,93.52517986,6.474820144,0,237,,,98440,9703
n,44.732,-110.0939,2407.9,1999,te,3,3,237,59.4642,81.16,18.84,69.56521739,30.43478261,0,237,,,98440,9703
n,44.732,-110.0939,2407.9,1999,te,3,4,237,138.7498,60.25,39.75,88.81987578,11.18012422,0,237,,,98440,9703
n,44.732,-110.0939,2407.9,1999,te,3,5,237,169.7746,78.68,21.32,88.3248731,11.6751269,0,237,,,98440,9703
n,44.732,-110.0939,2407.9,1999,te,4,1,267,154.2622,37.43,62.57,87.70949721,12.29050279,0,267,,,98440,9703
n,44.732,-110.0939,2407.9,1999,te,4,2,267,121.5138,29.79,70.21,88.65248227,11.34751773,0,267,,,98440,9703
n,44.732,-110.0939,2407.9,1999,te,4,3,267,155.124,33.89,66.11,95.55555556,4.444444444,0,267,,,98440,9703
n,44.732,-110.0939,2407.9,1999,te,4,4,267,106.0014,24.39,75.61,93.49593496,6.504065041,0,267,,,98440,9703
n,44.732,-110.0939,2407.9,1999,te,4,5,267,171.4982,22.11,77.89,97.98994975,2.010050251,0,267,,,98440,9703
n,44.732,-110.0939,2407.9,2000,te,1,1,164,83.5946,100,0,63.91752577,36.08247423,0,164,,,98440,9703
n,44.732,-110.0939,2407.9,2000,te,1,2,164,125.8228,97.95,2.05,81.50684932,18.49315068,0,164,,,98440,9703
n,44.732,-110.0939,2407.9,2000,te,1,3,164,106.8632,100,0,78.22580645,21.77419355,0,164,,,98440,9703
n,44.732,-110.0939,2407.9,2000,te,1,4,164,139.6116,100,0,90.74074074,9.259259259,0,164,,,98440,9703
n,44.732,-110.0939,2407.9,2000,te,1,5,164,155.124,95,5,91.11111111,8.888888889,0,164,,,98440,9703
n,44.732,-110.0939,2407.9,2000,te,2,1,199,144.7824,85.71,14.29,67.26190476,32.73809524,0,199,,,98440,9703
n,44.732,-110.0939,2407.9,2000,te,2,2,199,170.6364,90.4,9.6,73.73737374,26.26262626,0,199,,,98440,9703
n,44.732,-110.0939,2407.9,2000,te,2,3,199,120.652,95,5,61.42857143,38.57142857,0,199,,,98440,9703
n,44.732,-110.0939,2407.9,2000,te,2,4,199,139.6116,90.12,9.88,75.92592593,24.07407407,0,199,,,98440,9703
n,44.732,-110.0939,2407.9,2000,te,2,5,199,175.8072,86.27,13.73,80.88235294,19.11764706,0,199,,,98440,9703
n,44.732,-110.0939,2407.9,2000,te,3,1,227,181.8398,60.66,39.34,90.99526066,9.004739336,0,227,,,98440,9703
n,44.732,-110.0939,2407.9,2000,te,3,2,227,83.5946,48.45,51.55,88.65979381,11.34020619,0,227,,,98440,9703
n,44.732,-110.0939,2407.9,2000,te,3,3,227,123.2374,62.24,37.76,92.30769231,7.692307692,0,227,,,98440,9703
n,44.732,-110.0939,2407.9,2000,te,3,4,227,111.1722,44.96,55.04,93.02325581,6.976744186,0,227,,,98440,9703
n,44.732,-110.0939,2407.9,2000,te,3,5,227,92.2126,65.42,34.58,99.06542056,0.934579439,0,227,,,98440,9703
n,44.732,-110.0939,2407.9,2000,te,4,1,254,127.5464,29.05,70.95,91.89189189,8.108108108,0,254,,,98440,9703
n,44.732,-110.0939,2407.9,2000,te,4,2,254,176.669,24.88,75.12,98.53658537,1.463414634,0,254,,,98440,9703
n,44.732,-110.0939,2407.9,2000,te,4,3,254,113.7576,51.52,48.48,84.09090909,15.90909091,0,254,,,98440,9703
n,44.732,-110.0939,2407.9,2000,te,4,4,254,115.4812,30.6,69.4,97.76119403,2.23880597,0,254,,,98440,9703
n,44.732,-110.0939,2407.9,2000,te,4,5,254,106.0014,39.84,60.16,91.8699187,8.130081301,0,254,,,98440,9703
n,44.732,-110.0939,2407.9,2000,te,5,1,297,104.2778,7.44,92.56,85.95041322,14.04958678,0,297,,,98440,9703
n,44.732,-110.0939,2407.9,2000,te,5,2,297,119.7902,9.35,90.65,96.4028777,3.597122302,0,297,,,98440,9703
n,44.732,-110.0939,2407.9,2000,te,5,3,297,122.3756,9.15,90.85,100,0,0,297,,,98440,9703
n,44.732,-110.0939,2407.9,2000,te,5,4,297,147.3678,2.34,97.66,95.32163743,4.678362573,0,297,,,98440,9703
n,44.732,-110.0939,2407.9,2000,te,5,5,297,151.6768,0,100,92.61363636,7.386363636,0,297,,,98440,9703
n,44.732,-110.0939,2407.9,2001,te,1,1,158,117.2048,96.32,3.68,73.52941176,26.47058824,0,158,,,98440,9703
n,44.732,-110.0939,2407.9,2001,te,1,2,158,118.0666,98.54,1.46,64.96350365,35.03649635,0,158,,,98440,9703
n,44.732,-110.0939,2407.9,2001,te,1,3,158,69.8058,96.3,3.7,59.25925926,40.74074074,0,158,,,98440,9703
n,44.732,-110.0939,2407.9,2001,te,1,4,158,98.2452,96.49,3.51,85.0877193,14.9122807,0,158,,,98440,9703
n,44.732,-110.0939,2407.9,2001,te,1,5,158,143.9206,97.01,2.99,53.29341317,46.70658683,0,158,,,98440,9703
n,44.732,-110.0939,2407.9,2001,te,2,1,190,203.3848,95.34,4.66,77.54237288,22.45762712,0,190,,,98440,9703
n,44.732,-110.0939,2407.9,2001,te,2,2,190,285.2558,94.86,5.14,85.19637462,14.80362538,0,190,,,98440,9703
n,44.732,-110.0939,2407.9,2001,te,2,3,190,105.1396,99.18,0.82,68.85245902,31.14754098,0,190,,,98440,9703
n,44.732,-110.0939,2407.9,2001,te,2,4,190,204.2466,86.08,13.92,78.90295359,21.09704641,0,190,,,98440,9703
n,44.732,-110.0939,2407.9,2001,te,2,5,190,236.995,98.91,1.09,57.45454545,42.54545455,0,190,,,98440,9703
n,44.732,-110.0939,2407.9,2001,te,3,1,220,85.3182,60.61,39.39,,,,220,,,98440,9703
n,44.732,-110.0939,2407.9,2001,te,3,2,220,154.2622,41.9,58.1,,,,220,,,98440,9703
n,44.732,-110.0939,2407.9,2001,te,3,3,220,153.4004,48.88,51.12,,,,220,,,98440,9703
n,44.732,-110.0939,2407.9,2001,te,3,4,220,151.6768,46.59,53.41,,,,220,,,98440,9703
n,44.732,-110.0939,2407.9,2001,te,3,5,220,137.888,43.13,56.88,,,,220,,,98440,9703
n,44.732,-110.0939,2407.9,2001,te,4,1,248,298.1828,24.57,75.43,,,,248,,,98440,9703
n,44.732,-110.0939,2407.9,2001,te,4,2,248,141.3352,12.8,87.2,,,,248,,,98440,9703
n,44.732,-110.0939,2407.9,2001,te,4,3,248,149.9532,25.29,74.71,,,,248,,,98440,9703
n,44.732,-110.0939,2407.9,2001,te,4,4,248,91.3508,25.47,74.53,,,,248,,,98440,9703
n,44.732,-110.0939,2407.9,2001,te,4,5,248,141.3352,23.78,76.22,,,,248,,,98440,9703
pereg,44.91,-110.36,1912.6,2012,te,1,1,130,168.348,100,0,80,20,0,,,,56300,4990
pereg,44.91,-110.36,1912.6,2012,te,1,2,130,156.56364,98.92,1.08,67.74193548,32.25806452,0,,,,56300,4990
pereg,44.91,-110.36,1912.6,2012,te,1,3,130,97.64184,93.1,6.9,70.68965517,29.31034483,0,,,,56300,4990
pereg,44.91,-110.36,1912.6,2012,te,1,4,130,102.69228,96.72,3.28,63.93442623,36.06557377,0,,,,56300,4990
pereg,44.91,-110.36,1912.6,2012,te,1,5,130,94.27488,94.64,5.36,62.5,37.5,0,,,,56300,4990
pereg,44.91,-110.36,1912.6,2012,te,2,1,176,212.11848,58.73,41.27,77.77777778,22.22222222,0,,,,56300,4990
pereg,44.91,-110.36,1912.6,2012,te,2,2,176,122.89404,67.12,32.88,69.8630137,30.1369863,0,,,,56300,4990
pereg,44.91,-110.36,1912.6,2012,te,3,1,204,210.435,57.6,42.4,82.4,17.6,0,,,,56300,4990
pereg,44.91,-110.36,1912.6,2012,te,3,2,204,195.28368,45.69,54.31,85.34482759,11.20689655,3.333333333,,,,56300,4990
pereg,44.91,-110.36,1912.6,2012,te,3,3,204,158.24712,41.49,58.51,74.46808511,23.40425532,2.083333333,,,,56300,4990
pereg,44.91,-110.36,1912.6,2012,te,3,4,204,102.69228,54.1,45.9,75.40983607,24.59016393,0,,,,56300,4990
pereg,44.91,-110.36,1912.6,2012,te,3,5,204,191.91672,34.21,65.79,93.85964912,6.140350877,0,,,,56300,4990
pereg,44.91,-110.36,1912.6,2012,te,4,1,232,121.21056,9.72,90.28,91.66666667,8.333333333,0,,,,56300,4990
pereg,44.91,-110.36,1912.6,2012,te,4,2,232,156.56364,26.88,73.12,93.5483871,6.451612903,0,,,,56300,4990
pereg,44.91,-110.36,1912.6,2012,te,4,3,232,191.91672,11.4,88.6,80.70175439,18.42105263,0.869565217,,,,56300,4990
pereg,44.91,-110.36,1912.6,2012,te,4,4,232,124.57752,14.86,85.14,89.18918919,10.81081081,0,,,,56300,4990
pereg,44.91,-110.36,1912.6,2012,te,4,5,232,102.69228,24.59,75.41,77.04918033,22.95081967,0,,,,56300,4990
pereg,44.91,-110.36,1912.6,2012,te,5,1,260,149.82972,13.48,86.52,86.51685393,13.48314607,0,,,,56300,4990
pereg,44.91,-110.36,1912.6,2012,te,5,2,260,239.05416,16.2,83.8,89.43661972,10.56338028,0,,,,56300,4990
pereg,44.91,-110.36,1912.6,2012,te,5,3,260,139.72884,9.64,90.36,87.95180723,12.04819277,0,,,,56300,4990
pereg,44.91,-110.36,1912.6,2012,te,5,4,260,106.05924,12.7,87.3,88.88888889,11.11111111,0,,,,56300,4990
pereg,44.91,-110.36,1912.6,2012,te,5,5,260,116.16012,7.25,92.75,73.91304348,26.08695652,0,,,,56300,4990
pereg,44.91,-110.36,1912.6,2013,te,1,1,126,99.32532,79.66,20.34,72.88135593,27.11864407,0,126,,,56300,4990
pereg,44.91,-110.36,1912.6,2013,te,1,2,126,138.04536,56.1,43.9,84.14634146,15.85365854,0,126,,,56300,4990
pereg,44.91,-110.36,1912.6,2013,te,1,3,126,119.52708,76.06,23.94,77.46478873,22.53521127,0,126,,,56300,4990
pereg,44.91,-110.36,1912.6,2013,te,1,4,126,196.96716,88.89,11.11,89.74358974,10.25641026,0,126,,,56300,4990
pereg,44.91,-110.36,1912.6,2013,te,1,5,126,97.64184,87.93,12.07,86.20689655,13.79310345,0,126,,,56300,4990
pereg,44.91,-110.36,1912.6,2013,te,2,1,156,144.77928,93.02,6.98,55.81395349,44.18604651,0,156,,,56300,4990
pereg,44.91,-110.36,1912.6,2013,te,2,2,156,378.783,97.78,2.22,75.11111111,24.88888889,0,156,,,56300,4990
pereg,44.91,-110.36,1912.6,2013,te,2,3,156,144.77928,97.67,2.33,72.09302326,27.90697674,0,156,,,56300,4990
pereg,44.91,-110.36,1912.6,2013,te,2,4,156,294.609,96.57,3.43,76.57142857,23.42857143,0,156,,,56300,4990
pereg,44.91,-110.36,1912.6,2013,te,2,5,156,190.23324,95.58,4.42,61.94690265,38.05309735,0,156,,,56300,4990
pereg,44.91,-110.36,1912.6,2013,te,3,1,183,102.69228,55.74,44.26,60.6557377,39.3442623,0,183,,,56300,4990
pereg,44.91,-110.36,1912.6,2013,te,3,2,183,149.82972,49.44,50.56,79.7752809,20.2247191,0,183,,,56300,4990
pereg,44.91,-110.36,1912.6,2013,te,3,3,183,223.90284,78.2,21.8,67.66917293,32.33082707,0,183,,,56300,4990
pereg,44.91,-110.36,1912.6,2013,te,3,4,183,156.56364,78.49,21.51,63.44086022,36.55913978,0,183,,,56300,4990
pereg,44.91,-110.36,1912.6,2013,te,3,5,183,116.16012,59.42,40.58,81.15942029,18.84057971,0,183,,,56300,4990
pereg,44.91,-110.36,1912.6,2013,te,4,1,213,58.9218,48.57,51.43,57.14285714,42.85714286,0,213,,,56300,4990
pereg,44.91,-110.36,1912.6,2013,te,4,2,213,84.174,56,44,58,42,0,213,,,56300,4990
pereg,44.91,-110.36,1912.6,2013,te,4,3,213,112.79316,22.39,77.61,89.55223881,10.44776119,0,213,,,56300,4990
pereg,44.91,-110.36,1912.6,2013,te,4,4,213,112.79316,28.36,71.64,92.53731343,7.462686567,0,213,,,56300,4990
pereg,44.91,-110.36,1912.6,2013,te,4,5,213,58.9218,25.71,74.29,57.14285714,42.85714286,0,213,,,56300,4990
pereg,44.91,-110.36,1912.6,2013,te,5,1,239,75.7566,22.22,77.78,66.66666667,33.33333333,0,239,,,56300,4990
pereg,44.91,-110.36,1912.6,2013,te,5,2,239,141.41232,35.71,64.29,88.0952381,11.9047619,0,239,,,56300,4990
pereg,44.91,-110.36,1912.6,2013,te,5,3,239,127.94448,18.42,81.58,90.78947368,9.210526316,0,239,,,56300,4990
pereg,44.91,-110.36,1912.6,2013,te,5,4,239,122.89404,20.55,79.45,91.78082192,8.219178082,0,239,,,56300,4990
pereg,44.91,-110.36,1912.6,2013,te,5,5,239,60.60528,27.78,72.22,86.11111111,13.88888889,0,239,,,56300,4990
rbm,44.798,-110.0901,1912.6,1988,te,1,1,181,196.12542,100,0,71.67381974,28.32618026,0,,,,81200,6000
rbm,44.798,-110.0901,1912.6,1988,te,1,2,181,240.73764,100,0,86.36363636,13.63636364,0,,,,81200,6000
rbm,44.798,-110.0901,1912.6,1988,te,1,3,181,169.18974,100,0,59.2039801,40.7960199,0,,,,81200,6000
rbm,44.798,-110.0901,1912.6,1988,te,1,4,181,249.99678,100,0,79.46127946,20.53872054,0,,,,81200,6000
rbm,44.798,-110.0901,1912.6,1988,te,1,5,181,227.2698,100,0,71.11111111,28.88888889,0,,,,81200,6000
rbm,44.798,-110.0901,1912.6,1988,te,1,6,181,320.70294,100,0,85.82677165,14.17322835,0,,,,81200,6000
rbm,44.798,-110.0901,1912.6,1988,te,2,1,215,86.69922,47.57,52.43,56.31067961,43.68932039,0,,,,81200,6000
rbm,44.798,-110.0901,1912.6,1988,te,2,2,215,147.3045,90.29,9.71,60,40,0,,,,81200,6000
rbm,44.798,-110.0901,1912.6,1988,te,2,3,215,90.06618,67.29,32.71,61.68224299,38.31775701,0,,,,81200,6000
rbm,44.798,-110.0901,1912.6,1988,te,2,4,215,102.69228,66.39,33.61,72.13114754,27.86885246,0,,,,81200,6000
rbm,44.798,-110.0901,1912.6,1988,te,2,5,215,103.53402,52.03,47.97,82.11382114,17.88617886,0,,,,81200,6000
rbm,44.798,-110.0901,1912.6,1988,te,2,6,215,94.27488,65.18,34.82,72.32142857,27.67857143,0,,,,81200,6000
rbm,44.798,-110.0901,1912.6,1988,te,3,1,242,38.72004,15.22,84.78,63.04347826,36.95652174,0,,,,81200,6000
rbm,44.798,-110.0901,1912.6,1988,te,3,2,242,111.95142,18.05,81.95,81.20300752,18.79699248,0,,,,81200,6000
rbm,44.798,-110.0901,1912.6,1988,te,3,3,242,84.174,2,98,91,9,0,,,,81200,6000
rbm,44.798,-110.0901,1912.6,1988,te,3,4,242,125.41926,29.53,70.47,83.89261745,16.10738255,0,,,,81200,6000
rbm,44.798,-110.0901,1912.6,1988,te,3,5,242,69.86442,21.69,78.31,85.54216867,14.45783133,0,,,,81200,6000
rbm,44.798,-110.0901,1912.6,1988,te,3,6,242,85.85748,31.37,68.63,74.50980392,25.49019608,0,,,,81200,6000
rbm,44.798,-110.0901,1912.6,1988,te,4,1,278,72.38964,2.33,97.67,76.74418605,23.25581395,0,,,,81200,6000
rbm,44.798,-110.0901,1912.6,1988,te,4,2,278,55.55484,1.52,98.48,78.78787879,21.21212121,0,,,,81200,6000
rbm,44.798,-110.0901,1912.6,1988,te,4,3,278,90.90792,0.93,99.07,79.62962963,20.37037037,0,,,,81200,6000
rbm,44.798,-110.0901,1912.6,1988,te,4,4,278,75.7566,8.89,91.11,86.66666667,13.33333333,0,,,,81200,6000
rbm,44.798,-110.0901,1912.6,1988,te,4,5,278,101.85054,1.65,98.35,85.12396694,14.87603306,0,,,,81200,6000
rbm,44.798,-110.0901,1912.6,1989,te,1,1,178,132.15318,100,0,48.40764331,51.59235669,0,,,,81178,6000
rbm,44.798,-110.0901,1912.6,1989,te,1,2,178,132.15318,100,0,50.31847134,49.68152866,0,,,,81178,6000
rbm,44.798,-110.0901,1912.6,1989,te,1,3,178,131.31144,100,0,74.35897436,25.64102564,0,,,,81178,6000
rbm,44.798,-110.0901,1912.6,1989,te,1,4,178,148.98798,100,0,48.58757062,51.41242938,0,,,,81178,6000
rbm,44.798,-110.0901,1912.6,1989,te,1,5,178,158.24712,100,0,50.53191489,49.46808511,0,,,,81178,6000
rbm,44.798,-110.0901,1912.6,1989,te,1,6,178,152.35494,100,0,70.16574586,29.83425414,0,,,,81178,6000
rbm,44.798,-110.0901,1912.6,1989,te,2,1,206,83.33226,87.88,12.12,49.49494949,50.50505051,0,,,,81178,6000
rbm,44.798,-110.0901,1912.6,1989,te,2,2,206,93.43314,86.49,13.51,42.34234234,57.65765766,0,,,,81178,6000
rbm,44.798,-110.0901,1912.6,1989,te,2,3,206,74.91486,82.02,17.98,74.15730337,25.84269663,0,,,,81178,6000
rbm,44.798,-110.0901,1912.6,1989,te,2,4,206,90.06618,87.85,12.15,68.22429907,31.77570093,0,,,,81178,6000
rbm,44.798,-110.0901,1912.6,1989,te,2,5,206,87.54096,86.54,13.46,56.73076923,43.26923077,0,,,,81178,6000
rbm,44.798,-110.0901,1912.6,1989,te,2,6,206,124.57752,84.46,15.54,72.97297297,27.02702703,0,,,,81178,6000
rbm,44.798,-110.0901,1912.6,1989,te,4,1,262,46.2957,34.55,65.45,69.09090909,30.90909091,0,,,,81178,6000
rbm,44.798,-110.0901,1912.6,1989,te,4,2,262,76.59834,62.64,37.36,70.32967033,29.67032967,0,,,,81178,6000
rbm,44.798,-110.0901,1912.6,1989,te,4,3,262,46.2957,9.09,90.91,70.90909091,29.09090909,0,,,,81178,6000
rbm,44.798,-110.0901,1912.6,1989,te,4,4,262,48.82092,29.31,70.69,84.48275862,15.51724138,0,,,,81178,6000
rbm,44.798,-110.0901,1912.6,1989,te,4,5,262,54.7131,40,60,69.23076923,30.76923077,0,,,,81178,6000
rbm,44.798,-110.0901,1912.6,1989,te,4,6,262,74.07312,9.09,90.91,68.18181818,31.81818182,0,,,,81178,6000
sc,45.036,-110.7479,1603,1999,te,1,1,124,71.672,100,0,100,0,0,124,,,29030.85,2571.55
sc,45.036,-110.7479,1603,1999,te,1,2,124,48.484,93.48,6.52,88.23529412,11.76470588,0,124,,,29030.85,2571.55
sc,45.036,-110.7479,1603,1999,te,1,3,124,29.512,89.29,10.71,96.55172414,3.448275862,0,124,,,29030.85,2571.55
sc,45.036,-110.7479,1603,1999,te,1,4,124,35.836,100,0,94.44444444,5.555555556,0,124,,,29030.85,2571.55
sc,45.036,-110.7479,1603,1999,te,1,5,124,30.566,96.55,3.45,77.77777778,22.22222222,0,124,,,29030.85,2571.55
sc,45.036,-110.7479,1603,1999,te,1,6,124,36.89,100,0,94.59459459,5.405405405,0,124,,,29030.85,2571.55
sc,45.036,-110.7479,1603,1999,te,2,1,146,46.376,100,0,75,25,0,146,,,29030.85,2571.55
sc,45.036,-110.7479,1603,1999,te,2,2,146,47.43,91.11,8.89,100,0,0,146,,,29030.85,2571.55
sc,45.036,-110.7479,1603,1999,te,2,3,146,65.348,100,0,20,80,0,146,,,29030.85,2571.55
sc,45.036,-110.7479,1603,1999,te,2,4,146,28.458,66.67,33.33,100,0,0,146,,,29030.85,2571.55
sc,45.036,-110.7479,1603,1999,te,2,5,146,51.646,91.84,8.16,64.28571429,35.71428571,0,146,,,29030.85,2571.55
sc,45.036,-110.7479,1603,1999,te,2,6,146,73.78,95.71,4.29,70.58823529,29.41176471,0,146,,,29030.85,2571.55
sc,45.036,-110.7479,1603,1999,te,3,1,181,186.558,89.27,10.73,100,0,0,181,,,29030.85,2571.55
sc,45.036,-110.7479,1603,1999,te,3,2,181,131.75,92,8,100,0,0,181,,,29030.85,2571.55
sc,45.036,-110.7479,1603,1999,te,3,3,181,174.964,93.37,6.63,91.56626506,8.43373494,0,181,,,29030.85,2571.55
sc,45.036,-110.7479,1603,1999,te,3,4,181,154.938,94.56,5.44,93.87755102,6.12244898,0,181,,,29030.85,2571.55
sc,45.036,-110.7479,1603,1999,te,3,5,181,120.156,98.25,1.75,100,0,0,181,,,29030.85,2571.55
sc,45.036,-110.7479,1603,1999,te,3,6,181,149.668,100,0,100,0,0,181,,,29030.85,2571.55
sc,45.036,-110.7479,1603,1999,te,4,1,214,130.696,21.77,78.23,100,0,0,214,,,29030.85,2571.55
sc,45.036,-110.7479,1603,1999,te,4,2,214,88.536,47.62,52.38,100,0,0,214,,,29030.85,2571.55
sc,45.036,-110.7479,1603,1999,te,4,3,214,120.156,40.35,59.65,98.24561404,1.754385965,0,214,,,29030.85,2571.55
sc,45.036,-110.7479,1603,1999,te,4,4,214,114.886,28.44,71.56,91.74311927,8.256880734,0,214,,,29030.85,2571.55
sc,45.036,-110.7479,1603,1999,te,4,5,214,100.13,22.11,77.89,96.84210526,3.157894737,0,214,,,29030.85,2571.55
sc,45.036,-110.7479,1603,1999,te,4,6,214,98.022,15.05,84.95,94.62365591,5.376344086,0,214,,,29030.85,2571.55
sc,45.036,-110.7479,1603,1999,te,5,1,242,85.374,48.15,51.85,100,0,0,242,,,29030.85,2571.55
sc,45.036,-110.7479,1603,1999,te,5,2,242,67.456,18.75,81.25,100,0,0,242,,,29030.85,2571.55
sc,45.036,-110.7479,1603,1999,te,5,3,242,61.132,20.69,79.31,100,0,0,242,,,29030.85,2571.55
sc,45.036,-110.7479,1603,1999,te,5,4,242,85.374,33.33,66.67,91.35802469,8.641975309,0,242,,,29030.85,2571.55
sc,45.036,-110.7479,1603,1999,te,5,5,242,80.104,34.21,65.79,93.42105263,6.578947368,0,242,,,29030.85,2571.55
sc,45.036,-110.7479,1603,1999,te,5,6,242,95.914,39.56,60.44,100,0,0,242,,,29030.85,2571.55
sc,45.036,-110.7479,1603,2000,te,1,1,123,14.756,78.57,21.43,100,0,0,123,,,29030,2570
sc,45.036,-110.7479,1603,2000,te,1,2,123,29.512,89.29,10.71,100,0,0,123,,,29030,2570
sc,45.036,-110.7479,1603,2000,te,1,3,123,15.81,73.33,26.67,93.33333333,6.666666667,0,123,,,29030,2570
sc,45.036,-110.7479,1603,2000,te,1,4,123,18.972,94.44,5.56,88.88888889,11.11111111,0,123,,,29030,2570
sc,45.036,-110.7479,1603,2000,te,1,5,123,15.81,93.33,6.67,93.33333333,6.666666667,0,123,,,29030,2570
sc,45.036,-110.7479,1603,2000,te,1,6,123,36.89,100,0,100,0,0,123,,,29030,2570
sc,45.036,-110.7479,1603,2000,te,2,1,151,35.836,100,0,100,0,0,151,,,29030,2570
sc,45.036,-110.7479,1603,2000,te,2,2,151,62.186,96.61,3.39,93.22033898,6.779661017,0,151,,,29030,2570
sc,45.036,-110.7479,1603,2000,te,2,3,151,49.538,97.87,2.13,85.10638298,14.89361702,0,151,,,29030,2570
sc,45.036,-110.7479,1603,2000,te,2,4,151,45.322,100,0,93.02325581,6.976744186,0,151,,,29030,2570
sc,45.036,-110.7479,1603,2000,te,2,5,151,96.968,97.83,2.17,97.82608696,2.173913043,0,151,,,29030,2570
sc,45.036,-110.7479,1603,2000,te,2,6,151,82.212,97.44,2.56,78.20512821,21.79487179,0,151,,,29030,2570
sc,45.036,-110.7479,1603,2000,te,3,1,179,37.944,58.33,41.67,100,0,0,179,,,29030,2570
sc,45.036,-110.7479,1603,2000,te,3,2,179,38.998,54.05,45.95,100,0,0,179,,,29030,2570
sc,45.036,-110.7479,1603,2000,te,3,3,179,40.052,50,50,100,0,0,179,,,29030,2570
sc,45.036,-110.7479,1603,2000,te,3,4,179,27.404,38.46,61.54,100,0,0,179,,,29030,2570
sc,45.036,-110.7479,1603,2000,te,3,5,179,52.7,38,62,92,8,0,179,,,29030,2570
sc,45.036,-110.7479,1603,2000,te,3,6,179,47.43,55.56,44.44,100,0,0,179,,,29030,2570
sc,45.036,-110.7479,1603,2000,te,4,1,205,18.972,0,100,100,0,0,205,,,29030,2570
sc,45.036,-110.7479,1603,2000,te,4,2,205,41.106,0,100,97.43589744,2.564102564,0,205,,,29030,2570
sc,45.036,-110.7479,1603,2000,te,4,3,205,30.566,0,100,96.55172414,3.448275862,0,205,,,29030,2570
sc,45.036,-110.7479,1603,2000,te,4,4,205,9.486,0,100,100,0,0,205,,,29030,2570
sc,45.036,-110.7479,1603,2000,te,4,5,205,30.566,0,100,93.10344828,6.896551724,0,205,,,29030,2570
sc,45.036,-110.7479,1603,2000,te,4,6,205,29.512,0,100,100,0,0,205,,,29030,2570
sc,45.036,-110.7479,1603,2000,te,5,1,236,15.81,0,100,100,0,0,236,,,29030,2570
sc,45.036,-110.7479,1603,2000,te,5,2,236,9.486,0,100,100,0,0,236,,,29030,2570
sc,45.036,-110.7479,1603,2000,te,5,3,236,11.594,0,100,100,0,0,236,,,29030,2570
sc,45.036,-110.7479,1603,2000,te,5,4,236,13.702,0,100,100,0,0,236,,,29030,2570
sc,45.036,-110.7479,1603,2000,te,5,5,236,9.486,11.11,88.89,66.66666667,33.33333333,0,236,,,29030,2570
sc,45.036,-110.7479,1603,2000,te,5,6,236,13.702,0,100,100,0,0,236,,,29030,2570
sc,45.036,-110.7479,1603,2000,te,6,1,267,6.324,0,100,100,0,0,267,,,29030,2570
sc,45.036,-110.7479,1603,2000,te,6,2,267,11.594,0,100,72.72727273,27.27272727,0,267,,,29030,2570
sc,45.036,-110.7479,1603,2000,te,6,3,267,6.324,0,100,100,0,0,267,,,29030,2570
sc,45.036,-110.7479,1603,2000,te,6,4,267,7.378,0,100,100,0,0,267,,,29030,2570
sc,45.036,-110.7479,1603,2000,te,6,5,267,10.54,0,100,100,0,0,267,,,29030,2570
sc,45.036,-110.7479,1603,2000,te,6,6,267,22.134,0,100,95.23809524,4.761904762,0,267,,,29030,2570
sc,45.036,-110.7479,1603,2000,te,7,1,300,11.594,0,100,100,0,0,300,,,29030,2570
sc,45.036,-110.7479,1603,2000,te,7,2,300,12.648,0,100,100,0,0,300,,,29030,2570
sc,45.036,-110.7479,1603,2000,te,7,3,300,5.27,0,100,100,0,0,300,,,29030,2570
sc,45.036,-110.7479,1603,2000,te,7,4,300,4.216,0,100,100,0,0,300,,,29030,2570
sc,45.036,-110.7479,1603,2000,te,7,5,300,4.216,25,75,100,0,0,300,,,29030,2570
sc,45.036,-110.7479,1603,2000,te,7,6,300,8.432,25,75,100,0,0,300,,,29030,2570
sc,45.036,-110.7479,1603,2001,te,1,1,138,41.106,94.87,5.13,84.61538462,15.38461538,0,138,,,29030,2570
sc,45.036,-110.7479,1603,2001,te,1,2,138,9.486,55.56,44.44,88.88888889,11.11111111,0,138,,,29030,2570
sc,45.036,-110.7479,1603,2001,te,1,3,138,47.43,84.44,15.56,73.33333333,26.66666667,0,138,,,29030,2570
sc,45.036,-110.7479,1603,2001,te,1,4,138,23.188,68.18,31.82,100,0,0,138,,,29030,2570
sc,45.036,-110.7479,1603,2001,te,1,5,138,22.134,47.62,52.38,52.38095238,47.61904762,0,138,,,29030,2570
sc,45.036,-110.7479,1603,2001,te,1,6,138,31.62,80,20,96.66666667,3.333333333,0,138,,,29030,2570
sc,45.036,-110.7479,1603,2001,te,2,1,163,15.81,26.67,73.33,100,0,0,163,,,29030,2570
sc,45.036,-110.7479,1603,2001,te,2,2,163,6.324,50,50,33.33333333,66.66666667,0,163,,,29030,2570
sc,45.036,-110.7479,1603,2001,te,2,3,163,7.378,71.43,28.57,71.42857143,28.57142857,0,163,,,29030,2570
sc,45.036,-110.7479,1603,2001,te,2,4,163,1.054,0,100,100,0,0,163,,,29030,2570
sc,45.036,-110.7479,1603,2001,te,2,5,163,2.108,50,50,0,100,0,163,,,29030,2570
sc,45.036,-110.7479,1603,2001,te,2,6,163,12.648,58.33,41.67,33.33333333,66.66666667,0,163,,,29030,2570
sc,45.036,-110.7479,1603,2001,te,3,1,191,2.108,50,50,0,100,0,191,,,29030,2570
sc,45.036,-110.7479,1603,2001,te,3,2,191,0,,,,,,191,,,29030,2570
sc,45.036,-110.7479,1603,2001,te,3,3,191,8.432,100,0,0,100,0,191,,,29030,2570
sc,45.036,-110.7479,1603,2001,te,3,4,191,7.378,100,0,0,100,0,191,,,29030,2570
sc,45.036,-110.7479,1603,2001,te,3,5,191,,,,,,,191,,,29030,2570
sc,45.036,-110.7479,1603,2001,te,3,6,191,11.594,100,0,0,100,0,191,,,29030,2570
sc,45.036,-110.7479,1603,2001,te,4,1,225,3.162,33.33,66.67,,,,225,,,29030,2570
sc,45.036,-110.7479,1603,2001,te,4,2,225,1.054,100,0,,,,225,,,29030,2570
sc,45.036,-110.7479,1603,2001,te,4,3,225,3.162,0,100,,,,225,,,29030,2570
sc,45.036,-110.7479,1603,2001,te,4,4,225,5.27,60,40,,,,225,,,29030,2570
sc,45.036,-110.7479,1603,2001,te,4,5,225,4.216,50,50,,,,225,,,29030,2570
sc,45.036,-110.7479,1603,2001,te,4,6,225,3.162,33.33,66.67,,,,225,,,29030,2570
sr,44.906,-110.3872,1912.6,1999,te,1,1,158,98.7234,98.2,1.8,88.28828829,11.71171171,0,158,,,55480,4420
sr,44.906,-110.3872,1912.6,1999,te,1,2,158,138.7464,96.15,3.85,95.51282051,4.487179487,0,158,,,55480,4420
sr,44.906,-110.3872,1912.6,1999,te,1,3,158,217.903,98.37,1.63,76.32653061,23.67346939,0,158,,,55480,4420
sr,44.906,-110.3872,1912.6,1999,te,1,4,158,219.6818,97.98,2.02,77.73279352,22.26720648,0,158,,,55480,4420
sr,44.906,-110.3872,1912.6,1999,te,1,5,158,268.5988,98.34,1.66,81.45695364,18.54304636,0,158,,,55480,4420
sr,44.906,-110.3872,1912.6,1999,te,1,6,158,247.2532,100,0,92.08633094,7.913669065,0,158,,,55480,4420
sr,44.906,-110.3872,1912.6,1999,te,2,1,198,321.0734,97.51,2.49,75.90027701,24.09972299,0,198,,,55480,4420
sr,44.906,-110.3872,1912.6,1999,te,2,2,198,265.9306,95.32,4.68,93.31103679,6.688963211,0,198,,,55480,4420
sr,44.906,-110.3872,1912.6,1999,te,2,3,198,371.7692,98.56,1.44,67.46411483,32.53588517,0,198,,,55480,4420
sr,44.906,-110.3872,1912.6,1999,te,2,4,198,256.1472,100,0,68.05555556,31.94444444,0,198,,,55480,4420
sr,44.906,-110.3872,1912.6,1999,te,2,5,198,301.5066,96.17,3.83,71.97640118,28.02359882,0,198,,,55480,4420
sr,44.906,-110.3872,1912.6,1999,te,2,6,198,245.4744,96.38,3.62,87.31884058,12.68115942,0,198,,,55480,4420
sr,44.906,-110.3872,1912.6,1999,te,3,1,223,303.2854,67.74,32.26,96.18768328,3.812316716,0,223,,,55480,4420
sr,44.906,-110.3872,1912.6,1999,te,3,2,223,292.6126,79.33,20.67,82.0668693,17.9331307,0,223,,,55480,4420
sr,44.906,-110.3872,1912.6,1999,te,3,3,223,282.8292,83.33,16.67,87.42138365,12.57861635,0,223,,,55480,4420
sr,44.906,-110.3872,1912.6,1999,te,3,4,223,257.926,71.72,28.28,87.5862069,12.4137931,0,223,,,55480,4420
sr,44.906,-110.3872,1912.6,1999,te,3,5,223,204.562,75.22,24.78,90.43478261,9.565217391,0,223,,,55480,4420
sr,44.906,-110.3872,1912.6,1999,te,3,6,223,234.8016,83.33,16.67,98.86363636,1.136363636,0,223,,,55480,4420
sr,44.906,-110.3872,1912.6,1999,te,4,1,252,184.9952,50,50,100,0,0,252,,,55480,4420
sr,44.906,-110.3872,1912.6,1999,te,4,2,252,202.7832,85.96,14.04,87.28070175,12.71929825,0,252,,,55480,4420
sr,44.906,-110.3872,1912.6,1999,te,4,3,252,201.8938,70.04,29.96,96.03524229,3.964757709,0,252,,,55480,4420
sr,44.906,-110.3872,1912.6,1999,te,4,4,252,241.9168,78.31,21.69,94.85294118,5.147058824,0,252,,,55480,4420
sr,44.906,-110.3872,1912.6,1999,te,4,5,252,266.82,76.33,23.67,91.66666667,8.333333333,0,252,,,55480,4420
sr,44.906,-110.3872,1912.6,1999,te,4,6,252,206.3408,54.31,45.69,95.25862069,4.74137931,0,252,,,55480,4420
sr,44.906,-110.3872,1912.6,2000,te,1,1,142,127.1842,99.3,0.7,97.9020979,2.097902098,0,142,,,55480,4420
sr,44.906,-110.3872,1912.6,2000,te,1,2,142,149.4192,100,0,94.64285714,5.357142857,0,142,,,55480,4420
sr,44.906,-110.3872,1912.6,2000,te,1,3,142,158.3132,97.75,2.25,88.76404494,11.23595506,0,142,,,55480,4420
sr,44.906,-110.3872,1912.6,2000,te,1,4,142,225.0182,100,0,90.11857708,9.881422925,0,142,,,55480,4420
sr,44.906,-110.3872,1912.6,2000,te,1,5,142,168.986,100,0,92.10526316,7.894736842,0,142,,,55480,4420
sr,44.906,-110.3872,1912.6,2000,te,1,6,142,186.774,94.29,5.71,96.19047619,3.80952381,0,142,,,55480,4420
sr,44.906,-110.3872,1912.6,2000,te,2,1,171,210.7878,100,0,97.0464135,2.953586498,0,171,,,55480,4420
sr,44.906,-110.3872,1912.6,2000,te,2,2,171,261.4836,99.66,0.34,84.01360544,15.98639456,0,171,,,55480,4420
sr,44.906,-110.3872,1912.6,2000,te,2,3,171,303.2854,100,0,82.69794721,17.30205279,0,171,,,55480,4420
sr,44.906,-110.3872,1912.6,2000,te,2,4,171,345.9766,97.69,2.31,87.66066838,12.33933162,0,171,,,55480,4420
sr,44.906,-110.3872,1912.6,2000,te,2,5,171,418.018,99.15,0.85,83.40425532,16.59574468,0,171,,,55480,4420
sr,44.906,-110.3872,1912.6,2000,te,2,6,171,385.1102,97.46,2.54,80.13856813,19.86143187,0,171,,,55480,4420
sr,44.906,-110.3872,1912.6,2000,te,3,1,187,173.433,97.44,2.56,100,0,0,187,,,55480,4420
sr,44.906,-110.3872,1912.6,2000,te,3,2,187,274.8246,94.5,5.5,91.90938511,8.090614887,0,187,,,55480,4420
sr,44.906,-110.3872,1912.6,2000,te,3,3,187,347.7554,100,0,74.93606138,25.06393862,0,187,,,55480,4420
sr,44.906,-110.3872,1912.6,2000,te,3,4,187,308.6218,97.12,2.88,90.48991354,9.510086455,0,187,,,55480,4420
sr,44.906,-110.3872,1912.6,2000,te,3,5,187,331.7462,97.32,2.68,77.74798928,22.25201072,0,187,,,55480,4420
sr,44.906,-110.3872,1912.6,2000,te,3,6,187,299.7278,100,0,84.86646884,15.13353116,0,187,,,55480,4420
sr,44.906,-110.3872,1912.6,2000,te,4,1,215,179.6588,54.46,45.54,100,0,0,215,,,55480,4420
sr,44.906,-110.3872,1912.6,2000,te,4,2,215,310.4006,82.81,17.19,85.38681948,14.61318052,0,215,,,55480,4420
sr,44.906,-110.3872,1912.6,2000,te,4,3,215,207.2302,75.97,24.03,80.25751073,19.74248927,0,215,,,55480,4420
sr,44.906,-110.3872,1912.6,2000,te,4,4,215,261.4836,78.91,21.09,73.80952381,26.19047619,0,215,,,55480,4420
sr,44.906,-110.3872,1912.6,2000,te,4,5,215,269.4882,78.22,21.78,91.41914191,8.580858086,0,215,,,55480,4420
sr,44.906,-110.3872,1912.6,2000,te,4,6,215,238.3592,72.76,27.24,91.04477612,8.955223881,0,215,,,55480,4420
sr,44.906,-110.3872,1912.6,2000,te,5,1,241,220.5712,22.58,77.42,99.19354839,0.806451613,0,241,,,55480,4420
sr,44.906,-110.3872,1912.6,2000,te,5,2,241,240.138,60.74,39.26,100,0,0,241,,,55480,4420
sr,44.906,-110.3872,1912.6,2000,te,5,3,241,218.7924,69.92,30.08,94.30894309,5.691056911,0,241,,,55480,4420
sr,44.906,-110.3872,1912.6,2000,te,5,4,241,283.7186,29.78,70.22,95.29780564,4.702194357,0,241,,,55480,4420
sr,44.906,-110.3872,1912.6,2000,te,5,5,241,281.0504,48.1,51.9,94.93670886,5.063291139,0,241,,,55480,4420
sr,44.906,-110.3872,1912.6,2000,te,5,6,241,256.1472,78.47,21.53,93.40277778,6.597222222,0,241,,,55480,4420
sr,44.906,-110.3872,1912.6,2000,te,6,1,270,200.115,10.22,89.78,100,0,0,270,,,55480,4420
sr,44.906,-110.3872,1912.6,2000,te,6,2,270,232.1334,24.14,75.86,100,0,0,270,,,55480,4420
sr,44.906,-110.3872,1912.6,2000,te,6,3,270,225.0182,26.48,73.52,99.20948617,0.790513834,0,270,,,55480,4420
sr,44.906,-110.3872,1912.6,2000,te,6,4,270,244.585,24,76,92.36363636,7.636363636,0,270,,,55480,4420
sr,44.906,-110.3872,1912.6,2000,te,6,5,270,321.9628,27.35,72.65,97.51381215,2.486187845,0,270,,,55480,4420
sr,44.906,-110.3872,1912.6,2000,te,6,6,270,325.5204,17.21,82.79,97.26775956,2.732240437,0,270,,,55480,4420
sr,44.906,-110.3872,1912.6,2000,te,7,1,291,203.6726,2.62,97.38,100,0,0,291,,,55480,4420
sr,44.906,-110.3872,1912.6,2000,te,7,2,291,241.9168,1.47,98.53,99.63235294,0.367647059,0,291,,,55480,4420
sr,44.906,-110.3872,1912.6,2000,te,7,3,291,220.5712,6.85,93.15,93.9516129,6.048387097,0,291,,,55480,4420
sr,44.906,-110.3872,1912.6,2000,te,7,4,291,247.2532,6.47,93.53,100,0,0,291,,,55480,4420
sr,44.906,-110.3872,1912.6,2000,te,7,5,291,278.3822,1.6,98.4,99.68051118,0.319488818,0,291,,,55480,4420
sr,44.906,-110.3872,1912.6,2000,te,7,6,291,253.479,3.86,96.14,98.94736842,1.052631579,0,291,,,55480,4420
sr,44.906,-110.3872,1912.6,2001,te,1,1,143,,,,,,,143,,,55480,4420
sr,44.906,-110.3872,1912.6,2001,te,1,2,143,81.8248,94.57,5.43,93.47826087,6.52173913,0,143,,,55480,4420
sr,44.906,-110.3872,1912.6,2001,te,1,3,143,189.4422,97.65,2.35,86.85446009,13.14553991,0,143,,,55480,4420
sr,44.906,-110.3872,1912.6,2001,te,1,4,143,171.6542,96.89,3.11,90.67357513,9.32642487,0,143,,,55480,4420
sr,44.906,-110.3872,1912.6,2001,te,1,5,143,157.4238,97.74,2.26,92.09039548,7.90960452,0,143,,,55480,4420
sr,44.906,-110.3872,1912.6,2001,te,1,6,143,155.645,80.57,19.43,97.14285714,2.857142857,0,143,,,55480,4420
sr,44.906,-110.3872,1912.6,2001,te,2,1,178,268.5988,96.36,3.64,87.74834437,12.25165563,0,178,,,55480,4420
sr,44.906,-110.3872,1912.6,2001,te,2,2,178,354.8706,96.99,3.01,77.94486216,22.05513784,0,178,,,55480,4420
sr,44.906,-110.3872,1912.6,2001,te,2,3,178,400.23,96.89,3.11,94,6,0,178,,,55480,4420
sr,44.906,-110.3872,1912.6,2001,te,2,4,178,323.7416,98.08,1.92,76.0989011,23.9010989,0,178,,,55480,4420
sr,44.906,-110.3872,1912.6,2001,te,2,5,178,432.2484,99.18,0.82,87.65432099,12.34567901,0,178,,,55480,4420
sr,44.906,-110.3872,1912.6,2001,te,2,6,178,286.3868,98.76,1.24,81.67701863,18.32298137,0,178,,,55480,4420
sr,44.906,-110.3872,1912.6,2001,te,3,1,206,372.6586,84.25,15.75,96.65871122,3.341288783,0,206,,,55480,4420
sr,44.906,-110.3872,1912.6,2001,te,3,2,206,230.3546,77.99,22.01,98.06949807,1.930501931,0,206,,,55480,4420
sr,44.906,-110.3872,1912.6,2001,te,3,3,206,310.4006,82.52,17.48,90.54441261,9.455587393,0,206,,,55480,4420
sr,44.906,-110.3872,1912.6,2001,te,3,4,206,211.6772,80.67,19.33,95.37815126,4.621848739,0,206,,,55480,4420
sr,44.906,-110.3872,1912.6,2001,te,3,5,206,421.5756,93.46,6.54,88.18565401,11.81434599,0,206,,,55480,4420
sr,44.906,-110.3872,1912.6,2001,te,3,6,206,329.078,93.78,6.22,97.2972973,2.702702703,0,206,,,55480,4420
sr,44.906,-110.3872,1912.6,2001,te,4,1,234,278.3822,30.67,69.33,,,,234,,,55480,4420
sr,44.906,-110.3872,1912.6,2001,te,4,2,234,236.5804,24.81,75.19,,,,234,,,55480,4420
sr,44.906,-110.3872,1912.6,2001,te,4,3,234,188.5528,28.77,71.23,,,,234,,,55480,4420
sr,44.906,-110.3872,1912.6,2001,te,4,4,234,210.7878,40.51,59.49,,,,234,,,55480,4420
sr,44.906,-110.3872,1912.6,2001,te,4,5,234,171.6542,17.1,82.9,,,,234,,,55480,4420
sr,44.906,-110.3872,1912.6,2001,te,4,6,234,220.5712,25.4,74.6,,,,234,,,55480,4420
sr,44.906,-110.3872,1912.6,2001,te,5,1,260,392.2254,15.42,84.58,,,,260,,,55480,4420
sr,44.906,-110.3872,1912.6,2001,te,5,2,260,254.3684,19.93,80.07,,,,260,,,55480,4420
sr,44.906,-110.3872,1912.6,2001,te,5,3,260,216.1242,15.64,84.36,,,,260,,,55480,4420
sr,44.906,-110.3872,1912.6,2001,te,5,4,260,506.0686,26.01,73.99,,,,260,,,55480,4420
sr,44.906,-110.3872,1912.6,2001,te,5,5,260,264.1518,16.5,83.5,,,,260,,,55480,4420
sr,44.906,-110.3872,1912.6,2001,te,5,6,260,274.8246,21.68,78.32,,,,260,,,55480,4420
ssr,44.906,-110.3856,1912.6,2012,te,1,1,129,66.705,100,0,98.66666667,1.333333333,0,,,,47220,4190
ssr,44.906,-110.3856,1912.6,2012,te,1,2,129,102.281,99.13,0.87,98.26086957,1.739130435,0,,,,47220,4190
ssr,44.906,-110.3856,1912.6,2012,te,1,3,129,156.5344,95.45,4.55,98.29545455,1.704545455,0,,,,47220,4190
ssr,44.906,-110.3856,1912.6,2012,te,1,4,129,107.6174,96.69,3.31,95.8677686,4.132231405,0,,,,47220,4190
ssr,44.906,-110.3856,1912.6,2012,te,1,5,129,80.9354,100,0,98.9010989,1.098901099,0,,,,47220,4190
ssr,44.906,-110.3856,1912.6,2012,te,1,6,129,80.046,93.33,6.67,96.66666667,3.333333333,0,,,,47220,4190
ssr,44.906,-110.3856,1912.6,2012,te,2,1,176,172.5436,83.51,16.49,97.93814433,2.06185567,0,,,,47220,4190
ssr,44.906,-110.3856,1912.6,2012,te,2,2,176,217.903,82.86,17.14,98.7755102,1.224489796,0,,,,47220,4190
ssr,44.906,-110.3856,1912.6,2012,te,2,3,176,208.1196,88.89,11.11,96.58119658,3.418803419,0,,,,47220,4190
ssr,44.906,-110.3856,1912.6,2012,te,2,4,176,240.138,85.19,14.81,94.07407407,5.925925926,0,,,,47220,4190
ssr,44.906,-110.3856,1912.6,2012,te,2,5,176,211.6772,87.82,12.18,92.85714286,7.142857143,0,,,,47220,4190
ssr,44.906,-110.3856,1912.6,2012,te,2,6,176,321.9628,87.29,12.71,97.79005525,2.209944751,0,,,,47220,4190
ssr,44.906,-110.3856,1912.6,2012,te,3,1,206,247.2532,74.82,25.18,92.08633094,7.913669065,0,,,,47220,4190
ssr,44.906,-110.3856,1912.6,2012,te,3,2,206,193.8892,60.55,39.45,95.41284404,4.587155963,0,,,,47220,4190
ssr,44.906,-110.3856,1912.6,2012,te,3,3,206,325.5204,66.12,33.88,97.81420765,2.18579235,0,,,,47220,4190
ssr,44.906,-110.3856,1912.6,2012,te,3,4,206,225.9076,69.29,30.71,95.27559055,4.724409449,0,,,,47220,4190
ssr,44.906,-110.3856,1912.6,2012,te,3,5,206,195.668,72.73,27.27,100,0,0,,,,47220,4190
ssr,44.906,-110.3856,1912.6,2012,te,3,6,206,318.4052,58.66,41.34,94.41340782,5.586592179,0,,,,47220,4190
ssr,44.906,-110.3856,1912.6,2012,te,4,1,234,270.3776,28.29,71.71,98.02631579,1.315789474,0.653594771,,,,47220,4190
ssr,44.906,-110.3856,1912.6,2012,te,4,2,234,224.1288,39.68,60.32,96.82539683,3.174603175,0,,,,47220,4190
ssr,44.906,-110.3856,1912.6,2012,te,4,3,234,313.0688,17.05,82.95,93.18181818,6.818181818,0,,,,47220,4190
ssr,44.906,-110.3856,1912.6,2012,te,4,4,234,250.8108,33.33,66.67,98.58156028,1.418439716,0,,,,47220,4190
ssr,44.906,-110.3856,1912.6,2012,te,4,5,234,249.032,25.71,74.29,96.42857143,3.571428571,0,,,,47220,4190
ssr,44.906,-110.3856,1912.6,2012,te,4,6,234,259.7048,34.25,65.75,99.31506849,0.684931507,0,,,,47220,4190
ssr,44.906,-110.3856,1912.6,2012,te,5,1,262,90.7188,17.65,82.35,98.03921569,1.960784314,0,,,,47220,4190
ssr,44.906,-110.3856,1912.6,2012,te,5,2,262,257.926,12.41,87.59,99.31034483,0.689655172,0,,,,47220,4190
ssr,44.906,-110.3856,1912.6,2012,te,5,3,262,170.7648,15.63,84.38,97.91666667,2.083333333,0,,,,47220,4190
ssr,44.906,-110.3856,1912.6,2013,te,1,1,151,130.7418,97.28,2.72,97.95918367,2.040816327,0,151,,,47220,4190
ssr,44.906,-110.3856,1912.6,2013,te,1,2,151,104.0598,99.15,0.85,93.16239316,6.837606838,0,151,,,47220,4190
ssr,44.906,-110.3856,1912.6,2013,te,1,3,151,139.6358,98.09,1.91,97.4522293,2.547770701,0,151,,,47220,4190
ssr,44.906,-110.3856,1912.6,2013,te,1,4,151,72.0414,97.53,2.47,97.5308642,2.469135802,0,151,,,47220,4190
ssr,44.906,-110.3856,1912.6,2013,te,2,1,178,105.8386,99.16,0.84,95.79831933,4.201680672,0,178,,,47220,4190
ssr,44.906,-110.3856,1912.6,2013,te,2,2,178,95.1658,91.59,8.41,85.98130841,14.01869159,0,178,,,47220,4190
ssr,44.906,-110.3856,1912.6,2013,te,2,3,178,101.3916,91.23,8.77,100,0,0,178,,,47220,4190
ssr,44.906,-110.3856,1912.6,2013,te,2,4,178,99.6128,98.21,1.79,96.42857143,3.571428571,0,178,,,47220,4190
ssr,44.906,-110.3856,1912.6,2013,te,2,5,178,73.8202,91.57,8.43,100,0,0,178,,,47220,4190
ssr,44.906,-110.3856,1912.6,2013,te,2,6,178,154.7556,100,0,69.54022989,30.45977011,0,178,,,47220,4190
ssr,44.906,-110.3856,1912.6,2013,te,3,1,206,72.0414,70.37,29.63,91.35802469,8.641975309,0,206,,,47220,4190
ssr,44.906,-110.3856,1912.6,2013,te,3,2,206,63.1474,43.66,56.34,91.54929577,8.450704225,0,206,,,47220,4190
ssr,44.906,-110.3856,1912.6,2013,te,3,3,206,79.1566,52.81,47.19,94.38202247,5.617977528,0,206,,,47220,4190
ssr,44.906,-110.3856,1912.6,2013,te,3,4,206,80.9354,56.04,43.96,100,0,0,206,,,47220,4190
ssr,44.906,-110.3856,1912.6,2013,te,3,5,206,112.0644,76.19,23.81,96.03174603,3.968253968,0,206,,,47220,4190
ssr,44.906,-110.3856,1912.6,2013,te,3,6,206,76.4884,53.49,46.51,93.02325581,6.976744186,0,206,,,47220,4190
ssr,44.906,-110.3856,1912.6,2013,te,4,1,233,69.3732,23.08,76.92,100,0,0,233,,,47220,4190
ssr,44.906,-110.3856,1912.6,2013,te,4,2,233,80.9354,25.27,74.73,97.8021978,2.197802198,0,233,,,47220,4190
ssr,44.906,-110.3856,1912.6,2013,te,4,3,233,79.1566,25.84,74.16,97.75280899,2.247191011,0,233,,,47220,4190
ssr,44.906,-110.3856,1912.6,2013,te,4,4,233,104.9492,4.24,95.76,100,0,0,233,,,47220,4190
ssr,44.906,-110.3856,1912.6,2013,te,4,5,233,66.705,29.33,70.67,97.33333333,2.666666667,0,233,,,47220,4190
ssr,44.906,-110.3856,1912.6,2013,te,4,6,233,56.9216,15.63,84.38,100,0,0,233,,,47220,4190
ssr,44.906,-110.3856,1912.6,2013,te,5,1,261,56.9216,28.13,71.88,96.875,3.125,0,261,,,47220,4190
ssr,44.906,-110.3856,1912.6,2013,te,5,2,261,64.9262,19.18,80.82,97.26027397,2.739726027,0,261,,,47220,4190
ssr,44.906,-110.3856,1912.6,2013,te,5,3,261,39.1336,4.55,95.45,100,0,0,261,,,47220,4190
ssr,44.906,-110.3856,1912.6,2013,te,5,4,261,41.8018,8.51,91.49,100,0,0,261,,,47220,4190
ssr,44.906,-110.3856,1912.6,2013,te,5,5,261,55.1428,24.19,75.81,100,0,0,261,,,47220,4190
ssr,44.906,-110.3856,1912.6,2013,te,5,6,261,26.682,6.67,93.33,100,0,0,261,,,47220,4190
swale,44.818,-110.1288,1912.6,1988,te,1,1,166,440.52325,100,0,65.94663278,34.05336722,0,,,,100660,7000
swale,44.818,-110.1288,1912.6,1988,te,1,2,166,213.26475,100,0,76.90288714,23.09711286,0,,,,100660,7000
swale,44.818,-110.1288,1912.6,1988,te,1,3,166,257.485,100,0,71.95652174,28.04347826,0,,,,100660,7000
swale,44.818,-110.1288,1912.6,1988,te,1,4,166,288.831,100,0,76.74418605,23.25581395,0,,,,100660,7000
swale,44.818,-110.1288,1912.6,1988,te,1,5,166,196.47225,100,0,71.22507123,28.77492877,0,,,,100660,7000
swale,44.818,-110.1288,1912.6,1988,te,1,6,166,263.64225,100,0,72.39915074,27.60084926,0,,,,100660,7000
swale,44.818,-110.1288,1912.6,1988,te,2,1,194,207.1075,94.05,5.95,64.86486486,35.13513514,0,,,,100660,7000
swale,44.818,-110.1288,1912.6,1988,te,2,2,194,163.447,98.63,1.37,81.50684932,18.49315068,0,,,,100660,7000
swale,44.818,-110.1288,1912.6,1988,te,2,3,194,190.315,96.47,3.53,74.70588235,25.29411765,0,,,,100660,7000
swale,44.818,-110.1288,1912.6,1988,te,2,4,194,296.6675,94.72,5.28,81.50943396,18.49056604,0,,,,100660,7000
swale,44.818,-110.1288,1912.6,1988,te,2,5,194,163.447,94.52,5.48,82.19178082,17.80821918,0,,,,100660,7000
swale,44.818,-110.1288,1912.6,1988,te,3,1,236,66.0505,27.97,72.03,82.20338983,17.79661017,0,,,,100660,7000
swale,44.818,-110.1288,1912.6,1988,te,3,2,236,109.711,42.86,57.14,80.6122449,19.3877551,0,,,,100660,7000
swale,44.818,-110.1288,1912.6,1988,te,3,3,236,84.52225,25.83,74.17,94.0397351,5.960264901,0,,,,100660,7000
swale,44.818,-110.1288,1912.6,1988,te,3,4,236,152.252,27.21,72.79,89.70588235,10.29411765,0,,,,100660,7000
swale,44.818,-110.1288,1912.6,1988,te,3,5,236,81.7235,57.53,42.47,63.01369863,36.98630137,0,,,,100660,7000
swale,44.818,-110.1288,1912.6,1988,te,3,6,236,162.3275,30.34,69.66,94.48275862,5.517241379,0,,,,100660,7000
swale,44.818,-110.1288,1912.6,1988,te,4,1,263,120.906,1.85,98.15,95.37037037,4.62962963,0,,,,100660,7000
swale,44.818,-110.1288,1912.6,1988,te,4,2,263,148.8935,3.76,96.24,90.97744361,9.022556391,0,,,,100660,7000
swale,44.818,-110.1288,1912.6,1988,te,4,3,263,66.0505,8.47,91.53,89.83050847,10.16949153,0,,,,100660,7000
swale,44.818,-110.1288,1912.6,1988,te,4,4,263,158.969,2.82,97.18,92.25352113,7.746478873,0,,,,100660,7000
swale,44.818,-110.1288,1912.6,1988,te,4,5,263,118.667,8.49,91.51,92.45283019,7.547169811,0,,,,100660,7000
swale,44.818,-110.1288,1912.6,1988,te,4,6,263,104.1135,0,100,78.49462366,21.50537634,0,,,,100660,7000
swale,44.818,-110.1288,1912.6,1989,te,1,1,157,118.667,100,0,68.86792453,31.13207547,0,,,,100660,7000
swale,44.818,-110.1288,1912.6,1989,te,1,2,157,183.598,100,0,53.65853659,46.34146341,0,,,,100660,7000
swale,44.818,-110.1288,1912.6,1989,te,1,3,157,182.4785,100,0,66.25766871,33.74233129,0,,,,100660,7000
swale,44.818,-110.1288,1912.6,1989,te,1,4,157,143.296,100,0,60.9375,39.0625,0,,,,100660,7000
swale,44.818,-110.1288,1912.6,1989,te,1,5,157,237.334,100,0,61.79245283,38.20754717,0,,,,100660,7000
swale,44.818,-110.1288,1912.6,1989,te,1,6,157,109.711,100,0,74.48979592,25.51020408,0,,,,100660,7000
swale,44.818,-110.1288,1912.6,1989,te,2,1,184,234.53525,100,0,55.3699284,44.6300716,0,,,,100660,7000
swale,44.818,-110.1288,1912.6,1989,te,2,2,184,270.919,99.59,0.41,61.15702479,38.84297521,0,,,,100660,7000
swale,44.818,-110.1288,1912.6,1989,te,2,3,184,208.227,97.85,2.15,67.20430108,32.79569892,0,,,,100660,7000
swale,44.818,-110.1288,1912.6,1989,te,2,4,184,238.4535,100,0,69.95305164,30.04694836,0,,,,100660,7000
swale,44.818,-110.1288,1912.6,1989,te,2,5,184,188.076,95.83,4.17,72.61904762,27.38095238,0,,,,100660,7000
swale,44.818,-110.1288,1912.6,1989,te,2,6,184,195.9125,100,0,58.85714286,41.14285714,0,,,,100660,7000
swale,44.818,-110.1288,1912.6,1989,te,5,1,269,92.9185,92.77,7.23,92.77108434,7.228915663,0,,,,100660,7000
swale,44.818,-110.1288,1912.6,1989,te,5,2,269,105.233,76.06,23.94,88.82978723,11.17021277,0,,,,100660,7000
swale,44.818,-110.1288,1912.6,1989,te,5,3,269,99.6355,76.4,23.6,96.62921348,3.370786517,0,,,,100660,7000
swale,44.818,-110.1288,1912.6,1989,te,5,4,269,113.0695,82.18,17.82,76.23762376,23.76237624,0,,,,100660,7000
swale,44.818,-110.1288,1912.6,1989,te,5,5,269,99.07575,69.49,30.51,72.88135593,27.11864407,0,,,,100660,7000
swale,44.818,-110.1288,1912.6,1989,te,5,6,269,101.31475,86.74,13.26,91.71270718,8.287292818,0,,,,100660,7000
ucm,44.809,-110.1127,1912.6,1988,te,1,1,179,259.37583,100,0,93.58178054,6.418219462,0,,,,98980,8000
ucm,44.809,-110.1127,1912.6,1988,te,1,2,179,207.28586,100,0,94.81865285,5.18134715,0,,,,98980,8000
ucm,44.809,-110.1127,1912.6,1988,te,1,3,179,260.44985,100,0,97.73195876,2.268041237,0,,,,98980,8000
ucm,44.809,-110.1127,1912.6,1988,te,1,4,179,279.2452,100,0,71.92307692,28.07692308,0,,,,98980,8000
ucm,44.809,-110.1127,1912.6,1988,te,1,5,179,265.28294,100,0,74.89878543,25.10121457,0,,,,98980,8000
ucm,44.809,-110.1127,1912.6,1988,te,1,6,179,432.83006,100,0,94.78908189,5.210918114,0,,,,98980,8000
ucm,44.809,-110.1127,1912.6,1988,te,2,1,216,135.32652,12.7,87.3,94.44444444,5.555555556,0,,,,98980,8000
ucm,44.809,-110.1127,1912.6,1988,te,2,2,216,117.06818,36.7,63.3,89.90825688,10.09174312,0,,,,98980,8000
ucm,44.809,-110.1127,1912.6,1988,te,2,3,216,208.35988,48.97,51.03,100,0,0,,,,98980,8000
ucm,44.809,-110.1127,1912.6,1988,te,2,4,216,131.03044,83.61,16.39,78.68852459,21.31147541,0,,,,98980,8000
ucm,44.809,-110.1127,1912.6,1988,te,2,5,216,153.04785,76.14,23.86,79.64912281,20.35087719,0,,,,98980,8000
ucm,44.809,-110.1127,1912.6,1988,te,2,6,216,235.21038,40.18,59.82,95.89041096,4.109589041,0,,,,98980,8000
ucm,44.809,-110.1127,1912.6,1988,te,3,1,243,92.36572,5.81,94.19,94.18604651,5.813953488,0,,,,98980,8000
ucm,44.809,-110.1127,1912.6,1988,te,3,2,243,181.50938,8.88,91.12,98.81656805,1.183431953,0,,,,98980,8000
ucm,44.809,-110.1127,1912.6,1988,te,3,3,243,179.36134,13.17,86.83,93.41317365,6.586826347,0,,,,98980,8000
ucm,44.809,-110.1127,1912.6,1988,te,3,4,243,108.47602,37.62,62.38,93.06930693,6.930693069,0,,,,98980,8000
ucm,44.809,-110.1127,1912.6,1988,te,3,5,243,93.43974,19.54,80.46,83.90804598,16.09195402,0,,,,98980,8000
ucm,44.809,-110.1127,1912.6,1988,te,3,6,243,100.95788,13.83,86.17,91.4893617,8.510638298,0,,,,98980,8000
ucm,44.809,-110.1127,1912.6,1988,te,4,1,277,161.103,0,100,99.33333333,0.666666667,0,,,,98980,8000
ucm,44.809,-110.1127,1912.6,1988,te,4,2,277,177.2133,0,100,100,0,0,,,,98980,8000
ucm,44.809,-110.1127,1912.6,1988,te,4,3,277,139.6226,0.77,99.23,96.92307692,3.076923077,0,,,,98980,8000
ucm,44.809,-110.1127,1912.6,1988,te,4,4,277,113.84612,0.94,99.06,97.16981132,2.830188679,0,,,,98980,8000
ucm,44.809,-110.1127,1912.6,1988,te,4,5,277,199.76772,0,100,94.08602151,5.913978495,0,,,,98980,8000
ucm,44.809,-110.1127,1912.6,1989,te,1,1,177,207.82287,98.45,1.55,64.85788114,35.14211886,0,,,,98980,8000
ucm,44.809,-110.1127,1912.6,1989,te,1,2,177,158.95496,96.96,3.04,68.24324324,31.75675676,0,,,,98980,8000
ucm,44.809,-110.1127,1912.6,1989,te,1,3,177,273.8751,100,0,80,20,0,,,,98980,8000
ucm,44.809,-110.1127,1912.6,1989,te,1,4,177,161.64001,100,0,67.77408638,32.22591362,0,,,,98980,8000
ucm,44.809,-110.1127,1912.6,1989,te,1,5,177,171.8432,100,0,68.125,31.875,0,,,,98980,8000
ucm,44.809,-110.1127,1912.6,1989,te,1,6,177,216.41503,100,0,73.94540943,26.05459057,0,,,,98980,8000
ucm,44.809,-110.1127,1912.6,1989,te,2,1,205,198.6937,87.84,12.16,83.78378378,16.21621622,0,,,,98980,8000
ucm,44.809,-110.1127,1912.6,1989,te,2,2,205,283.54128,92.05,7.95,81.81818182,18.18181818,0,,,,98980,8000
ucm,44.809,-110.1127,1912.6,1989,te,2,3,205,155.19589,96.89,3.11,53.97923875,46.02076125,0,,,,98980,8000
ucm,44.809,-110.1127,1912.6,1989,te,2,4,205,188.49051,92.31,7.69,59.25925926,40.74074074,0,,,,98980,8000
ucm,44.809,-110.1127,1912.6,1989,te,2,5,205,176.13928,84.45,15.55,91.76829268,8.231707317,0,,,,98980,8000
ucm,44.809,-110.1127,1912.6,1989,te,4,1,262,82.69954,12.99,87.01,72.72727273,27.27272727,0,,,,98980,8000
ucm,44.809,-110.1127,1912.6,1989,te,4,2,262,132.10446,34.15,65.85,75.6097561,24.3902439,0,,,,98980,8000
ucm,44.809,-110.1127,1912.6,1989,te,4,3,262,164.32506,22.22,77.78,88.23529412,11.76470588,0,,,,98980,8000
ucm,44.809,-110.1127,1912.6,1989,te,4,4,262,107.93901,46.27,53.73,86.56716418,13.43283582,0,,,,98980,8000
ucm,44.809,-110.1127,1912.6,1989,te,4,5,262,92.36572,18.6,81.4,83.72093023,16.27906977,0,,,,98980,8000
ucm,44.809,-110.1127,1912.6,1989,te,4,6,262,104.17994,28.87,71.13,94.84536082,5.154639175,0,,,,98980,8000
usg,44.81,-110.1127,1912.6,1988,te,1,1,182,130.5536,100,0,63.75,36.25,0,,,,66370,5000
usg,44.81,-110.1127,1912.6,1988,te,1,2,182,106.89076,100,0,41.60305344,58.39694656,0,,,,66370,5000
usg,44.81,-110.1127,1912.6,1988,te,1,3,182,106.48278,100,0,66.66666667,33.33333333,0,,,,66370,5000
usg,44.81,-110.1127,1912.6,1988,te,1,4,182,41.61396,100,0,69.60784314,30.39215686,0,,,,66370,5000
usg,44.81,-110.1127,1912.6,1988,te,1,5,182,105.66682,100,0,54.82625483,45.17374517,0,,,,66370,5000
usg,44.81,-110.1127,1912.6,1988,te,1,6,182,109.74662,99.26,0.74,45.35315985,54.64684015,0,,,,66370,5000
usg,44.81,-110.1127,1912.6,1988,te,2,1,216,109.33864,62.69,37.31,85.07462687,14.92537313,0,,,,66370,5000
usg,44.81,-110.1127,1912.6,1988,te,2,2,216,53.85336,80.3,19.7,48.48484848,50,1.492537313,,,,66370,5000
usg,44.81,-110.1127,1912.6,1988,te,2,3,216,48.14164,81.36,18.64,62.71186441,37.28813559,0,,,,66370,5000
usg,44.81,-110.1127,1912.6,1988,te,2,4,216,65.2768,67.5,32.5,70,30,0,,,,66370,5000
usg,44.81,-110.1127,1912.6,1988,te,2,5,216,101.995,67.2,32.8,70.4,29.6,0,,,,66370,5000
usg,44.81,-110.1127,1912.6,1988,te,2,6,216,100.36308,75.61,24.39,65.85365854,34.14634146,0,,,,66370,5000
usg,44.81,-110.1127,1912.6,1988,te,2,1,216,48.9576,86.67,13.33,55,45,0,,,,66370,5000
usg,44.81,-110.1127,1912.6,1988,te,2,2,216,30.19052,86.49,13.51,56.75675676,43.24324324,0,,,,66370,5000
usg,44.81,-110.1127,1912.6,1988,te,2,3,216,60.38104,33.78,66.22,90.54054054,9.459459459,0,,,,66370,5000
usg,44.81,-110.1127,1912.6,1988,te,2,4,216,39.98204,44.9,55.1,73.46938776,26.53061224,0,,,,66370,5000
usg,44.81,-110.1127,1912.6,1988,te,2,5,216,44.06184,64.81,35.19,22.22222222,77.77777778,0,,,,66370,5000
usg,44.81,-110.1127,1912.6,1988,te,2,6,216,70.17256,47.67,52.33,67.44186047,32.55813953,0,,,,66370,5000
usg,44.81,-110.1127,1912.6,1988,te,3,1,243,35.90224,69.32,30.68,61.83206107,38.16793893,0,,,,66370,5000
usg,44.81,-110.1127,1912.6,1988,te,3,2,243,23.66284,65.52,34.48,62.5,37.5,0,,,,66370,5000
usg,44.81,-110.1127,1912.6,1988,te,3,3,243,4.89576,66.67,33.33,97.2972973,2.702702703,0,,,,66370,5000
usg,44.81,-110.1127,1912.6,1988,te,3,4,243,21.21496,50,50,75.40983607,24.59016393,0,,,,66370,5000
usg,44.81,-110.1127,1912.6,1988,te,3,5,243,22.03092,51.85,48.15,57.69230769,42.30769231,0,,,,66370,5000
usg,44.81,-110.1127,1912.6,1988,te,3,6,243,17.95112,68.18,31.82,86.48648649,13.51351351,0,,,,66370,5000
usg,44.81,-110.1127,1912.6,1988,te,4,1,279,47.32568,6.9,93.1,91.37931034,8.620689655,0,,,,66370,5000
usg,44.81,-110.1127,1912.6,1988,te,4,2,279,26.11072,0,100,71.875,28.125,0,,,,66370,5000
usg,44.81,-110.1127,1912.6,1988,te,4,3,279,57.93316,0,100,73.23943662,26.76056338,0,,,,66370,5000
usg,44.81,-110.1127,1912.6,1988,te,4,4,279,39.98204,0,100,89.79591837,10.20408163,0,,,,66370,5000
usg,44.81,-110.1127,1912.6,1988,te,4,5,279,37.53416,8.7,91.3,93.47826087,6.52173913,0,,,,66370,5000
usg,44.81,-110.1127,1912.6,1988,te,4,6,279,40.798,8,92,88,12,0,,,,66370,5000
usg,44.81,-110.1127,1912.6,1989,te,1,1,180,108.52268,98.5,1.5,39.09774436,60.90225564,0,,,,66370,5000
usg,44.81,-110.1127,1912.6,1989,te,1,2,180,99.54712,98.36,1.64,54.09836066,45.90163934,0,,,,66370,5000
usg,44.81,-110.1127,1912.6,1989,te,1,3,180,94.65136,100,0,25,72.4137931,2.521008403,,,,66370,5000
usg,44.81,-110.1127,1912.6,1989,te,1,4,180,110.97056,97.06,2.94,55.88235294,44.11764706,0,,,,66370,5000
usg,44.81,-110.1127,1912.6,1989,te,1,5,180,132.18552,98.77,1.23,61.72839506,38.27160494,0,,,,66370,5000
usg,44.81,-110.1127,1912.6,1989,te,1,6,180,97.09924,100,0,25.21008403,74.78991597,0,,,,66370,5000
usg,44.81,-110.1127,1912.6,1989,te,2,1,207,70.98852,70.11,29.89,62.06896552,37.93103448,0,,,,66370,5000
usg,44.81,-110.1127,1912.6,1989,te,2,2,207,77.5162,58.95,41.05,61.05263158,38.94736842,0,,,,66370,5000
usg,44.81,-110.1127,1912.6,1989,te,2,3,207,50.58952,51.61,48.39,41.93548387,58.06451613,0,,,,66370,5000
usg,44.81,-110.1127,1912.6,1989,te,2,4,207,98.73116,92.56,7.44,62.80991736,37.19008264,0,,,,66370,5000
usg,44.81,-110.1127,1912.6,1989,te,2,5,207,67.72468,77.11,22.89,86.74698795,13.25301205,0,,,,66370,5000
usg,44.81,-110.1127,1912.6,1989,te,2,6,207,67.72468,77.11,22.89,69.87951807,30.12048193,0,,,,66370,5000
usg,44.81,-110.1127,1912.6,1989,te,4,1,263,64.46084,44.3,55.7,74.6835443,25.3164557,0,,,,66370,5000
usg,44.81,-110.1127,1912.6,1989,te,4,2,263,40.798,36,64,72,28,0,,,,66370,5000
usg,44.81,-110.1127,1912.6,1989,te,4,3,263,38.35012,36.17,63.83,44.68085106,55.31914894,0,,,,66370,5000
usg,44.81,-110.1127,1912.6,1989,te,4,4,263,57.93316,26.76,73.24,53.52112676,46.47887324,0,,,,66370,5000
usg,44.81,-110.1127,1912.6,1989,te,4,5,263,81.596,19,81,80,20,0,,,,66370,5000
usg,44.81,-110.1127,1912.6,1989,te,4,6,263,61.197,61.33,38.67,81.33333333,18.66666667,0,,,,66370,5000
wden,44.903,-110.3535,1912.6,2012,te,1,1,157,56.0322,89.68,10.32,73.80952381,26.19047619,0,,,,34160,2850
wden,44.903,-110.3535,1912.6,2012,te,1,2,157,100.9469,99.56,0.44,87.66519824,12.33480176,0,,,,34160,2850
wden,44.903,-110.3535,1912.6,2012,te,1,3,157,63.1474,93.66,6.34,69.01408451,30.98591549,0,,,,34160,2850
wden,44.903,-110.3535,1912.6,2012,te,1,4,157,64.4815,85.52,14.48,64.13793103,35.86206897,0,,,,34160,2850
wden,44.903,-110.3535,1912.6,2012,te,1,5,157,76.9331,98.27,1.73,89.01734104,10.98265896,0,,,,34160,2850
wden,44.903,-110.3535,1912.6,2012,te,1,6,157,73.3755,97.58,2.42,71.51515152,28.48484848,0,,,,34160,2850
wden,44.903,-110.3535,1912.6,2012,te,2,1,208,44.47,74,26,58,42,0,,,,34160,2850
wden,44.903,-110.3535,1912.6,2012,te,2,2,208,40.9124,60.87,39.13,85.86956522,14.13043478,0,,,,34160,2850
wden,44.903,-110.3535,1912.6,2012,te,2,3,208,32.9078,74.32,25.68,79.72972973,20.27027027,0,,,,34160,2850
wden,44.903,-110.3535,1912.6,2012,te,2,4,208,48.0276,57.41,42.59,95.37037037,4.62962963,0,,,,34160,2850
wden,44.903,-110.3535,1912.6,2012,te,2,5,208,50.6958,71.93,28.07,88.59649123,11.40350877,0,,,,34160,2850
wden,44.903,-110.3535,1912.6,2012,te,3,1,235,24.9032,28.57,71.43,87.5,12.5,0,,,,34160,2850
wden,44.903,-110.3535,1912.6,2012,te,3,2,235,38.2442,40.7,59.3,86.04651163,13.95348837,0,,,,34160,2850
wden,44.903,-110.3535,1912.6,2012,te,3,3,235,21.7903,40.82,59.18,71.42857143,28.57142857,0,,,,34160,2850
wden,44.903,-110.3535,1912.6,2012,te,3,4,235,44.0253,22.22,77.78,89.8989899,6.060606061,3.883495146,,,,34160,2850
wden,44.903,-110.3535,1912.6,2012,te,3,5,235,35.1313,39.24,60.76,94.93670886,5.063291139,0,,,,34160,2850
wden,44.903,-110.3535,1912.6,2012,te,3,6,235,56.0322,41.27,58.73,84.92063492,15.07936508,0,,,,34160,2850
wden,44.903,-110.3535,1912.6,2012,te,4,1,261,23.1244,19.23,80.77,90.38461538,9.615384615,0,,,,34160,2850
wden,44.903,-110.3535,1912.6,2012,te,4,2,261,36.0207,18.52,81.48,81.48148148,18.51851852,0,,,,34160,2850
wden,44.903,-110.3535,1912.6,2012,te,4,3,261,24.4585,43.64,56.36,61.81818182,38.18181818,0,,,,34160,2850
wden,44.903,-110.3535,1912.6,2012,te,4,4,261,40.023,22.22,77.78,92.22222222,7.777777778,0,,,,34160,2850
wden,44.903,-110.3535,1912.6,2012,te,4,5,261,35.576,30,70,91.25,8.75,0,,,,34160,2850
wden,44.903,-110.3535,1912.6,2012,te,4,6,261,29.7949,35.82,64.18,91.04477612,8.955223881,0,,,,34160,2850
wden,44.903,-110.3535,1912.6,2013,te,1,1,127,16.4539,97.3,2.7,97.2972973,2.702702703,0,127,,,34160,2850
wden,44.903,-110.3535,1912.6,2013,te,1,2,127,27.1267,83.61,16.39,73.7704918,26.2295082,0,127,,,34160,2850
wden,44.903,-110.3535,1912.6,2013,te,1,3,127,12.8963,96.55,3.45,96.55172414,3.448275862,0,127,,,34160,2850
wden,44.903,-110.3535,1912.6,2013,te,1,4,127,18.6774,85.71,14.29,80.95238095,19.04761905,0,127,,,34160,2850
wden,44.903,-110.3535,1912.6,2013,te,1,5,127,24.0138,92.59,7.41,92.59259259,7.407407407,0,127,,,34160,2850
wden,44.903,-110.3535,1912.6,2013,te,1,6,127,24.4585,96.36,3.64,85.45454545,14.54545455,0,127,,,34160,2850
wden,44.903,-110.3535,1912.6,2013,te,2,1,164,43.1359,97.94,2.06,90.72164948,9.278350515,0,164,,,34160,2850
wden,44.903,-110.3535,1912.6,2013,te,2,2,164,50.6958,97.37,2.63,87.71929825,12.28070175,0,164,,,34160,2850
wden,44.903,-110.3535,1912.6,2013,te,2,3,164,77.3778,99.43,0.57,85.05747126,14.94252874,0,164,,,34160,2850
wden,44.903,-110.3535,1912.6,2013,te,2,4,164,38.6889,98.85,1.15,93.10344828,6.896551724,0,164,,,34160,2850
wden,44.903,-110.3535,1912.6,2013,te,2,5,164,64.9262,99.32,0.68,90.4109589,9.589041096,0,164,,,34160,2850
wden,44.903,-110.3535,1912.6,2013,te,2,6,164,57.811,98.46,1.54,86.15384615,13.84615385,0,164,,,34160,2850
wden,44.903,-110.3535,1912.6,2013,te,3,1,184,28.4608,76.56,23.44,95.3125,4.6875,0,184,,,34160,2850
wden,44.903,-110.3535,1912.6,2013,te,3,2,184,36.4654,79.27,20.73,89.02439024,10.97560976,0,184,,,34160,2850
wden,44.903,-110.3535,1912.6,2013,te,3,3,184,40.023,56.67,43.33,96.66666667,3.333333333,0,184,,,34160,2850
wden,44.903,-110.3535,1912.6,2013,te,3,4,184,34.2419,92.21,7.79,96.1038961,3.896103896,0,184,,,34160,2850
wden,44.903,-110.3535,1912.6,2013,te,3,5,184,48.917,80,20,88.18181818,11.81818182,0,184,,,34160,2850
wden,44.903,-110.3535,1912.6,2013,te,3,6,184,23.1244,61.54,38.46,84.61538462,15.38461538,0,184,,,34160,2850
wden,44.903,-110.3535,1912.6,2013,te,4,1,213,32.9078,68.92,31.08,95.94594595,4.054054054,0,213,,,34160,2850
wden,44.903,-110.3535,1912.6,2013,te,4,2,213,13.341,66.67,33.33,56.66666667,43.33333333,0,213,,,34160,2850
wden,44.903,-110.3535,1912.6,2013,te,4,3,213,19.1221,25.58,74.42,100,0,0,213,,,34160,2850
wden,44.903,-110.3535,1912.6,2013,te,4,4,213,22.235,46,54,96,4,0,213,,,34160,2850
wden,44.903,-110.3535,1912.6,2013,te,4,5,213,33.7972,43.42,56.58,96.05263158,3.947368421,0,213,,,34160,2850
wden,44.903,-110.3535,1912.6,2013,te,4,6,213,17.788,42.5,57.5,82.5,17.5,0,213,,,34160,2850
wden,44.903,-110.3535,1912.6,2013,te,5,1,240,32.4631,34.25,65.75,94.52054795,5.479452055,0,240,,,34160,2850
wden,44.903,-110.3535,1912.6,2013,te,5,2,240,15.5645,25.71,74.29,80,20,0,240,,,34160,2850
wden,44.903,-110.3535,1912.6,2013,te,5,3,240,26.2373,22.03,77.97,100,0,0,240,,,34160,2850
wden,44.903,-110.3535,1912.6,2013,te,5,4,240,19.1221,30.23,69.77,93.02325581,6.976744186,0,240,,,34160,2850
wden,44.903,-110.3535,1912.6,2013,te,5,5,240,32.9078,24.32,75.68,98.64864865,1.351351351,0,240,,,34160,2850
wden,44.903,-110.3535,1912.6,2013,te,5,6,240,25.3479,24.56,75.44,80.70175439,19.29824561,0,240,,,34160,2850
